  0
SECTION
  2
HEADER
  9
$ACADVER
  1
AC1006
  9
$DWGCODEPAGE
  3
ansi_1252
  9
$INSBASE
 10
0.0
 20
0.0
 30
0.0
  9
$EXTMIN
 10
1.000000000000000E+20
 20
1.000000000000000E+20
  9
$EXTMAX
 10
-1.000000000000000E+20
 20
-1.000000000000000E+20
  9
$LIMMIN
 10
0.0
 20
0.0
  9
$LIMMAX
 10
12.0
 20
9.0
  9
$ORTHOMODE
 70
     0
  9
$REGENMODE
 70
     1
  9
$FILLMODE
 70
     1
  9
$QTEXTMODE
 70
     0
  9
$MIRRTEXT
 70
     1
  9
$DRAGMODE
 70
     2
  9
$LTSCALE
 40
1.0
  9
$OSMODE
 70
    37
  9
$ATTMODE
 70
     1
  9
$TEXTSIZE
 40
0.2
  9
$TRACEWID
 40
0.05
  9
$TEXTSTYLE
  7
STANDARD
  9
$CLAYER
  8
0
  9
$CELTYPE
  6
BYBLOCK
  9
$CECOLOR
 62
   256
  9
$DIMSCALE
 40
1.0
  9
$DIMASZ
 40
0.18
  9
$DIMEXO
 40
0.0625
  9
$DIMDLI
 40
0.38
  9
$DIMRND
 40
0.0
  9
$DIMDLE
 40
0.0
  9
$DIMEXE
 40
0.18
  9
$DIMTP
 40
0.0
  9
$DIMTM
 40
0.0
  9
$DIMTXT
 40
0.18
  9
$DIMCEN
 40
0.09
  9
$DIMTSZ
 40
0.0
  9
$DIMTOL
 70
     0
  9
$DIMLIM
 70
     0
  9
$DIMTIH
 70
     1
  9
$DIMTOH
 70
     1
  9
$DIMSE1
 70
     0
  9
$DIMSE2
 70
     0
  9
$DIMTAD
 70
     0
  9
$DIMZIN
 70
     0
  9
$DIMBLK
  1

  9
$DIMASO
 70
     1
  9
$DIMSHO
 70
     1
  9
$DIMPOST
  1

  9
$DIMAPOST
  1

  9
$DIMALT
 70
     0
  9
$DIMALTD
 70
     2
  9
$DIMALTF
 40
25.4
  9
$DIMLFAC
 40
1.0
  9
$DIMTOFL
 70
     0
  9
$DIMTVP
 40
0.0
  9
$DIMTIX
 70
     0
  9
$DIMSOXD
 70
     0
  9
$DIMSAH
 70
     0
  9
$DIMBLK1
  1

  9
$DIMBLK2
  1

  9
$LUNITS
 70
     2
  9
$LUPREC
 70
     4
  9
$SKETCHINC
 40
0.1
  9
$FILLETRAD
 40
0.0
  9
$AUNITS
 70
     0
  9
$AUPREC
 70
     0
  9
$MENU
  1
.
  9
$ELEVATION
 40
0.0
  9
$THICKNESS
 40
0.0
  9
$LIMCHECK
 70
     0
  9
$CHAMFERA
 40
0.0
  9
$CHAMFERB
 40
0.0
  9
$SKPOLY
 70
     0
  9
$TDCREATE
 40
2447893.0
  9
$TDUPDATE
 40
2460616.356005069
  9
$TDINDWG
 40
0.0
  9
$TDUSRTIMER
 40
0.0
  9
$USRTIMER
 70
     1
  9
$ANGBASE
 50
0.0
  9
$ANGDIR
 70
     0
  9
$PDMODE
 70
     0
  9
$PDSIZE
 40
0.0
  9
$PLINEWID
 40
0.0
  9
$COORDS
 70
     1
  9
$SPLFRAME
 70
     0
  9
$SPLINETYPE
 70
     6
  9
$SPLINESEGS
 70
     8
  9
$ATTDIA
 70
     0
  9
$ATTREQ
 70
     1
  9
$HANDLING
 70
     1
  9
$HANDSEED
  5
11881
  9
$SURFTAB1
 70
     6
  9
$SURFTAB2
 70
     6
  9
$SURFTYPE
 70
     6
  9
$SURFU
 70
     6
  9
$SURFV
 70
     6
  9
$UCSNAME
  2

  9
$UCSORG
 10
0.0
 20
0.0
 30
0.0
  9
$UCSXDIR
 10
1.0
 20
0.0
 30
0.0
  9
$UCSYDIR
 10
0.0
 20
1.0
 30
0.0
  9
$USERI1
 70
     0
  9
$USERI2
 70
     0
  9
$USERI3
 70
     0
  9
$USERI4
 70
     0
  9
$USERI5
 70
     0
  9
$USERR1
 40
0.0
  9
$USERR2
 40
0.0
  9
$USERR3
 40
0.0
  9
$USERR4
 40
0.0
  9
$USERR5
 40
0.0
  9
$WORLDVIEW
 70
     1
  0
ENDSEC
  0
SECTION
  2
TABLES
  0
TABLE
  2
VPORT
 70
     1
  0
VPORT
  2
*ACTIVE
 70
     0
 10
0.0
 20
0.0
 11
1.0
 21
1.0
 12
10.42990654205607
 22
4.5
 13
0.0
 23
0.0
 14
0.5
 24
0.5
 15
0.5
 25
0.5
 16
0.0
 26
0.0
 36
1.0
 17
0.0
 27
0.0
 37
0.0
 40
9.0
 41
1.972972972850329
 42
50.0
 43
0.0
 44
0.0
 50
0.0
 51
0.0
 71
     0
 72
   100
 73
     1
 74
     3
 75
     0
 76
     0
 77
     0
 78
     0
  0
ENDTAB
  0
TABLE
  2
LTYPE
 70
     1
  0
LTYPE
  2
CONTINUOUS
 70
     0
  3
Solid line
 72
    65
 73
     0
 40
0.0
  0
ENDTAB
  0
TABLE
  2
LAYER
 70
     1
  0
LAYER
  2
0
 70
     0
 62
     7
  6
CONTINUOUS
  0
ENDTAB
  0
TABLE
  2
STYLE
 70
     1
  0
STYLE
  2
STANDARD
 70
     0
 40
0.2
 41
1.0
 50
0.0
 71
     0
 42
0.2
  3

  4

  0
ENDTAB
  0
TABLE
  2
VIEW
 70
     0
  0
ENDTAB
  0
TABLE
  2
UCS
 70
     0
  0
ENDTAB
  0
ENDSEC
  0
SECTION
  2
BLOCKS
  0
ENDSEC
  0
SECTION
  2
ENTITIES
  0
POLYLINE
  5
100
  8
0
 66
     1
 10
0.0
 20
0.0
 30
0.0
 70
     1
  0
VERTEX
  5
10087
  8
0
 10
26.70172299710109
 20
35.40001182278706
 30
0.0
  0
VERTEX
  5
10088
  8
0
 10
23.70566057064277
 20
39.64543405582403
 30
0.0
  0
VERTEX
  5
10089
  8
0
 10
25.88427286101488
 20
44.36281134497948
 30
0.0
  0
VERTEX
  5
1008A
  8
0
 10
31.05894757784533
 20
44.83476640109795
 30
0.0
  0
VERTEX
  5
1008B
  8
0
 10
34.05501000430365
 20
40.58934416806097
 30
0.0
  0
VERTEX
  5
1008C
  8
0
 10
31.87639771393153
 20
35.87196687890553
 30
0.0
  0
SEQEND
  5
1182B
  8
0
  0
POLYLINE
  5
101
  8
0
 66
     1
 10
0.0
 20
0.0
 30
0.0
 70
     1
  0
VERTEX
  5
1008D
  8
0
 10
68.09101677873227
 20
142.5652750019241
 30
0.0
  0
VERTEX
  5
1008E
  8
0
 10
70.25883292368648
 20
137.8429267342
 30
0.0
  0
VERTEX
  5
1008F
  8
0
 10
67.25306743079716
 20
133.6043687480737
 30
0.0
  0
VERTEX
  5
10090
  8
0
 10
62.07948579295363
 20
134.0881590296712
 30
0.0
  0
VERTEX
  5
10091
  8
0
 10
59.91166964799942
 20
138.8105072973952
 30
0.0
  0
VERTEX
  5
10092
  8
0
 10
62.91743514088873
 20
143.0490652835217
 30
0.0
  0
SEQEND
  5
1182C
  8
0
  0
CIRCLE
  5
102
  8
0
 10
46.98279312566542
 20
89.22205319037553
 30
0.0
 40
4.625000000000004
  0
CIRCLE
  5
103
  8
0
 10
40.73706197511605
 20
90.13774869860828
 30
0.0
 40
1.25
  0
CIRCLE
  5
104
  8
0
 10
50.898674318991
 20
94.17316730425598
 30
0.0
 40
1.25
  0
CIRCLE
  5
105
  8
0
 10
49.31264317444881
 20
83.35524356822687
 30
0.0
 40
1.25
  0
POLYLINE
  5
106
  8
0
 66
     1
 10
0.0
 20
0.0
 30
0.0
 70
     1
  0
VERTEX
  5
10093
  8
0
 10
33.19545877087432
 20
89.22205321714924
 30
0.0
  0
VERTEX
  5
10094
  8
0
 10
33.13279315618529
 20
89.22205321731255
 30
0.0
 42
-0.0001658312012708
  0
VERTEX
  5
10095
  8
0
 10
33.13279620320158
 20
89.23124026508476
 30
0.0
  0
SEQEND
  5
1182D
  8
0
  0
POLYLINE
  5
107
  8
0
 66
     1
 10
0.0
 20
0.0
 30
0.0
 70
     1
  0
VERTEX
  5
10096
  8
0
 10
60.83279010921783
 20
89.21286603245294
 30
0.0
 42
0.0001658311396359
  0
VERTEX
  5
10097
  8
0
 10
60.8327931561853
 20
89.22205307682998
 30
0.0
  0
VERTEX
  5
10098
  8
0
 10
60.77012754149625
 20
89.22205308005547
 30
0.0
  0
SEQEND
  5
1182E
  8
0
  0
POLYLINE
  5
108
  8
0
 66
     1
 10
0.0
 20
0.0
 30
0.0
  0
VERTEX
  5
10099
  8
0
 10
74.48279315616325
 20
89.22205310744735
 30
0.0
  0
VERTEX
  5
1009A
  8
0
 10
74.48229040495941
 20
89.50363974328687
 30
0.0
  0
VERTEX
  5
1009B
  8
0
 10
74.48168995682491
 20
89.783023422419
 30
0.0
  0
VERTEX
  5
1009C
  8
0
 10
74.48099365418778
 20
90.0602116989459
 30
0.0
  0
VERTEX
  5
1009D
  8
0
 10
74.48020447581595
 20
90.33521686425668
 30
0.0
  0
VERTEX
  5
1009E
  8
0
 10
74.4793264641216
 20
90.60805570538767
 30
0.0
  0
VERTEX
  5
1009F
  8
0
 10
74.47836465246546
 20
90.87874926338284
 30
0.0
  0
VERTEX
  5
100A0
  8
0
 10
74.47732499246123
 20
91.14732259165392
 30
0.0
  0
VERTEX
  5
100A1
  8
0
 10
74.47621428127982
 20
91.41380451434075
 30
0.0
  0
VERTEX
  5
100A2
  8
0
 10
74.47504008895375
 20
91.67822738467153
 30
0.0
  0
VERTEX
  5
100A3
  8
0
 10
74.47381068564076
 20
91.94062684322434
 30
0.0
  0
VERTEX
  5
100A4
  8
0
 10
74.47253496802124
 20
92.20104157408349
 30
0.0
  0
VERTEX
  5
100A5
  8
0
 10
74.4712223837563
 20
92.45951305628334
 30
0.0
  0
VERTEX
  5
100A6
  8
0
 10
74.46988285527355
 20
92.71608531361825
 30
0.0
  0
VERTEX
  5
100A7
  8
0
 10
74.46852670353167
 20
92.97080466440143
 30
0.0
  0
VERTEX
  5
100A8
  8
0
 10
74.46716457178509
 20
93.22371947122366
 30
0.0
  0
VERTEX
  5
100A9
  8
0
 10
74.46580734934884
 20
93.47487989071229
 30
0.0
  0
VERTEX
  5
100AA
  8
0
 10
74.464466095363
 20
93.72433762328995
 30
0.0
  0
VERTEX
  5
100AB
  8
0
 10
74.4631519625576
 20
93.97214566293356
 30
0.0
  0
VERTEX
  5
100AC
  8
0
 10
74.46187612111362
 20
94.21835804717155
 30
0.0
  0
VERTEX
  5
100AD
  8
0
 10
74.4606496842317
 20
94.46302961130544
 30
0.0
  0
VERTEX
  5
100AE
  8
0
 10
74.45948363707434
 20
94.70621575097721
 30
0.0
  0
VERTEX
  5
100AF
  8
0
 10
74.4583887667365
 20
94.94797218728004
 30
0.0
  0
VERTEX
  5
100B0
  8
0
 10
74.4573755922417
 20
95.18835473193278
 30
0.0
  0
VERTEX
  5
100B1
  8
0
 10
74.45645429453808
 20
95.42741905245393
 30
0.0
  0
VERTEX
  5
100B2
  8
0
 10
74.45563464649449
 20
95.66522043733602
 30
0.0
  0
VERTEX
  5
100B3
  8
0
 10
74.45492594289676
 20
95.9018135612199
 30
0.0
  0
VERTEX
  5
100B4
  8
0
 10
74.45433693044357
 20
96.13725225006881
 30
0.0
  0
VERTEX
  5
100B5
  8
0
 10
74.45387573745236
 20
96.37158924562787
 30
0.0
  0
VERTEX
  5
100B6
  8
0
 10
74.45354979926272
 20
96.60487595929223
 30
0.0
  0
VERTEX
  5
100B7
  8
0
 10
74.45336577612763
 20
96.83716220748187
 30
0.0
  0
VERTEX
  5
100B8
  8
0
 10
74.45332946909683
 20
97.06849594207317
 30
0.0
  0
VERTEX
  5
100B9
  8
0
 10
74.45344573586083
 20
97.29892298073402
 30
0.0
  0
VERTEX
  5
100BA
  8
0
 10
74.45371840659502
 20
97.52848673725894
 30
0.0
  0
VERTEX
  5
100BB
  8
0
 10
74.45415019980378
 20
97.75722795190423
 30
0.0
  0
VERTEX
  5
100BC
  8
0
 10
74.45474263816452
 20
97.98518442172288
 30
0.0
  0
VERTEX
  5
100BD
  8
0
 10
74.45549596437229
 20
98.21239073090102
 30
0.0
  0
VERTEX
  5
100BE
  8
0
 10
74.45640905805217
 20
98.43887798372292
 30
0.0
  0
VERTEX
  5
100BF
  8
0
 10
74.45747936600858
 20
98.66467357036618
 30
0.0
  0
VERTEX
  5
100C0
  8
0
 10
74.4587028530766
 20
98.8898009834119
 30
0.0
  0
VERTEX
  5
100C1
  8
0
 10
74.4600739577908
 20
99.11427964621376
 30
0.0
  0
VERTEX
  5
100C2
  8
0
 10
74.46158554812621
 20
99.33812474144436
 30
0.0
  0
VERTEX
  5
100C3
  8
0
 10
74.46322887723908
 20
99.56134703964157
 30
0.0
  0
VERTEX
  5
100C4
  8
0
 10
74.46499353920804
 20
99.78395272775514
 30
0.0
  0
VERTEX
  5
100C5
  8
0
 10
74.46686742477486
 20
100.005943237693
 30
0.0
  0
VERTEX
  5
100C6
  8
0
 10
74.46883667709382
 20
100.2273150748885
 30
0.0
  0
VERTEX
  5
100C7
  8
0
 10
74.47088565652034
 20
100.4480596690233
 30
0.0
  0
VERTEX
  5
100C8
  8
0
 10
74.47299700113994
 20
100.6681634594216
 30
0.0
  0
VERTEX
  5
100C9
  8
0
 10
74.4751518182437
 20
100.8876083014065
 30
0.0
  0
VERTEX
  5
100CA
  8
0
 10
74.4773299025163
 20
101.1063719381341
 30
0.0
  0
VERTEX
  5
100CB
  8
0
 10
74.47950995452092
 20
101.3244284731532
 30
0.0
  0
VERTEX
  5
100CC
  8
0
 10
74.48166979918437
 20
101.5417488429674
 30
0.0
  0
VERTEX
  5
100CD
  8
0
 10
74.48378660428206
 20
101.7583012895951
 30
0.0
  0
VERTEX
  5
100CE
  8
0
 10
74.48583709892316
 20
101.974051833131
 30
0.0
  0
VERTEX
  5
100CF
  8
0
 10
74.48779779203281
 20
102.1889647443005
 30
0.0
  0
VERTEX
  5
100D0
  8
0
 10
74.48964518940839
 20
102.4030030135843
 30
0.0
  0
VERTEX
  5
100D1
  8
0
 10
74.49135599788525
 20
102.6161287893411
 30
0.0
  0
VERTEX
  5
100D2
  8
0
 10
74.49290731388415
 20
102.8283037783688
 30
0.0
  0
VERTEX
  5
100D3
  8
0
 10
74.49427680918784
 20
103.0394896398014
 30
0.0
  0
VERTEX
  5
100D4
  8
0
 10
74.49544291669605
 20
103.249648378954
 30
0.0
  0
VERTEX
  5
100D5
  8
0
 10
74.49638501617996
 20
103.4587427411663
 30
0.0
  0
VERTEX
  5
100D6
  8
0
 10
74.49708362003709
 20
103.6667366056477
 30
0.0
  0
VERTEX
  5
100D7
  8
0
 10
74.4975205590459
 20
103.8735953793212
 30
0.0
  0
VERTEX
  5
100D8
  8
0
 10
74.4976791681242
 20
104.0792863906763
 30
0.0
  0
VERTEX
  5
100D9
  8
0
 10
74.4975444732273
 20
104.2837792861951
 30
0.0
  0
VERTEX
  5
100DA
  8
0
 10
74.49710338708186
 20
104.4870464467303
 30
0.0
  0
VERTEX
  5
100DB
  8
0
 10
74.49634491440773
 20
104.689063425308
 30
0.0
  0
VERTEX
  5
100DC
  8
0
 10
74.4952603585978
 20
104.8898093882222
 30
0.0
  0
VERTEX
  5
100DD
  8
0
 10
74.49384352840576
 20
105.0892675561483
 30
0.0
  0
VERTEX
  5
100DE
  8
0
 10
74.49209094463404
 20
105.2874256452552
 30
0.0
  0
VERTEX
  5
100DF
  8
0
 10
74.49000204682137
 20
105.4842763083186
 30
0.0
  0
VERTEX
  5
100E0
  8
0
 10
74.48757939993071
 20
105.6798175758333
 30
0.0
  0
VERTEX
  5
100E1
  8
0
 10
74.48482890102616
 20
105.8740532971038
 30
0.0
  0
VERTEX
  5
100E2
  8
0
 10
74.48175998380123
 20
106.0669935768018
 30
0.0
  0
VERTEX
  5
100E3
  8
0
 10
74.47838580875016
 20
106.2586551812428
 30
0.0
  0
VERTEX
  5
100E4
  8
0
 10
74.4747234396743
 20
106.449061915841
 30
0.0
  0
VERTEX
  5
100E5
  8
0
 10
74.4707940183771
 20
106.6382449987434
 30
0.0
  0
VERTEX
  5
100E6
  8
0
 10
74.46662293935277
 20
106.8262434344505
 30
0.0
  0
VERTEX
  5
100E7
  8
0
 10
74.46224002447507
 20
107.0131043874371
 30
0.0
  0
VERTEX
  5
100E8
  8
0
 10
74.45767969768579
 20
107.1988835557735
 30
0.0
  0
VERTEX
  5
100E9
  8
0
 10
74.4529811596836
 20
107.3836455447457
 30
0.0
  0
VERTEX
  5
100EA
  8
0
 10
74.44818856230619
 20
107.5674642398484
 30
0.0
  0
VERTEX
  5
100EB
  8
0
 10
74.44335114184001
 20
107.7504230955519
 30
0.0
  0
VERTEX
  5
100EC
  8
0
 10
74.43852311476205
 20
107.9326149369035
 30
0.0
  0
VERTEX
  5
100ED
  8
0
 10
74.43376337307954
 20
108.1141413501746
 30
0.0
  0
VERTEX
  5
100EE
  8
0
 10
74.42913515686216
 20
108.2951120267397
 30
0.0
  0
VERTEX
  5
100EF
  8
0
 10
74.42470572672718
 20
108.4756441068569
 30
0.0
  0
VERTEX
  5
100F0
  8
0
 10
74.42054603632464
 20
108.65586152345
 30
0.0
  0
VERTEX
  5
100F1
  8
0
 10
74.41673040482266
 20
108.8358943458902
 30
0.0
  0
VERTEX
  5
100F2
  8
0
 10
74.41333618939257
 20
109.0158781237775
 30
0.0
  0
VERTEX
  5
100F3
  8
0
 10
74.41044345773565
 20
109.1959532308076
 30
0.0
  0
VERTEX
  5
100F4
  8
0
 10
74.40813466456792
 20
109.3762642167771
 30
0.0
  0
VERTEX
  5
100F5
  8
0
 10
74.40649434799826
 20
109.5569592004913
 30
0.0
  0
VERTEX
  5
100F6
  8
0
 10
74.40560884077452
 20
109.7381892932417
 30
0.0
  0
VERTEX
  5
100F7
  8
0
 10
74.40556598297482
 20
109.9201080252554
 30
0.0
  0
VERTEX
  5
100F8
  8
0
 10
74.40645483470072
 20
110.1028707721478
 30
0.0
  0
VERTEX
  5
100F9
  8
0
 10
74.4083653887698
 20
110.2866341813746
 30
0.0
  0
VERTEX
  5
100FA
  8
0
 10
74.41138828340873
 20
110.4715555986846
 30
0.0
  0
VERTEX
  5
100FB
  8
0
 10
74.41561451494621
 20
110.6577924945723
 30
0.0
  0
VERTEX
  5
100FC
  8
0
 10
74.42113515043071
 20
110.8455018905736
 30
0.0
  0
VERTEX
  5
100FD
  8
0
 10
74.4280410349659
 20
111.03483977458
 30
0.0
  0
VERTEX
  5
100FE
  8
0
 10
74.43642247589564
 20
111.2259604680188
 30
0.0
  0
VERTEX
  5
100FF
  8
0
 10
74.44636891166812
 20
111.4190159611797
 30
0.0
  0
VERTEX
  5
10100
  8
0
 10
74.45796857943552
 20
111.6141552459122
 30
0.0
  0
VERTEX
  5
10101
  8
0
 10
74.471308182653
 20
111.811523648322
 30
0.0
  0
VERTEX
  5
10102
  8
0
 10
74.48647255867783
 20
112.0112621614666
 30
0.0
  0
VERTEX
  5
10103
  8
0
 10
74.5035443463682
 20
112.2135067780519
 30
0.0
  0
VERTEX
  5
10104
  8
0
 10
74.52260365368237
 20
112.4183878231278
 30
0.0
  0
VERTEX
  5
10105
  8
0
 10
74.54372772555797
 20
112.6260292873701
 30
0.0
  0
VERTEX
  5
10106
  8
0
 10
74.56699062681932
 20
112.8365481917336
 30
0.0
  0
VERTEX
  5
10107
  8
0
 10
74.59246298267733
 20
113.0500540723345
 30
0.0
  0
VERTEX
  5
10108
  8
0
 10
74.62021175295287
 20
113.2666485357337
 30
0.0
  0
VERTEX
  5
10109
  8
0
 10
74.65030000864937
 20
113.486424819124
 30
0.0
  0
VERTEX
  5
1010A
  8
0
 10
74.68278670852533
 20
113.7094673505171
 30
0.0
  0
VERTEX
  5
1010B
  8
0
 10
74.71772647566716
 20
113.9358513089313
 30
0.0
  0
VERTEX
  5
1010C
  8
0
 10
74.75516937406181
 20
114.1656421845785
 30
0.0
  0
VERTEX
  5
1010D
  8
0
 10
74.79516068516948
 20
114.3988953390525
 30
0.0
  0
VERTEX
  5
1010E
  8
0
 10
74.83774068602675
 20
114.6356555687136
 30
0.0
  0
VERTEX
  5
1010F
  8
0
 10
74.88294449142553
 20
114.875956801978
 30
0.0
  0
VERTEX
  5
10110
  8
0
 10
74.93080211135569
 20
115.1198222464561
 30
0.0
  0
VERTEX
  5
10111
  8
0
 10
74.98133861987398
 20
115.3672647689443
 30
0.0
  0
VERTEX
  5
10112
  8
0
 10
75.0345743304738
 20
115.6182872890033
 30
0.0
  0
VERTEX
  5
10113
  8
0
 10
75.09052497145544
 20
115.872883172536
 30
0.0
  0
VERTEX
  5
10114
  8
0
 10
75.14920186129592
 20
116.131036625366
 30
0.0
  0
VERTEX
  5
10115
  8
0
 10
75.21061208401923
 20
116.3927230868155
 30
0.0
  0
VERTEX
  5
10116
  8
0
 10
75.27475866456635
 20
116.657909623284
 30
0.0
  0
VERTEX
  5
10117
  8
0
 10
75.34164074382605
 20
116.9265553211174
 30
0.0
  0
VERTEX
  5
10118
  8
0
 10
75.41125374235439
 20
117.1986116558496
 30
0.0
  0
VERTEX
  5
10119
  8
0
 10
75.48358949071118
 20
117.4740227917099
 30
0.0
  0
VERTEX
  5
1011A
  8
0
 10
75.55863634453827
 20
117.7527258492566
 30
0.0
  0
VERTEX
  5
1011B
  8
0
 10
75.63637929889818
 20
118.0346511714673
 30
0.0
  0
VERTEX
  5
1011C
  8
0
 10
75.71680010261265
 20
118.3197225898274
 30
0.0
  0
VERTEX
  5
1011D
  8
0
 10
75.79987737260142
 20
118.60785769042
 30
0.0
  0
VERTEX
  5
1011E
  8
0
 10
75.88558670822076
 20
118.8989680800147
 30
0.0
  0
VERTEX
  5
1011F
  8
0
 10
75.9739008056021
 20
119.1929596521573
 30
0.0
  0
VERTEX
  5
10120
  8
0
 10
76.06478957217614
 20
119.4897328536454
 30
0.0
  0
VERTEX
  5
10121
  8
0
 10
76.1582202461965
 20
119.7891829614287
 30
0.0
  0
VERTEX
  5
10122
  8
0
 10
76.25415752925065
 20
120.0912003865863
 30
0.0
  0
VERTEX
  5
10123
  8
0
 10
76.35256372400464
 20
120.3956709892174
 30
0.0
  0
VERTEX
  5
10124
  8
0
 10
76.45339887215715
 20
120.7024763937675
 30
0.0
  0
VERTEX
  5
10125
  8
0
 10
76.55662089239338
 20
121.0114943043542
 30
0.0
  0
VERTEX
  5
10126
  8
0
 10
76.66218571833866
 20
121.3225988200939
 30
0.0
  0
VERTEX
  5
10127
  8
0
 10
76.7700474365126
 20
121.6356607504273
 30
0.0
  0
VERTEX
  5
10128
  8
0
 10
76.88015842428274
 20
121.9505479304458
 30
0.0
  0
VERTEX
  5
10129
  8
0
 10
76.99246948770731
 20
122.26712553599
 30
0.0
  0
VERTEX
  5
1012A
  8
0
 10
77.10692999691925
 20
122.5852563937062
 30
0.0
  0
VERTEX
  5
1012B
  8
0
 10
77.22348801588166
 20
122.9048012795638
 30
0.0
  0
VERTEX
  5
1012C
  8
0
 10
77.34209043014528
 20
123.2256192132762
 30
0.0
  0
VERTEX
  5
1012D
  8
0
 10
77.4626830745415
 20
123.5475677525885
 30
0.0
  0
VERTEX
  5
1012E
  8
0
 10
77.58521086087508
 20
123.8705032875658
 30
0.0
  0
VERTEX
  5
1012F
  8
0
 10
77.70961790561698
 20
124.194281334881
 30
0.0
  0
VERTEX
  5
10130
  8
0
 10
77.83584765759721
 20
124.518756832103
 30
0.0
  0
VERTEX
  5
10131
  8
0
 10
77.96384302569764
 20
124.8437844319845
 30
0.0
  0
VERTEX
  5
10132
  8
0
 10
78.09354650660983
 20
125.1692187968744
 30
0.0
  0
VERTEX
  5
10133
  8
0
 10
78.22490031378179
 20
125.4949148954027
 30
0.0
  0
VERTEX
  5
10134
  8
0
 10
78.35784650876789
 20
125.820728303759
 30
0.0
  0
VERTEX
  5
10135
  8
0
 10
78.49232713332826
 20
126.1465155084036
 30
0.0
  0
VERTEX
  5
10136
  8
0
 10
78.62828434154754
 20
126.472134208816
 30
0.0
  0
VERTEX
  5
10137
  8
0
 10
78.76566053195401
 20
126.7974436202437
 30
0.0
  0
VERTEX
  5
10138
  8
0
 10
78.90439847963852
 20
127.1223047764503
 30
0.0
  0
VERTEX
  5
10139
  8
0
 10
79.04444146837318
 20
127.4465808324643
 30
0.0
  0
VERTEX
  5
1013A
  8
0
 10
79.18573342273052
 20
127.7701373673275
 30
0.0
  0
VERTEX
  5
1013B
  8
0
 10
79.32821904016338
 20
128.0928426868045
 30
0.0
  0
VERTEX
  5
1013C
  8
0
 10
79.47184392249041
 20
128.4145681254928
 30
0.0
  0
VERTEX
  5
1013D
  8
0
 10
79.61655470631959
 20
128.7351883478628
 30
0.0
  0
VERTEX
  5
1013E
  8
0
 10
79.76229919318132
 20
129.0545816490059
 30
0.0
  0
VERTEX
  5
1013F
  8
0
 10
79.9090264796553
 20
129.3726302553757
 30
0.0
  0
VERTEX
  5
10140
  8
0
 10
80.05668708749768
 20
129.6892206255295
 30
0.0
  0
VERTEX
  5
10141
  8
0
 10
80.20523309376814
 20
130.0042437508697
 30
0.0
  0
VERTEX
  5
10142
  8
0
 10
80.35461826095676
 20
130.3175954563859
 30
0.0
  0
VERTEX
  5
10143
  8
0
 10
80.50479816711037
 20
130.6291767013917
 30
0.0
  0
VERTEX
  5
10144
  8
0
 10
80.6557303333385
 20
130.9388938686702
 30
0.0
  0
VERTEX
  5
10145
  8
0
 10
80.80737431759044
 20
131.2466589043781
 30
0.0
  0
VERTEX
  5
10146
  8
0
 10
80.95969175516392
 20
131.5523892222554
 30
0.0
  0
VERTEX
  5
10147
  8
0
 10
81.1126463864497
 20
131.8560075513592
 30
0.0
  0
VERTEX
  5
10148
  8
0
 10
81.26620408447606
 20
132.1574417829108
 30
0.0
  0
VERTEX
  5
10149
  8
0
 10
81.42033288245298
 20
132.4566248171416
 30
0.0
  0
VERTEX
  5
1014A
  8
0
 10
81.57500300131623
 20
132.75349441014
 30
0.0
  0
VERTEX
  5
1014B
  8
0
 10
81.7301868772718
 20
133.047993020697
 30
0.0
  0
VERTEX
  5
1014C
  8
0
 10
81.88585918933975
 20
133.3400676571534
 30
0.0
  0
VERTEX
  5
1014D
  8
0
 10
82.04199688679411
 20
133.6296697242425
 30
0.0
  0
VERTEX
  5
1014E
  8
0
 10
82.19857921546162
 20
133.916754869893
 30
0.0
  0
VERTEX
  5
1014F
  8
0
 10
82.35558774242676
 20
134.2012828319795
 30
0.0
  0
VERTEX
  5
10150
  8
0
 10
82.51300638040259
 20
134.4832172850588
 30
0.0
  0
VERTEX
  5
10151
  8
0
 10
82.67082141209815
 20
134.7625256871088
 30
0.0
  0
VERTEX
  5
10152
  8
0
 10
82.82902151458565
 20
135.0391791262651
 30
0.0
  0
VERTEX
  5
10153
  8
0
 10
82.98759778366775
 20
135.3131521675588
 30
0.0
  0
VERTEX
  5
10154
  8
0
 10
83.1465437582447
 20
135.5844226996545
 30
0.0
  0
VERTEX
  5
10155
  8
0
 10
83.30585544468211
 20
135.8529717815873
 30
0.0
  0
VERTEX
  5
10156
  8
0
 10
83.46553134145277
 20
136.1187834893715
 30
0.0
  0
VERTEX
  5
10157
  8
0
 10
83.62557246632755
 20
136.3818447614133
 30
0.0
  0
VERTEX
  5
10158
  8
0
 10
83.78598238672281
 20
136.6421452424424
 30
0.0
  0
VERTEX
  5
10159
  8
0
 10
83.9467672506226
 20
136.8996771271735
 30
0.0
  0
VERTEX
  5
1015A
  8
0
 10
84.10793581750559
 20
137.1544350039661
 30
0.0
  0
VERTEX
  5
1015B
  8
0
 10
84.26949948927201
 20
137.4064156984838
 30
0.0
  0
VERTEX
  5
1015C
  8
0
 10
84.43147234117046
 20
137.655618117354
 30
0.0
  0
VERTEX
  5
1015D
  8
0
 10
84.59387115272507
 20
137.9020430918274
 30
0.0
  0
VERTEX
  5
1015E
  8
0
 10
84.75671543866008
 20
138.1456932214388
 30
0.0
  0
VERTEX
  5
1015F
  8
0
 10
84.92002747907902
 20
138.3865727181542
 30
0.0
  0
VERTEX
  5
10160
  8
0
 10
85.08383234370325
 20
138.6246872543878
 30
0.0
  0
VERTEX
  5
10161
  8
0
 10
85.24815790959013
 20
138.8600438152675
 30
0.0
  0
VERTEX
  5
10162
  8
0
 10
85.41303487782304
 20
139.0926505515704
 30
0.0
  0
VERTEX
  5
10163
  8
0
 10
85.57849679019482
 20
139.3225166326628
 30
0.0
  0
VERTEX
  5
10164
  8
0
 10
85.74458004589187
 20
139.5496520994389
 30
0.0
  0
VERTEX
  5
10165
  8
0
 10
85.91132391817763
 20
139.7740677172608
 30
0.0
  0
VERTEX
  5
10166
  8
0
 10
86.07877057107646
 20
139.9957748288981
 30
0.0
  0
VERTEX
  5
10167
  8
0
 10
86.24696507606777
 20
140.21478520746
 30
0.0
  0
VERTEX
  5
10168
  8
0
 10
86.41595543100044
 20
140.4311109078694
 30
0.0
  0
VERTEX
  5
10169
  8
0
 10
86.58579259424322
 20
140.6447641083251
 30
0.0
  0
VERTEX
  5
1016A
  8
0
 10
86.75653053365563
 20
140.8557569420244
 30
0.0
  0
VERTEX
  5
1016B
  8
0
 10
86.9282262775782
 20
141.0641013275595
 30
0.0
  0
VERTEX
  5
1016C
  8
0
 10
87.1009399658298
 20
141.2698087993095
 30
0.0
  0
VERTEX
  5
1016D
  8
0
 10
87.27473490070511
 20
141.4728903378313
 30
0.0
  0
VERTEX
  5
1016E
  8
0
 10
87.44967759797241
 20
141.6733562002513
 30
0.0
  0
VERTEX
  5
1016F
  8
0
 10
87.62583783787083
 20
141.8712157506568
 30
0.0
  0
VERTEX
  5
10170
  8
0
 10
87.8032887160532
 20
142.066477290524
 30
0.0
  0
VERTEX
  5
10171
  8
0
 10
87.98210668665565
 20
142.2591478943496
 30
0.0
  0
VERTEX
  5
10172
  8
0
 10
88.1623715586411
 20
142.4492332761732
 30
0.0
  0
VERTEX
  5
10173
  8
0
 10
88.3441664518542
 20
142.6367376827316
 30
0.0
  0
VERTEX
  5
10174
  8
0
 10
88.52757774836178
 20
142.8216637897308
 30
0.0
  0
VERTEX
  5
10175
  8
0
 10
88.71269504378203
 20
143.0040125981248
 30
0.0
  0
VERTEX
  5
10176
  8
0
 10
88.89961109861396
 20
143.1837833303947
 30
0.0
  0
VERTEX
  5
10177
  8
0
 10
89.0884217895668
 20
143.3609733268273
 30
0.0
  0
VERTEX
  5
10178
  8
0
 10
89.27922606088937
 20
143.5355779417942
 30
0.0
  0
VERTEX
  5
10179
  8
0
 10
89.47212587514134
 20
143.7075904403842
 30
0.0
  0
VERTEX
  5
1017A
  8
0
 10
89.6672261075993
 20
143.8770019307374
 30
0.0
  0
VERTEX
  5
1017B
  8
0
 10
89.86463415013912
 20
144.0438014803986
 30
0.0
  0
VERTEX
  5
1017C
  8
0
 10
90.06445929317229
 20
144.2079763732508
 30
0.0
  0
VERTEX
  5
1017D
  8
0
 10
90.26681208537492
 20
144.3695123805159
 30
0.0
  0
VERTEX
  5
1017E
  8
0
 10
90.47180369338953
 20
144.5283940317722
 30
0.0
  0
VERTEX
  5
1017F
  8
0
 10
90.67954526152656
 20
144.6846048859719
 30
0.0
  0
VERTEX
  5
10180
  8
0
 10
90.89014727146633
 20
144.8381278024589
 30
0.0
  0
VERTEX
  5
10181
  8
0
 10
91.10371890196066
 20
144.9889452119864
 30
0.0
  0
VERTEX
  5
10182
  8
0
 10
91.32036738870454
 20
145.1370393876416
 30
0.0
  0
VERTEX
  5
10183
  8
0
 10
91.54019739680436
 20
145.2823927089074
 30
0.0
  0
VERTEX
  5
10184
  8
0
 10
91.76331044982453
 20
145.4249878948945
 30
0.0
  0
VERTEX
  5
10185
  8
0
 10
91.9898043971117
 20
145.5648082167171
 30
0.0
  0
VERTEX
  5
10186
  8
0
 10
92.21977288437526
 20
145.7018377080941
 30
0.0
  0
VERTEX
  5
10187
  8
0
 10
92.45330482426924
 20
145.8360613759495
 30
0.0
  0
VERTEX
  5
10188
  8
0
 10
92.6904838669746
 20
145.9674654110126
 30
0.0
  0
VERTEX
  5
10189
  8
0
 10
92.93138787078117
 20
146.0960373984182
 30
0.0
  0
VERTEX
  5
1018A
  8
0
 10
93.17608837266988
 20
146.2217665283073
 30
0.0
  0
VERTEX
  5
1018B
  8
0
 10
93.4246500586075
 20
146.3446438065511
 30
0.0
  0
VERTEX
  5
1018C
  8
0
 10
93.67713021769032
 20
146.464662272451
 30
0.0
  0
VERTEX
  5
1018D
  8
0
 10
93.93357813288448
 20
146.5818172438201
 30
0.0
  0
VERTEX
  5
1018E
  8
0
 10
94.19403443380544
 20
146.6961065784598
 30
0.0
  0
VERTEX
  5
1018F
  8
0
 10
94.45853044677007
 20
146.8075309368136
 30
0.0
  0
VERTEX
  5
10190
  8
0
 10
94.72708754484808
 20
146.9160940446217
 30
0.0
  0
VERTEX
  5
10191
  8
0
 10
94.99971649791331
 20
147.0218029555752
 30
0.0
  0
VERTEX
  5
10192
  8
0
 10
95.2764168226953
 20
147.1246683139708
 30
0.0
  0
VERTEX
  5
10193
  8
0
 10
95.55717613283062
 20
147.2247046173646
 30
0.0
  0
VERTEX
  5
10194
  8
0
 10
95.84196948972574
 20
147.3219304789154
 30
0.0
  0
VERTEX
  5
10195
  8
0
 10
96.13075878888924
 20
147.4163688760981
 30
0.0
  0
VERTEX
  5
10196
  8
0
 10
96.42349226827676
 20
147.5080473525367
 30
0.0
  0
VERTEX
  5
10197
  8
0
 10
96.72010408122232
 20
147.5969981950195
 30
0.0
  0
VERTEX
  5
10198
  8
0
 10
97.02051387326388
 20
147.6832586090199
 30
0.0
  0
VERTEX
  5
10199
  8
0
 10
97.32462635896779
 20
147.7668708942156
 30
0.0
  0
VERTEX
  5
1019A
  8
0
 10
97.63233089875425
 20
147.8478826200087
 30
0.0
  0
VERTEX
  5
1019B
  8
0
 10
97.9435010757221
 20
147.9263468010457
 30
0.0
  0
VERTEX
  5
1019C
  8
0
 10
98.25799427247412
 20
148.0023220727376
 30
0.0
  0
VERTEX
  5
1019D
  8
0
 10
98.5756512451693
 20
148.075872867812
 30
0.0
  0
VERTEX
  5
1019E
  8
0
 10
98.8962956013659
 20
148.1470696286989
 30
0.0
  0
VERTEX
  5
1019F
  8
0
 10
99.21973298722651
 20
148.2159891281642
 30
0.0
  0
VERTEX
  5
101A0
  8
0
 10
99.54575013884764
 20
148.2827148405485
 30
0.0
  0
VERTEX
  5
101A1
  8
0
 10
99.87411392677338
 20
148.347337315546
 30
0.0
  0
VERTEX
  5
101A2
  8
0
 10
100.2045704005092
 20
148.4099545519826
 30
0.0
  0
VERTEX
  5
101A3
  8
0
 10
100.5368438330353
 20
148.470672371594
 30
0.0
  0
VERTEX
  5
101A4
  8
0
 10
100.8706357653205
 20
148.529604792804
 30
0.0
  0
VERTEX
  5
101A5
  8
0
 10
101.2056240508357
 20
148.5868744045027
 30
0.0
  0
VERTEX
  5
101A6
  8
0
 10
101.5414619137541
 20
148.6426127347719
 30
0.0
  0
VERTEX
  5
101A7
  8
0
 10
101.8777773903927
 20
148.696960478115
 30
0.0
  0
VERTEX
  5
101A8
  8
0
 10
102.2141737892328
 20
148.7500673466237
 30
0.0
  0
VERTEX
  5
101A9
  8
0
 10
102.5502305709779
 20
148.8020917660637
 30
0.0
  0
VERTEX
  5
101AA
  8
0
 10
102.8855042459839
 20
148.853200565547
 30
0.0
  0
VERTEX
  5
101AB
  8
0
 10
103.2195292716888
 20
148.9035686672043
 30
0.0
  0
VERTEX
  5
101AC
  8
0
 10
103.5518189500426
 20
148.9533787758573
 30
0.0
  0
VERTEX
  5
101AD
  8
0
 10
103.8818663249367
 20
149.0028210686911
 30
0.0
  0
VERTEX
  5
101AE
  8
0
 10
104.2091450796343
 20
149.0520928849267
 30
0.0
  0
VERTEX
  5
101AF
  8
0
 10
104.5331104653169
 20
149.1013984041656
 30
0.0
  0
VERTEX
  5
101B0
  8
0
 10
104.8532009422356
 20
149.1509480653385
 30
0.0
  0
VERTEX
  5
101B1
  8
0
 10
105.1688414897913
 20
149.2009573781402
 30
0.0
  0
VERTEX
  5
101B2
  8
0
 10
105.4794475228272
 20
149.2516455137953
 30
0.0
  0
VERTEX
  5
101B3
  8
0
 10
105.7844288283548
 20
149.3032338883862
 30
0.0
  0
VERTEX
  5
101B4
  8
0
 10
106.0831935022795
 20
149.3559447461809
 30
0.0
  0
VERTEX
  5
101B5
  8
0
 10
106.3751518861269
 20
149.4099997429612
 30
0.0
  0
VERTEX
  5
101B6
  8
0
 10
106.6597205037681
 20
149.4656185293501
 30
0.0
  0
VERTEX
  5
101B7
  8
0
 10
106.9363259981457
 20
149.52301733414
 30
0.0
  0
VERTEX
  5
101B8
  8
0
 10
107.2044090491956
 20
149.5824075542429
 30
0.0
  0
VERTEX
  5
101B9
  8
0
 10
107.4634279357684
 20
149.6439944700155
 30
0.0
  0
VERTEX
  5
101BA
  8
0
 10
107.7128613618483
 20
149.707976219681
 30
0.0
  0
VERTEX
  5
101BB
  8
0
 10
107.9522110477707
 20
149.7745428565133
 30
0.0
  0
VERTEX
  5
101BC
  8
0
 10
108.1810043150758
 20
149.8438754082625
 30
0.0
  0
VERTEX
  5
101BD
  8
0
 10
108.398796671361
 20
149.9161449365795
 30
0.0
  0
VERTEX
  5
101BE
  8
0
 10
108.6051743951346
 20
149.9915115964424
 30
0.0
  0
VERTEX
  5
101BF
  8
0
 10
108.7997571206685
 20
150.070123695581
 30
0.0
  0
VERTEX
  5
101C0
  8
0
 10
108.982200422854
 20
150.1521167539019
 30
0.0
  0
VERTEX
  5
101C1
  8
0
 10
109.1521984371755
 20
150.2376125509015
 30
0.0
  0
VERTEX
  5
101C2
  8
0
 10
109.3094870342797
 20
150.326717983393
 30
0.0
  0
VERTEX
  5
101C3
  8
0
 10
109.4538480070914
 20
150.4195235769183
 30
0.0
  0
VERTEX
  5
101C4
  8
0
 10
109.5851135417983
 20
150.5161019000673
 30
0.0
  0
VERTEX
  5
101C5
  8
0
 10
109.7031706949078
 20
150.6165059767217
 30
0.0
  0
VERTEX
  5
101C6
  8
0
 10
109.8079658703035
 20
150.7207676982992
 30
0.0
  0
VERTEX
  5
101C7
  8
0
 10
109.8995092963011
 20
150.8288962359968
 30
0.0
  0
VERTEX
  5
101C8
  8
0
 10
109.9778795027053
 20
150.9408764530345
 30
0.0
  0
VERTEX
  5
101C9
  8
0
 10
110.0432277978347
 20
151.0566673169101
 30
0.0
  0
VERTEX
  5
101CA
  8
0
 10
110.0957826294795
 20
151.1762003510269
 30
0.0
  0
VERTEX
  5
101CB
  8
0
 10
110.1358524051452
 20
151.2993786089896
 30
0.0
  0
VERTEX
  5
101CC
  8
0
 10
110.1638258245809
 20
151.4260764928207
 30
0.0
  0
VERTEX
  5
101CD
  8
0
 10
110.1801716015767
 20
151.5561397783612
 30
0.0
  0
VERTEX
  5
101CE
  8
0
 10
110.1854381756692
 20
151.6893856440938
 30
0.0
  0
VERTEX
  5
101CF
  8
0
 10
110.1802534238465
 20
151.8256026999662
 30
0.0
  0
VERTEX
  5
101D0
  8
0
 10
110.1653243722536
 20
151.9645510162148
 30
0.0
  0
VERTEX
  5
101D1
  8
0
 10
110.1414369078974
 20
152.1059621521878
 30
0.0
  0
VERTEX
  5
101D2
  8
0
 10
110.1094554901093
 20
152.2495391852527
 30
0.0
  0
VERTEX
  5
101D3
  8
0
 10
110.070322517224
 20
152.3949568584672
 30
0.0
  0
VERTEX
  5
101D4
  8
0
 10
110.0250538200011
 20
152.5418630624312
 30
0.0
  0
VERTEX
  5
101D5
  8
0
 10
109.9747286193745
 20
152.6898822239548
 30
0.0
  0
VERTEX
  5
101D6
  8
0
 10
109.9204782973389
 20
152.8386191035522
 30
0.0
  0
VERTEX
  5
101D7
  8
0
 10
109.8634751530877
 20
152.9876625980166
 30
0.0
  0
VERTEX
  5
101D8
  8
0
 10
109.8049211591521
 20
153.1365895429942
 30
0.0
  0
VERTEX
  5
101D9
  8
0
 10
109.7460367175385
 20
153.2849685155585
 30
0.0
  0
VERTEX
  5
101DA
  8
0
 10
109.6880494158672
 20
153.4323636367851
 30
0.0
  0
VERTEX
  5
101DB
  8
0
 10
109.6321827834033
 20
153.578338374358
 30
0.0
  0
VERTEX
  5
101DC
  8
0
 10
109.5796449739302
 20
153.7224593669804
 30
0.0
  0
VERTEX
  5
101DD
  8
0
 10
109.5316167488554
 20
153.8643004573522
 30
0.0
  0
VERTEX
  5
101DE
  8
0
 10
109.4892385744774
 20
154.0034469891742
 30
0.0
  0
VERTEX
  5
101DF
  8
0
 10
109.4535975539001
 20
154.1395001534332
 30
0.0
  0
VERTEX
  5
101E0
  8
0
 10
109.4257143574537
 20
154.272081335135
 30
0.0
  0
VERTEX
  5
101E1
  8
0
 10
109.4065301531155
 20
154.4008364600354
 30
0.0
  0
VERTEX
  5
101E2
  8
0
 10
109.3968935369311
 20
154.5254403413725
 30
0.0
  0
VERTEX
  5
101E3
  8
0
 10
109.3975474634352
 20
154.6456010265981
 30
0.0
  0
VERTEX
  5
101E4
  8
0
 10
109.4091161778579
 20
154.7610641435372
 30
0.0
  0
VERTEX
  5
101E5
  8
0
 10
109.4320928227698
 20
154.87161703041
 30
0.0
  0
VERTEX
  5
101E6
  8
0
 10
109.4668325681867
 20
154.9770910957455
 30
0.0
  0
VERTEX
  5
101E7
  8
0
 10
109.5135519377088
 20
155.0773621926465
 30
0.0
  0
VERTEX
  5
101E8
  8
0
 10
109.5723291380003
 20
155.1723506715138
 30
0.0
  0
VERTEX
  5
101E9
  8
0
 10
109.6431043945727
 20
155.26202143075
 30
0.0
  0
VERTEX
  5
101EA
  8
0
 10
109.7256802875682
 20
155.3463839674628
 30
0.0
  0
VERTEX
  5
101EB
  8
0
 10
109.8197220875426
 20
155.4254924281691
 30
0.0
  0
VERTEX
  5
101EC
  8
0
 10
109.9247580912492
 20
155.4994456594987
 30
0.0
  0
VERTEX
  5
101ED
  8
0
 10
110.0401799610079
 20
155.5683872577342
 30
0.0
  0
VERTEX
  5
101EE
  8
0
 10
110.1652438960397
 20
155.6325053484716
 30
0.0
  0
VERTEX
  5
101EF
  8
0
 10
110.2990776667628
 20
155.6920304643942
 30
0.0
  0
VERTEX
  5
101F0
  8
0
 10
110.4406934784269
 20
155.7472315320712
 30
0.0
  0
VERTEX
  5
101F1
  8
0
 10
110.5890016503371
 20
155.7984115941861
 30
0.0
  0
VERTEX
  5
101F2
  8
0
 10
110.7428242984463
 20
155.845903530673
 30
0.0
  0
VERTEX
  5
101F3
  8
0
 10
110.900909017947
 20
155.8900657798526
 30
0.0
  0
VERTEX
  5
101F4
  8
0
 10
111.0619425658632
 20
155.9312780595695
 30
0.0
  0
VERTEX
  5
101F5
  8
0
 10
111.2245645436425
 20
155.969937088327
 30
0.0
  0
VERTEX
  5
101F6
  8
0
 10
111.3873810790792
 20
156.0064523066679
 30
0.0
  0
VERTEX
  5
101F7
  8
0
 10
111.5489784056214
 20
156.0412416358832
 30
0.0
  0
VERTEX
  5
101F8
  8
0
 10
111.7079358166148
 20
156.0747274641067
 30
0.0
  0
VERTEX
  5
101F9
  8
0
 10
111.8628380687151
 20
156.1073328327908
 30
0.0
  0
VERTEX
  5
101FA
  8
0
 10
112.0122877190135
 20
156.1394776472965
 30
0.0
  0
VERTEX
  5
101FB
  8
0
 10
112.1549174619954
 20
156.1715748875432
 30
0.0
  0
VERTEX
  5
101FC
  8
0
 10
112.2894024665006
 20
156.2040268186592
 30
0.0
  0
VERTEX
  5
101FD
  8
0
 10
112.4144727126817
 20
156.2372212016316
 30
0.0
  0
VERTEX
  5
101FE
  8
0
 10
112.5289253289635
 20
156.2715275039565
 30
0.0
  0
VERTEX
  5
101FF
  8
0
 10
112.6316369188241
 20
156.3072931133342
 30
0.0
  0
VERTEX
  5
10200
  8
0
 10
112.7215747961331
 20
156.3448398778324
 30
0.0
  0
VERTEX
  5
10201
  8
0
 10
112.7978024509573
 20
156.3844623718189
 30
0.0
  0
SEQEND
  5
1182F
  8
0
  0
ARC
  5
109
  8
0
 10
46.98279314788509
 20
89.22205322953289
 30
0.0
 40
94.03406112339985
 50
45.58053226747194
 51
46.54315703943554
  0
POLYLINE
  5
110
  8
0
 66
     1
 10
0.0
 20
0.0
 30
0.0
  0
VERTEX
  5
10202
  8
0
 10
111.6601731284533
 20
157.4806876299404
 30
0.0
  0
VERTEX
  5
10203
  8
0
 10
111.6101946911657
 20
157.5030387929615
 30
0.0
  0
VERTEX
  5
10204
  8
0
 10
111.5593662556899
 20
157.5255514419776
 30
0.0
  0
VERTEX
  5
10205
  8
0
 10
111.50769589617
 20
157.5482235180723
 30
0.0
  0
VERTEX
  5
10206
  8
0
 10
111.4551918325597
 20
157.5710529184961
 30
0.0
  0
VERTEX
  5
10207
  8
0
 10
111.401862427849
 20
157.594037497433
 30
0.0
  0
VERTEX
  5
10208
  8
0
 10
111.3477161852927
 20
157.6171750667679
 30
0.0
  0
VERTEX
  5
10209
  8
0
 10
111.2927617456379
 20
157.6404633968543
 30
0.0
  0
VERTEX
  5
1020A
  8
0
 10
111.2370078843512
 20
157.6639002172805
 30
0.0
  0
VERTEX
  5
1020B
  8
0
 10
111.1804635088471
 20
157.6874832176381
 30
0.0
  0
VERTEX
  5
1020C
  8
0
 10
111.1231376557151
 20
157.7112100482883
 30
0.0
  0
VERTEX
  5
1020D
  8
0
 10
111.0650394879476
 20
157.7350783211296
 30
0.0
  0
VERTEX
  5
1020E
  8
0
 10
111.0061782921678
 20
157.7590856103649
 30
0.0
  0
VERTEX
  5
1020F
  8
0
 10
110.9465634758568
 20
157.7832294532687
 30
0.0
  0
VERTEX
  5
10210
  8
0
 10
110.8862045645818
 20
157.8075073509542
 30
0.0
  0
VERTEX
  5
10211
  8
0
 10
110.8251111992234
 20
157.831916769141
 30
0.0
  0
VERTEX
  5
10212
  8
0
 10
110.7632931332037
 20
157.856455138922
 30
0.0
  0
VERTEX
  5
10213
  8
0
 10
110.7007602297136
 20
157.8811198575303
 30
0.0
  0
VERTEX
  5
10214
  8
0
 10
110.6375224589406
 20
157.9059082891074
 30
0.0
  0
VERTEX
  5
10215
  8
0
 10
110.5735898952962
 20
157.9308177654694
 30
0.0
  0
VERTEX
  5
10216
  8
0
 10
110.5089727146444
 20
157.9558455868748
 30
0.0
  0
VERTEX
  5
10217
  8
0
 10
110.4436811915283
 20
157.9809890227919
 30
0.0
  0
VERTEX
  5
10218
  8
0
 10
110.3777256963987
 20
158.0062453126653
 30
0.0
  0
VERTEX
  5
10219
  8
0
 10
110.3111166928409
 20
158.031611666684
 30
0.0
  0
VERTEX
  5
1021A
  8
0
 10
110.2438647348033
 20
158.0570852665479
 30
0.0
  0
VERTEX
  5
1021B
  8
0
 10
110.1759804638243
 20
158.0826632662356
 30
0.0
  0
VERTEX
  5
1021C
  8
0
 10
110.1074746062604
 20
158.1083427927714
 30
0.0
  0
VERTEX
  5
1021D
  8
0
 10
110.0383579705136
 20
158.1341209469925
 30
0.0
  0
VERTEX
  5
1021E
  8
0
 10
109.9686414442596
 20
158.1599948043161
 30
0.0
  0
VERTEX
  5
1021F
  8
0
 10
109.8983359916746
 20
158.1859614155072
 30
0.0
  0
VERTEX
  5
10220
  8
0
 10
109.8274526506638
 20
158.212017807445
 30
0.0
  0
VERTEX
  5
10221
  8
0
 10
109.7560025300887
 20
158.238160983891
 30
0.0
  0
VERTEX
  5
10222
  8
0
 10
109.6839968069948
 20
158.2643879262556
 30
0.0
  0
VERTEX
  5
10223
  8
0
 10
109.6114467238327
 20
158.2906955943675
 30
0.0
  0
VERTEX
  5
10224
  8
0
 10
109.5383635855296
 20
158.3170809272889
 30
0.0
  0
VERTEX
  5
10225
  8
0
 10
109.464758756202
 20
158.3435408442403
 30
0.0
  0
VERTEX
  5
10226
  8
0
 10
109.3906436557369
 20
158.3700722455651
 30
0.0
  0
VERTEX
  5
10227
  8
0
 10
109.3160297563688
 20
158.3966720136963
 30
0.0
  0
VERTEX
  5
10228
  8
0
 10
109.2409285792552
 20
158.4233370141228
 30
0.0
  0
VERTEX
  5
10229
  8
0
 10
109.1653516910543
 20
158.4500640963562
 30
0.0
  0
VERTEX
  5
1022A
  8
0
 10
109.0893107005005
 20
158.4768500948966
 30
0.0
  0
VERTEX
  5
1022B
  8
0
 10
109.0128172549816
 20
158.5036918301996
 30
0.0
  0
VERTEX
  5
1022C
  8
0
 10
108.9358830371151
 20
158.5305861096422
 30
0.0
  0
VERTEX
  5
1022D
  8
0
 10
108.8585197613244
 20
158.5575297284899
 30
0.0
  0
VERTEX
  5
1022E
  8
0
 10
108.7807391704159
 20
158.5845194708624
 30
0.0
  0
VERTEX
  5
1022F
  8
0
 10
108.7025530321552
 20
158.6115521107007
 30
0.0
  0
VERTEX
  5
10230
  8
0
 10
108.6239731358433
 20
158.6386244127329
 30
0.0
  0
VERTEX
  5
10231
  8
0
 10
108.5450112888938
 20
158.6657331334411
 30
0.0
  0
VERTEX
  5
10232
  8
0
 10
108.4656793134096
 20
158.6928750220273
 30
0.0
  0
SEQEND
  5
11830
  8
0
  0
POLYLINE
  5
111
  8
0
 66
     1
 10
0.0
 20
0.0
 30
-0.0000000000000089
  0
VERTEX
  5
10233
  8
0
 10
107.3488833547531
 20
158.3550123665404
 30
-0.0000000000000089
  0
VERTEX
  5
10234
  8
0
 10
107.359551034239
 20
158.3686785886375
 30
-0.0000000000000089
  0
VERTEX
  5
10235
  8
0
 10
107.3704455635452
 20
158.3821475201577
 30
-0.0000000000000089
  0
VERTEX
  5
10236
  8
0
 10
107.3815640265672
 20
158.3954165933264
 30
-0.0000000000000089
  0
VERTEX
  5
10237
  8
0
 10
107.3929035072003
 20
158.4084832403693
 30
-0.0000000000000089
  0
VERTEX
  5
10238
  8
0
 10
107.4044610893399
 20
158.4213448935118
 30
-0.0000000000000089
  0
VERTEX
  5
10239
  8
0
 10
107.4162338568813
 20
158.4339989849794
 30
-0.0000000000000089
  0
VERTEX
  5
1023A
  8
0
 10
107.42821889372
 20
158.4464429469976
 30
-0.0000000000000089
  0
VERTEX
  5
1023B
  8
0
 10
107.4404132837512
 20
158.458674211792
 30
-0.0000000000000089
  0
VERTEX
  5
1023C
  8
0
 10
107.4528141108703
 20
158.4706902115879
 30
-0.0000000000000089
  0
VERTEX
  5
1023D
  8
0
 10
107.4654184589728
 20
158.4824883786111
 30
-0.0000000000000089
  0
VERTEX
  5
1023E
  8
0
 10
107.478223411954
 20
158.4940661450869
 30
-0.0000000000000089
  0
VERTEX
  5
1023F
  8
0
 10
107.4912260537092
 20
158.505420943241
 30
-0.0000000000000089
  0
VERTEX
  5
10240
  8
0
 10
107.5044234681339
 20
158.5165502052988
 30
-0.0000000000000089
  0
VERTEX
  5
10241
  8
0
 10
107.5178127391234
 20
158.5274513634857
 30
-0.0000000000000089
  0
VERTEX
  5
10242
  8
0
 10
107.5313909505731
 20
158.5381218500274
 30
-0.0000000000000089
  0
VERTEX
  5
10243
  8
0
 10
107.5451551863783
 20
158.5485590971493
 30
-0.0000000000000089
  0
VERTEX
  5
10244
  8
0
 10
107.5591025304344
 20
158.558760537077
 30
-0.0000000000000089
  0
VERTEX
  5
10245
  8
0
 10
107.5732300666368
 20
158.5687236020359
 30
-0.0000000000000089
  0
VERTEX
  5
10246
  8
0
 10
107.5875348788808
 20
158.5784457242516
 30
-0.0000000000000089
  0
VERTEX
  5
10247
  8
0
 10
107.6020140510619
 20
158.5879243359496
 30
-0.0000000000000089
  0
VERTEX
  5
10248
  8
0
 10
107.6166646670754
 20
158.5971568693554
 30
-0.0000000000000089
  0
VERTEX
  5
10249
  8
0
 10
107.6314838108166
 20
158.6061407566945
 30
-0.0000000000000089
  0
VERTEX
  5
1024A
  8
0
 10
107.6464656586866
 20
158.6148717687925
 30
-0.0000000000000089
  0
VERTEX
  5
1024B
  8
0
 10
107.6615878559914
 20
158.6233368597861
 30
-0.0000000000000089
  0
VERTEX
  5
1024C
  8
0
 10
107.6768432660226
 20
158.6315327028307
 30
-0.0000000000000089
  0
VERTEX
  5
1024D
  8
0
 10
107.6922282161477
 20
158.6394580295012
 30
-0.0000000000000089
  0
VERTEX
  5
1024E
  8
0
 10
107.7077390337339
 20
158.6471115713725
 30
-0.0000000000000089
  0
VERTEX
  5
1024F
  8
0
 10
107.7233720461489
 20
158.6544920600195
 30
-0.0000000000000089
  0
VERTEX
  5
10250
  8
0
 10
107.7391235807601
 20
158.661598227017
 30
-0.0000000000000089
  0
VERTEX
  5
10251
  8
0
 10
107.7549899649348
 20
158.6684288039399
 30
-0.0000000000000089
  0
VERTEX
  5
10252
  8
0
 10
107.7709675260407
 20
158.6749825223631
 30
-0.0000000000000089
  0
VERTEX
  5
10253
  8
0
 10
107.7870525914452
 20
158.6812581138616
 30
-0.0000000000000089
  0
VERTEX
  5
10254
  8
0
 10
107.8032414885157
 20
158.6872543100101
 30
-0.0000000000000089
  0
VERTEX
  5
10255
  8
0
 10
107.8195305446197
 20
158.6929698423836
 30
-0.0000000000000089
  0
VERTEX
  5
10256
  8
0
 10
107.8359160871246
 20
158.6984034425568
 30
-0.0000000000000089
  0
VERTEX
  5
10257
  8
0
 10
107.852394443398
 20
158.7035538421048
 30
-0.0000000000000089
  0
VERTEX
  5
10258
  8
0
 10
107.8689619408072
 20
158.7084197726024
 30
-0.0000000000000089
  0
VERTEX
  5
10259
  8
0
 10
107.8856149067198
 20
158.7129999656245
 30
-0.0000000000000089
  0
VERTEX
  5
1025A
  8
0
 10
107.9023496685031
 20
158.7172931527459
 30
-0.0000000000000089
  0
VERTEX
  5
1025B
  8
0
 10
107.9191625535248
 20
158.7212980655416
 30
-0.0000000000000089
  0
VERTEX
  5
1025C
  8
0
 10
107.9360498891522
 20
158.7250134355863
 30
-0.0000000000000089
  0
VERTEX
  5
1025D
  8
0
 10
107.9530080027528
 20
158.7284379944551
 30
-0.0000000000000089
  0
VERTEX
  5
1025E
  8
0
 10
107.970033221694
 20
158.7315704737228
 30
-0.0000000000000089
  0
VERTEX
  5
1025F
  8
0
 10
107.9871218733434
 20
158.7344096049642
 30
-0.0000000000000089
  0
VERTEX
  5
10260
  8
0
 10
108.0042702850683
 20
158.7369541197542
 30
-0.0000000000000089
  0
VERTEX
  5
10261
  8
0
 10
108.0214641541785
 20
158.7392014512199
 30
-0.0000000000000089
  0
VERTEX
  5
10262
  8
0
 10
108.0386869457675
 20
158.7411495322602
 30
-0.0000000000000089
  0
VERTEX
  5
10263
  8
0
 10
108.0559347326788
 20
158.7427982770645
 30
-0.0000000000000089
  0
VERTEX
  5
10264
  8
0
 10
108.0732036126527
 20
158.7441476032953
 30
-0.0000000000000089
  0
VERTEX
  5
10265
  8
0
 10
108.0904896834291
 20
158.7451974286153
 30
-0.0000000000000089
  0
VERTEX
  5
10266
  8
0
 10
108.1077890427483
 20
158.7459476706872
 30
-0.0000000000000089
  0
VERTEX
  5
10267
  8
0
 10
108.1250977883504
 20
158.7463982471738
 30
-0.0000000000000089
  0
VERTEX
  5
10268
  8
0
 10
108.1424120179756
 20
158.7465490757378
 30
-0.0000000000000089
  0
VERTEX
  5
10269
  8
0
 10
108.1597278293638
 20
158.7464000740419
 30
-0.0000000000000089
  0
VERTEX
  5
1026A
  8
0
 10
108.1770413202554
 20
158.7459511597488
 30
-0.0000000000000089
  0
VERTEX
  5
1026B
  8
0
 10
108.1943485883903
 20
158.7452022505211
 30
-0.0000000000000089
  0
VERTEX
  5
1026C
  8
0
 10
108.2116457315089
 20
158.7441532640217
 30
-0.0000000000000089
  0
VERTEX
  5
1026D
  8
0
 10
108.2289288473511
 20
158.7428041179132
 30
-0.0000000000000089
  0
VERTEX
  5
1026E
  8
0
 10
108.2461920437963
 20
158.741154937268
 30
-0.0000000000000089
  0
VERTEX
  5
1026F
  8
0
 10
108.2634183347909
 20
158.7392073358294
 30
-0.0000000000000089
  0
VERTEX
  5
10270
  8
0
 10
108.2806015065506
 20
158.736962344636
 30
-0.0000000000000089
  0
VERTEX
  5
10271
  8
0
 10
108.2977377436453
 20
158.7344207864303
 30
-0.0000000000000089
  0
VERTEX
  5
10272
  8
0
 10
108.314823230645
 20
158.7315834839546
 30
-0.0000000000000089
  0
VERTEX
  5
10273
  8
0
 10
108.3318541521197
 20
158.7284512599514
 30
-0.0000000000000089
  0
VERTEX
  5
10274
  8
0
 10
108.3488266926392
 20
158.7250249371632
 30
-0.0000000000000089
  0
VERTEX
  5
10275
  8
0
 10
108.3657370367736
 20
158.7213053383322
 30
-0.0000000000000089
  0
VERTEX
  5
10276
  8
0
 10
108.3825813690928
 20
158.7172932862011
 30
-0.0000000000000089
  0
VERTEX
  5
10277
  8
0
 10
108.3993558741668
 20
158.7129896035122
 30
-0.0000000000000089
  0
VERTEX
  5
10278
  8
0
 10
108.4160567365655
 20
158.7083951130079
 30
-0.0000000000000089
  0
VERTEX
  5
10279
  8
0
 10
108.4326801408589
 20
158.7035106374307
 30
-0.0000000000000089
  0
VERTEX
  5
1027A
  8
0
 10
108.4492222716169
 20
158.698336999523
 30
-0.0000000000000089
  0
VERTEX
  5
1027B
  8
0
 10
108.4656793134096
 20
158.6928750220273
 30
-0.0000000000000089
  0
SEQEND
  5
11831
  8
0
  0
ARC
  5
112
  8
0
 10
105.7617192834515
 20
159.5719389094218
 30
0.0
 40
1.999999999999978
 50
182.9014596949379
 51
322.5215297614956
  0
POLYLINE
  5
113
  8
0
 66
     1
 10
0.0
 20
0.0
 30
0.0
  0
VERTEX
  5
1027C
  8
0
 10
103.0382901940088
 20
160.3821757553538
 30
0.0
  0
VERTEX
  5
1027D
  8
0
 10
103.0549033234155
 20
160.3773106777579
 30
0.0
  0
VERTEX
  5
1027E
  8
0
 10
103.0714170866819
 20
160.3721628094935
 30
0.0
  0
VERTEX
  5
1027F
  8
0
 10
103.0878280368076
 20
160.3667339055696
 30
0.0
  0
VERTEX
  5
10280
  8
0
 10
103.1041327267922
 20
160.361025720995
 30
0.0
  0
VERTEX
  5
10281
  8
0
 10
103.1203277096355
 20
160.3550400107784
 30
0.0
  0
VERTEX
  5
10282
  8
0
 10
103.1364095383369
 20
160.3487785299288
 30
0.0
  0
VERTEX
  5
10283
  8
0
 10
103.1523747658963
 20
160.3422430334551
 30
0.0
  0
VERTEX
  5
10284
  8
0
 10
103.1682199453132
 20
160.3354352763661
 30
0.0
  0
VERTEX
  5
10285
  8
0
 10
103.1839416295873
 20
160.3283570136707
 30
0.0
  0
VERTEX
  5
10286
  8
0
 10
103.1995363717183
 20
160.3210100003777
 30
0.0
  0
VERTEX
  5
10287
  8
0
 10
103.2150007247056
 20
160.313395991496
 30
0.0
  0
VERTEX
  5
10288
  8
0
 10
103.2303312415491
 20
160.3055167420344
 30
0.0
  0
VERTEX
  5
10289
  8
0
 10
103.2455244752484
 20
160.2973740070019
 30
0.0
  0
VERTEX
  5
1028A
  8
0
 10
103.260576978803
 20
160.2889695414071
 30
0.0
  0
VERTEX
  5
1028B
  8
0
 10
103.2754853052127
 20
160.2803051002591
 30
0.0
  0
VERTEX
  5
1028C
  8
0
 10
103.2902460074771
 20
160.2713824385668
 30
0.0
  0
VERTEX
  5
1028D
  8
0
 10
103.3048556385958
 20
160.2622033113388
 30
0.0
  0
VERTEX
  5
1028E
  8
0
 10
103.3193107515685
 20
160.2527694735841
 30
0.0
  0
VERTEX
  5
1028F
  8
0
 10
103.3336078993948
 20
160.2430826803116
 30
0.0
  0
VERTEX
  5
10290
  8
0
 10
103.3477436350744
 20
160.2331446865302
 30
0.0
  0
VERTEX
  5
10291
  8
0
 10
103.3617145116068
 20
160.2229572472485
 30
0.0
  0
VERTEX
  5
10292
  8
0
 10
103.3755170819918
 20
160.2125221174757
 30
0.0
  0
VERTEX
  5
10293
  8
0
 10
103.3891456459223
 20
160.2018428490745
 30
0.0
  0
VERTEX
  5
10294
  8
0
 10
103.4025799345009
 20
160.1909352757724
 30
0.0
  0
VERTEX
  5
10295
  8
0
 10
103.4158138171841
 20
160.179805107928
 30
0.0
  0
VERTEX
  5
10296
  8
0
 10
103.4288447713381
 20
160.1684552778077
 30
0.0
  0
VERTEX
  5
10297
  8
0
 10
103.4416702743292
 20
160.1568887176778
 30
0.0
  0
VERTEX
  5
10298
  8
0
 10
103.4542878035233
 20
160.1451083598048
 30
0.0
  0
VERTEX
  5
10299
  8
0
 10
103.4666948362868
 20
160.133117136455
 30
0.0
  0
VERTEX
  5
1029A
  8
0
 10
103.4788888499858
 20
160.1209179798948
 30
0.0
  0
VERTEX
  5
1029B
  8
0
 10
103.4908673219866
 20
160.1085138223906
 30
0.0
  0
VERTEX
  5
1029C
  8
0
 10
103.5026277296552
 20
160.0959075962087
 30
0.0
  0
VERTEX
  5
1029D
  8
0
 10
103.5141675503578
 20
160.0831022336156
 30
0.0
  0
VERTEX
  5
1029E
  8
0
 10
103.5254842614606
 20
160.0701006668775
 30
0.0
  0
VERTEX
  5
1029F
  8
0
 10
103.5365753403299
 20
160.056905828261
 30
0.0
  0
VERTEX
  5
102A0
  8
0
 10
103.5474382643317
 20
160.0435206500324
 30
0.0
  0
VERTEX
  5
102A1
  8
0
 10
103.5580705108322
 20
160.0299480644581
 30
0.0
  0
VERTEX
  5
102A2
  8
0
 10
103.5684695571977
 20
160.0161910038045
 30
0.0
  0
VERTEX
  5
102A3
  8
0
 10
103.5786328807943
 20
160.0022524003379
 30
0.0
  0
VERTEX
  5
102A4
  8
0
 10
103.5885579589882
 20
159.9881351863247
 30
0.0
  0
VERTEX
  5
102A5
  8
0
 10
103.5982422691455
 20
159.9738422940313
 30
0.0
  0
VERTEX
  5
102A6
  8
0
 10
103.6076832886324
 20
159.9593766557241
 30
0.0
  0
VERTEX
  5
102A7
  8
0
 10
103.6168784948151
 20
159.9447412036695
 30
0.0
  0
VERTEX
  5
102A8
  8
0
 10
103.6258253650598
 20
159.9299388701339
 30
0.0
  0
VERTEX
  5
102A9
  8
0
 10
103.6345213767327
 20
159.9149725873835
 30
0.0
  0
VERTEX
  5
102AA
  8
0
 10
103.6429595904255
 20
159.8998533606101
 30
0.0
  0
VERTEX
  5
102AB
  8
0
 10
103.6511313236129
 20
159.8845968610715
 30
0.0
  0
VERTEX
  5
102AC
  8
0
 10
103.6590349899716
 20
159.8692068003977
 30
0.0
  0
VERTEX
  5
102AD
  8
0
 10
103.6666690782732
 20
159.8536867583541
 30
0.0
  0
VERTEX
  5
102AE
  8
0
 10
103.6740320772892
 20
159.8380403147057
 30
0.0
  0
VERTEX
  5
102AF
  8
0
 10
103.6811224757911
 20
159.8222710492178
 30
0.0
  0
VERTEX
  5
102B0
  8
0
 10
103.6879387625505
 20
159.8063825416556
 30
0.0
  0
VERTEX
  5
102B1
  8
0
 10
103.6944794263389
 20
159.7903783717843
 30
0.0
  0
VERTEX
  5
102B2
  8
0
 10
103.7007429559278
 20
159.7742621193691
 30
0.0
  0
VERTEX
  5
102B3
  8
0
 10
103.7067278400888
 20
159.7580373641752
 30
0.0
  0
VERTEX
  5
102B4
  8
0
 10
103.7124325675935
 20
159.7417076859679
 30
0.0
  0
VERTEX
  5
102B5
  8
0
 10
103.7178556272133
 20
159.7252766645123
 30
0.0
  0
VERTEX
  5
102B6
  8
0
 10
103.7229955077198
 20
159.7087478795736
 30
0.0
  0
VERTEX
  5
102B7
  8
0
 10
103.7278502312666
 20
159.692126561143
 30
0.0
  0
VERTEX
  5
102B8
  8
0
 10
103.7324150371367
 20
159.6754289310205
 30
0.0
  0
VERTEX
  5
102B9
  8
0
 10
103.7366884977777
 20
159.6586614151476
 30
0.0
  0
VERTEX
  5
102BA
  8
0
 10
103.7406699676227
 20
159.6418278452047
 30
0.0
  0
VERTEX
  5
102BB
  8
0
 10
103.7443588011048
 20
159.624932052872
 30
0.0
  0
VERTEX
  5
102BC
  8
0
 10
103.7477543526573
 20
159.6079778698299
 30
0.0
  0
VERTEX
  5
102BD
  8
0
 10
103.7508559767133
 20
159.5909691277587
 30
0.0
  0
VERTEX
  5
102BE
  8
0
 10
103.7536630277061
 20
159.5739096583386
 30
0.0
  0
VERTEX
  5
102BF
  8
0
 10
103.7561748600687
 20
159.5568032932499
 30
0.0
  0
VERTEX
  5
102C0
  8
0
 10
103.7583908282345
 20
159.5396538641729
 30
0.0
  0
VERTEX
  5
102C1
  8
0
 10
103.7603102866364
 20
159.522465202788
 30
0.0
  0
VERTEX
  5
102C2
  8
0
 10
103.7619325897078
 20
159.5052411407754
 30
0.0
  0
VERTEX
  5
102C3
  8
0
 10
103.7632570918818
 20
159.4879855098154
 30
0.0
  0
VERTEX
  5
102C4
  8
0
 10
103.7642831475917
 20
159.4707021415883
 30
0.0
  0
SEQEND
  5
11832
  8
0
  0
POLYLINE
  5
114
  8
0
 66
     1
 10
0.0
 20
0.0
 30
0.0
  0
VERTEX
  5
102C5
  8
0
 10
103.0382901940088
 20
160.3821757553539
 30
0.0
  0
VERTEX
  5
102C6
  8
0
 10
103.0144628086
 20
160.3889269052068
 30
0.0
  0
VERTEX
  5
102C7
  8
0
 10
102.9906601194815
 20
160.3956646096632
 30
0.0
  0
VERTEX
  5
102C8
  8
0
 10
102.9668822680071
 20
160.4023888253814
 30
0.0
  0
VERTEX
  5
102C9
  8
0
 10
102.9431293941481
 20
160.4090995093852
 30
0.0
  0
VERTEX
  5
102CA
  8
0
 10
102.9194016364966
 20
160.4157966190643
 30
0.0
  0
VERTEX
  5
102CB
  8
0
 10
102.895699132269
 20
160.4224801121726
 30
0.0
  0
VERTEX
  5
102CC
  8
0
 10
102.8720220173089
 20
160.429149946828
 30
0.0
  0
VERTEX
  5
102CD
  8
0
 10
102.8483704260907
 20
160.435806081511
 30
0.0
  0
VERTEX
  5
102CE
  8
0
 10
102.8247444917226
 20
160.4424484750648
 30
0.0
  0
VERTEX
  5
102CF
  8
0
 10
102.80114434595
 20
160.4490770866931
 30
0.0
  0
VERTEX
  5
102D0
  8
0
 10
102.7775701191587
 20
160.4556918759609
 30
0.0
  0
VERTEX
  5
102D1
  8
0
 10
102.7540219403785
 20
160.4622928027926
 30
0.0
  0
VERTEX
  5
102D2
  8
0
 10
102.730499937286
 20
160.4688798274713
 30
0.0
  0
VERTEX
  5
102D3
  8
0
 10
102.7070042362079
 20
160.4754529106386
 30
0.0
  0
VERTEX
  5
102D4
  8
0
 10
102.6835349621248
 20
160.4820120132931
 30
0.0
  0
VERTEX
  5
102D5
  8
0
 10
102.6600922386739
 20
160.4885570967901
 30
0.0
  0
VERTEX
  5
102D6
  8
0
 10
102.6366761881525
 20
160.4950881228405
 30
0.0
  0
VERTEX
  5
102D7
  8
0
 10
102.6132869315214
 20
160.5016050535101
 30
0.0
  0
VERTEX
  5
102D8
  8
0
 10
102.5899245884078
 20
160.5081078512187
 30
0.0
  0
VERTEX
  5
102D9
  8
0
 10
102.5665892771089
 20
160.5145964787394
 30
0.0
  0
VERTEX
  5
102DA
  8
0
 10
102.543281114595
 20
160.521070899198
 30
0.0
  0
VERTEX
  5
102DB
  8
0
 10
102.5200002165131
 20
160.5275310760717
 30
0.0
  0
VERTEX
  5
102DC
  8
0
 10
102.4967466971896
 20
160.5339769731886
 30
0.0
  0
VERTEX
  5
102DD
  8
0
 10
102.4735206696339
 20
160.5404085547269
 30
0.0
  0
VERTEX
  5
102DE
  8
0
 10
102.4503222455418
 20
160.5468257852141
 30
0.0
  0
VERTEX
  5
102DF
  8
0
 10
102.4271515352986
 20
160.5532286295261
 30
0.0
  0
VERTEX
  5
102E0
  8
0
 10
102.4040086479822
 20
160.5596170528864
 30
0.0
  0
VERTEX
  5
102E1
  8
0
 10
102.3808936913667
 20
160.5659910208654
 30
0.0
  0
VERTEX
  5
102E2
  8
0
 10
102.3578067719257
 20
160.5723504993795
 30
0.0
  0
VERTEX
  5
102E3
  8
0
 10
102.334747994835
 20
160.5786954546903
 30
0.0
  0
VERTEX
  5
102E4
  8
0
 10
102.3117174639765
 20
160.5850258534039
 30
0.0
  0
VERTEX
  5
102E5
  8
0
 10
102.2887152819414
 20
160.59134166247
 30
0.0
  0
VERTEX
  5
102E6
  8
0
 10
102.2657415500329
 20
160.597642849181
 30
0.0
  0
VERTEX
  5
102E7
  8
0
 10
102.2427963682702
 20
160.6039293811714
 30
0.0
  0
VERTEX
  5
102E8
  8
0
 10
102.2198798353915
 20
160.6102012264169
 30
0.0
  0
VERTEX
  5
102E9
  8
0
 10
102.1969920488568
 20
160.6164583532336
 30
0.0
  0
VERTEX
  5
102EA
  8
0
 10
102.174133104852
 20
160.6227007302771
 30
0.0
  0
VERTEX
  5
102EB
  8
0
 10
102.1513030982917
 20
160.628928326542
 30
0.0
  0
VERTEX
  5
102EC
  8
0
 10
102.1285021228224
 20
160.6351411113605
 30
0.0
  0
VERTEX
  5
102ED
  8
0
 10
102.1057302708254
 20
160.6413390544026
 30
0.0
  0
SEQEND
  5
11833
  8
0
  0
POLYLINE
  5
115
  8
0
 66
     1
 10
0.0
 20
0.0
 30
0.0
  0
VERTEX
  5
102EE
  8
0
 10
101.008752562378
 20
160.2274226316172
 30
0.0
  0
VERTEX
  5
102EF
  8
0
 10
101.0184857375658
 20
160.2418872332567
 30
0.0
  0
VERTEX
  5
102F0
  8
0
 10
101.028461801424
 20
160.2561689644034
 30
0.0
  0
VERTEX
  5
102F1
  8
0
 10
101.0386779797124
 20
160.270265011121
 30
0.0
  0
VERTEX
  5
102F2
  8
0
 10
101.0491314981911
 20
160.2841725594734
 30
0.0
  0
VERTEX
  5
102F3
  8
0
 10
101.0598195826199
 20
160.2978887955241
 30
0.0
  0
VERTEX
  5
102F4
  8
0
 10
101.0707394587588
 20
160.3114109053369
 30
0.0
  0
VERTEX
  5
102F5
  8
0
 10
101.0818883523677
 20
160.3247360749756
 30
0.0
  0
VERTEX
  5
102F6
  8
0
 10
101.0932634892066
 20
160.3378614905038
 30
0.0
  0
VERTEX
  5
102F7
  8
0
 10
101.1048620950354
 20
160.3507843379853
 30
0.0
  0
VERTEX
  5
102F8
  8
0
 10
101.1166813956139
 20
160.3635018034838
 30
0.0
  0
VERTEX
  5
102F9
  8
0
 10
101.1287186167022
 20
160.3760110730632
 30
0.0
  0
VERTEX
  5
102FA
  8
0
 10
101.1409709840603
 20
160.388309332787
 30
0.0
  0
VERTEX
  5
102FB
  8
0
 10
101.1534357234479
 20
160.4003937687189
 30
0.0
  0
VERTEX
  5
102FC
  8
0
 10
101.1661100606252
 20
160.4122615669229
 30
0.0
  0
VERTEX
  5
102FD
  8
0
 10
101.1789912213519
 20
160.4239099134624
 30
0.0
  0
VERTEX
  5
102FE
  8
0
 10
101.192076431388
 20
160.4353359944014
 30
0.0
  0
VERTEX
  5
102FF
  8
0
 10
101.2053629164936
 20
160.4465369958035
 30
0.0
  0
VERTEX
  5
10300
  8
0
 10
101.2188479024284
 20
160.4575101037324
 30
0.0
  0
VERTEX
  5
10301
  8
0
 10
101.2325286149525
 20
160.468252504252
 30
0.0
  0
VERTEX
  5
10302
  8
0
 10
101.2464022798258
 20
160.4787613834257
 30
0.0
  0
VERTEX
  5
10303
  8
0
 10
101.2604661228082
 20
160.4890339273176
 30
0.0
  0
VERTEX
  5
10304
  8
0
 10
101.2747173696596
 20
160.4990673219911
 30
0.0
  0
VERTEX
  5
10305
  8
0
 10
101.2891487384933
 20
160.5088557518667
 30
0.0
  0
VERTEX
  5
10306
  8
0
 10
101.303738757385
 20
160.5183847389909
 30
0.0
  0
VERTEX
  5
10307
  8
0
 10
101.3184818610384
 20
160.5276513996172
 30
0.0
  0
VERTEX
  5
10308
  8
0
 10
101.3333744146087
 20
160.53665418373
 30
0.0
  0
VERTEX
  5
10309
  8
0
 10
101.348412783251
 20
160.5453915413134
 30
0.0
  0
VERTEX
  5
1030A
  8
0
 10
101.3635933321205
 20
160.5538619223518
 30
0.0
  0
VERTEX
  5
1030B
  8
0
 10
101.3789124263727
 20
160.5620637768295
 30
0.0
  0
VERTEX
  5
1030C
  8
0
 10
101.3943664311625
 20
160.5699955547308
 30
0.0
  0
VERTEX
  5
1030D
  8
0
 10
101.4099517116452
 20
160.5776557060398
 30
0.0
  0
VERTEX
  5
1030E
  8
0
 10
101.4256646329762
 20
160.585042680741
 30
0.0
  0
VERTEX
  5
1030F
  8
0
 10
101.4415015603105
 20
160.5921549288186
 30
0.0
  0
VERTEX
  5
10310
  8
0
 10
101.4574588588035
 20
160.5989909002568
 30
0.0
  0
VERTEX
  5
10311
  8
0
 10
101.4735328936103
 20
160.60554904504
 30
0.0
  0
VERTEX
  5
10312
  8
0
 10
101.4897200298861
 20
160.6118278131524
 30
0.0
  0
VERTEX
  5
10313
  8
0
 10
101.5060166327863
 20
160.6178256545784
 30
0.0
  0
VERTEX
  5
10314
  8
0
 10
101.5224190674659
 20
160.6235410193022
 30
0.0
  0
VERTEX
  5
10315
  8
0
 10
101.5389236990803
 20
160.6289723573081
 30
0.0
  0
VERTEX
  5
10316
  8
0
 10
101.5555268927846
 20
160.6341181185804
 30
0.0
  0
VERTEX
  5
10317
  8
0
 10
101.5722250137341
 20
160.6389767531033
 30
0.0
  0
VERTEX
  5
10318
  8
0
 10
101.589014427084
 20
160.6435467108611
 30
0.0
  0
VERTEX
  5
10319
  8
0
 10
101.6058914979895
 20
160.6478264418382
 30
0.0
  0
VERTEX
  5
1031A
  8
0
 10
101.6228525916059
 20
160.6518143960189
 30
0.0
  0
VERTEX
  5
1031B
  8
0
 10
101.6398935755593
 20
160.6555089200281
 30
0.0
  0
VERTEX
  5
1031C
  8
0
 10
101.6569951920858
 20
160.6589055237161
 30
0.0
  0
VERTEX
  5
1031D
  8
0
 10
101.674146139193
 20
160.662002191777
 30
0.0
  0
VERTEX
  5
1031E
  8
0
 10
101.6913424637465
 20
160.6647985679379
 30
0.0
  0
VERTEX
  5
1031F
  8
0
 10
101.7085802126119
 20
160.6672942959259
 30
0.0
  0
VERTEX
  5
10320
  8
0
 10
101.7258554326547
 20
160.6694890194678
 30
0.0
  0
VERTEX
  5
10321
  8
0
 10
101.7431641707404
 20
160.6713823822907
 30
0.0
  0
VERTEX
  5
10322
  8
0
 10
101.7605024737347
 20
160.6729740281216
 30
0.0
  0
VERTEX
  5
10323
  8
0
 10
101.777866388503
 20
160.6742636006875
 30
0.0
  0
VERTEX
  5
10324
  8
0
 10
101.7952519619108
 20
160.6752507437153
 30
0.0
  0
VERTEX
  5
10325
  8
0
 10
101.8126552408238
 20
160.6759351009321
 30
0.0
  0
VERTEX
  5
10326
  8
0
 10
101.8300722721074
 20
160.6763163160649
 30
0.0
  0
VERTEX
  5
10327
  8
0
 10
101.8474991026272
 20
160.6763940328407
 30
0.0
  0
VERTEX
  5
10328
  8
0
 10
101.8649317792488
 20
160.6761678949864
 30
0.0
  0
VERTEX
  5
10329
  8
0
 10
101.882363067079
 20
160.675637674466
 30
0.0
  0
VERTEX
  5
1032A
  8
0
 10
101.8997756801231
 20
160.6748039382081
 30
0.0
  0
VERTEX
  5
1032B
  8
0
 10
101.9171642694827
 20
160.673667298916
 30
0.0
  0
VERTEX
  5
1032C
  8
0
 10
101.9345249088694
 20
160.6722283383659
 30
0.0
  0
VERTEX
  5
1032D
  8
0
 10
101.951853671995
 20
160.6704876383336
 30
0.0
  0
VERTEX
  5
1032E
  8
0
 10
101.9691466325715
 20
160.6684457805954
 30
0.0
  0
VERTEX
  5
1032F
  8
0
 10
101.9863998643105
 20
160.6661033469273
 30
0.0
  0
VERTEX
  5
10330
  8
0
 10
102.0036094409239
 20
160.6634609191054
 30
0.0
  0
VERTEX
  5
10331
  8
0
 10
102.0207714361233
 20
160.6605190789057
 30
0.0
  0
VERTEX
  5
10332
  8
0
 10
102.0378819236207
 20
160.6572784081042
 30
0.0
  0
VERTEX
  5
10333
  8
0
 10
102.0549369771279
 20
160.6537394884772
 30
0.0
  0
VERTEX
  5
10334
  8
0
 10
102.0719326703565
 20
160.6499029018005
 30
0.0
  0
VERTEX
  5
10335
  8
0
 10
102.0888650770184
 20
160.6457692298503
 30
0.0
  0
VERTEX
  5
10336
  8
0
 10
102.1057302708254
 20
160.6413390544027
 30
0.0
  0
SEQEND
  5
11834
  8
0
  0
ARC
  5
116
  8
0
 10
99.33976789240742
 20
161.3294617286566
 30
0.0
 40
2.0
 50
189.9005854930463
 51
326.5630135927552
  0
POLYLINE
  5
117
  8
0
 66
     1
 10
0.0
 20
0.0
 30
-0.0000000000000089
  0
VERTEX
  5
10337
  8
0
 10
96.4875060226848
 20
161.8083192823202
 30
-0.0000000000000089
  0
VERTEX
  5
10338
  8
0
 10
96.50541135807592
 20
161.8063008555642
 30
-0.0000000000000089
  0
VERTEX
  5
10339
  8
0
 10
96.52326321107392
 20
161.8039621180672
 30
-0.0000000000000089
  0
VERTEX
  5
1033A
  8
0
 10
96.54105741140049
 20
161.8013043505013
 30
-0.0000000000000089
  0
VERTEX
  5
1033B
  8
0
 10
96.55878978877746
 20
161.7983288335389
 30
-0.0000000000000089
  0
VERTEX
  5
1033C
  8
0
 10
96.5764561729265
 20
161.7950368478521
 30
-0.0000000000000089
  0
VERTEX
  5
1033D
  8
0
 10
96.59405239356946
 20
161.7914296741132
 30
-0.0000000000000089
  0
VERTEX
  5
1033E
  8
0
 10
96.61157428042796
 20
161.7875085929944
 30
-0.0000000000000089
  0
VERTEX
  5
1033F
  8
0
 10
96.62901766322388
 20
161.7832748851681
 30
-0.0000000000000089
  0
VERTEX
  5
10340
  8
0
 10
96.64637837167892
 20
161.7787298313064
 30
-0.0000000000000089
  0
VERTEX
  5
10341
  8
0
 10
96.66365223551482
 20
161.7738747120813
 30
-0.0000000000000089
  0
VERTEX
  5
10342
  8
0
 10
96.68083508445335
 20
161.7687108081655
 30
-0.0000000000000089
  0
VERTEX
  5
10343
  8
0
 10
96.69792274821627
 20
161.7632394002309
 30
-0.0000000000000089
  0
VERTEX
  5
10344
  8
0
 10
96.71491105652532
 20
161.7574617689499
 30
-0.0000000000000089
  0
VERTEX
  5
10345
  8
0
 10
96.73179583910223
 20
161.7513791949946
 30
-0.0000000000000089
  0
VERTEX
  5
10346
  8
0
 10
96.74857292566881
 20
161.7449929590373
 30
-0.0000000000000089
  0
VERTEX
  5
10347
  8
0
 10
96.76523814594675
 20
161.7383043417503
 30
-0.0000000000000089
  0
VERTEX
  5
10348
  8
0
 10
96.78178732965787
 20
161.7313146238058
 30
-0.0000000000000089
  0
VERTEX
  5
10349
  8
0
 10
96.79821630652383
 20
161.7240250858759
 30
-0.0000000000000089
  0
VERTEX
  5
1034A
  8
0
 10
96.81452090626647
 20
161.716437008633
 30
-0.0000000000000089
  0
VERTEX
  5
1034B
  8
0
 10
96.83069695860752
 20
161.7085516727493
 30
-0.0000000000000089
  0
VERTEX
  5
1034C
  8
0
 10
96.8467402932687
 20
161.700370358897
 30
-0.0000000000000089
  0
VERTEX
  5
1034D
  8
0
 10
96.86264522183197
 20
161.6918951741444
 30
-0.0000000000000089
  0
VERTEX
  5
1034E
  8
0
 10
96.87838766427222
 20
161.6831388033251
 30
-0.0000000000000089
  0
VERTEX
  5
1034F
  8
0
 10
96.89395791093602
 20
161.6741073205003
 30
-0.0000000000000089
  0
VERTEX
  5
10350
  8
0
 10
96.90935258998138
 20
161.664803493706
 30
-0.0000000000000089
  0
VERTEX
  5
10351
  8
0
 10
96.9245683295663
 20
161.6552300909783
 30
-0.0000000000000089
  0
VERTEX
  5
10352
  8
0
 10
96.93960175784875
 20
161.6453898803531
 30
-0.0000000000000089
  0
VERTEX
  5
10353
  8
0
 10
96.95444950298675
 20
161.6352856298666
 30
-0.0000000000000089
  0
VERTEX
  5
10354
  8
0
 10
96.96910819313827
 20
161.6249201075547
 30
-0.0000000000000089
  0
VERTEX
  5
10355
  8
0
 10
96.98357445646131
 20
161.6142960814536
 30
-0.0000000000000089
  0
VERTEX
  5
10356
  8
0
 10
96.99784492111392
 20
161.6034163195993
 30
-0.0000000000000089
  0
VERTEX
  5
10357
  8
0
 10
97.01191621525399
 20
161.5922835900277
 30
-0.0000000000000089
  0
VERTEX
  5
10358
  8
0
 10
97.0257849670396
 20
161.580900660775
 30
-0.0000000000000089
  0
VERTEX
  5
10359
  8
0
 10
97.0394478046287
 20
161.5692702998771
 30
-0.0000000000000089
  0
VERTEX
  5
1035A
  8
0
 10
97.05290135617928
 20
161.5573952753702
 30
-0.0000000000000089
  0
VERTEX
  5
1035B
  8
0
 10
97.06614224984939
 20
161.5452783552902
 30
-0.0000000000000089
  0
VERTEX
  5
1035C
  8
0
 10
97.07916711379697
 20
161.5329223076732
 30
-0.0000000000000089
  0
VERTEX
  5
1035D
  8
0
 10
97.09197257618001
 20
161.5203299005553
 30
-0.0000000000000089
  0
VERTEX
  5
1035E
  8
0
 10
97.10455526515653
 20
161.5075039019725
 30
-0.0000000000000089
  0
VERTEX
  5
1035F
  8
0
 10
97.11691180888454
 20
161.4944470799607
 30
-0.0000000000000089
  0
VERTEX
  5
10360
  8
0
 10
97.12903883552198
 20
161.4811622025561
 30
-0.0000000000000089
  0
VERTEX
  5
10361
  8
0
 10
97.14093297322688
 20
161.4676520377947
 30
-0.0000000000000089
  0
VERTEX
  5
10362
  8
0
 10
97.15259085015725
 20
161.4539193537126
 30
-0.0000000000000089
  0
VERTEX
  5
10363
  8
0
 10
97.16400549657025
 20
161.439971394854
 30
-0.0000000000000089
  0
VERTEX
  5
10364
  8
0
 10
97.17516202477735
 20
161.4258262875557
 30
-0.0000000000000089
  0
VERTEX
  5
10365
  8
0
 10
97.1860571281697
 20
161.4114889204887
 30
-0.0000000000000089
  0
VERTEX
  5
10366
  8
0
 10
97.19668848122672
 20
161.3969630050917
 30
-0.0000000000000089
  0
VERTEX
  5
10367
  8
0
 10
97.20705375842785
 20
161.3822522528039
 30
-0.0000000000000089
  0
VERTEX
  5
10368
  8
0
 10
97.2171506342526
 20
161.367360375064
 30
-0.0000000000000089
  0
VERTEX
  5
10369
  8
0
 10
97.22697678318045
 20
161.3522910833112
 30
-0.0000000000000089
  0
VERTEX
  5
1036A
  8
0
 10
97.2365298796908
 20
161.3370480889843
 30
-0.0000000000000089
  0
VERTEX
  5
1036B
  8
0
 10
97.2458075982632
 20
161.3216351035223
 30
-0.0000000000000089
  0
VERTEX
  5
1036C
  8
0
 10
97.25480761337707
 20
161.3060558383642
 30
-0.0000000000000089
  0
VERTEX
  5
1036D
  8
0
 10
97.26352759951186
 20
161.2903140049487
 30
-0.0000000000000089
  0
VERTEX
  5
1036E
  8
0
 10
97.27196523114705
 20
161.274413314715
 30
-0.0000000000000089
  0
VERTEX
  5
1036F
  8
0
 10
97.2801181827621
 20
161.258357479102
 30
-0.0000000000000089
  0
VERTEX
  5
10370
  8
0
 10
97.2879841288365
 20
161.2421502095487
 30
-0.0000000000000089
  0
VERTEX
  5
10371
  8
0
 10
97.29556027335465
 20
161.2257962574488
 30
-0.0000000000000089
  0
VERTEX
  5
10372
  8
0
 10
97.3028383492053
 20
161.2093132725879
 30
-0.0000000000000089
  0
VERTEX
  5
10373
  8
0
 10
97.30981503230042
 20
161.1927097021848
 30
-0.0000000000000089
  0
VERTEX
  5
10374
  8
0
 10
97.31648902088045
 20
161.1759897281347
 30
-0.0000000000000089
  0
VERTEX
  5
10375
  8
0
 10
97.3228590131857
 20
161.1591575323327
 30
-0.0000000000000089
  0
VERTEX
  5
10376
  8
0
 10
97.32892370745664
 20
161.1422172966739
 30
-0.0000000000000089
  0
VERTEX
  5
10377
  8
0
 10
97.33468180193353
 20
161.1251732030534
 30
-0.0000000000000089
  0
VERTEX
  5
10378
  8
0
 10
97.34013199485689
 20
161.1080294333663
 30
-0.0000000000000089
  0
VERTEX
  5
10379
  8
0
 10
97.34527298446706
 20
161.0907901695078
 30
-0.0000000000000089
  0
VERTEX
  5
1037A
  8
0
 10
97.3501034690044
 20
161.0734595933729
 30
-0.0000000000000089
  0
VERTEX
  5
1037B
  8
0
 10
97.35462214670932
 20
161.0560418868567
 30
-0.0000000000000089
  0
VERTEX
  5
1037C
  8
0
 10
97.3588277158222
 20
161.0385412318545
 30
-0.0000000000000089
  0
VERTEX
  5
1037D
  8
0
 10
97.36271887458341
 20
161.0209618102611
 30
-0.0000000000000089
  0
VERTEX
  5
1037E
  8
0
 10
97.36629432123338
 20
161.0033078039719
 30
-0.0000000000000089
  0
VERTEX
  5
1037F
  8
0
 10
97.36955275401246
 20
160.9855833948819
 30
-0.0000000000000089
  0
SEQEND
  5
11835
  8
0
  0
POLYLINE
  5
118
  8
0
 66
     1
 10
0.0
 20
0.0
 30
-0.0000000000000089
  0
VERTEX
  5
10380
  8
0
 10
96.48750602268481
 20
161.8083192823202
 30
-0.0000000000000089
  0
VERTEX
  5
10381
  8
0
 10
96.43391101423161
 20
161.8137966580964
 30
-0.0000000000000089
  0
VERTEX
  5
10382
  8
0
 10
96.38050147260532
 20
161.8191040294314
 30
-0.0000000000000089
  0
VERTEX
  5
10383
  8
0
 10
96.32727017582863
 20
161.8242431926071
 30
-0.0000000000000089
  0
VERTEX
  5
10384
  8
0
 10
96.27420986840116
 20
161.8292159569003
 30
-0.0000000000000089
  0
VERTEX
  5
10385
  8
0
 10
96.2213132640911
 20
161.8340241438923
 30
-0.0000000000000089
  0
VERTEX
  5
10386
  8
0
 10
96.16857304872782
 20
161.838669586779
 30
-0.0000000000000089
  0
VERTEX
  5
10387
  8
0
 10
96.11598188299347
 20
161.8431541296806
 30
-0.0000000000000089
  0
VERTEX
  5
10388
  8
0
 10
96.06353240521554
 20
161.8474796269509
 30
-0.0000000000000089
  0
VERTEX
  5
10389
  8
0
 10
96.01121723415906
 20
161.8516479424878
 30
-0.0000000000000089
  0
VERTEX
  5
1038A
  8
0
 10
95.95902897181863
 20
161.8556609490421
 30
-0.0000000000000089
  0
VERTEX
  5
1038B
  8
0
 10
95.90696020621075
 20
161.859520527528
 30
-0.0000000000000089
  0
VERTEX
  5
1038C
  8
0
 10
95.85500351416601
 20
161.8632285663323
 30
-0.0000000000000089
  0
VERTEX
  5
1038D
  8
0
 10
95.80315146412121
 20
161.8667869606246
 30
-0.0000000000000089
  0
VERTEX
  5
1038E
  8
0
 10
95.7513966189117
 20
161.8701976116664
 30
-0.0000000000000089
  0
VERTEX
  5
1038F
  8
0
 10
95.6997315385634
 20
161.8734624261216
 30
-0.0000000000000089
  0
VERTEX
  5
10390
  8
0
 10
95.6481487830851
 20
161.8765833153654
 30
-0.0000000000000089
  0
VERTEX
  5
10391
  8
0
 10
95.59664091526072
 20
161.8795621947948
 30
-0.0000000000000089
  0
VERTEX
  5
10392
  8
0
 10
95.54520050344136
 20
161.8824009831377
 30
-0.0000000000000089
  0
VERTEX
  5
10393
  8
0
 10
95.49382012433769
 20
161.8851016017629
 30
-0.0000000000000089
  0
VERTEX
  5
10394
  8
0
 10
95.44249236581189
 20
161.88766597399
 30
-0.0000000000000089
  0
VERTEX
  5
10395
  8
0
 10
95.39120982967013
 20
161.8900960243986
 30
-0.0000000000000089
  0
VERTEX
  5
10396
  8
0
 10
95.33996513445459
 20
161.8923936781388
 30
-0.0000000000000089
  0
VERTEX
  5
10397
  8
0
 10
95.28875091823568
 20
161.8945608602401
 30
-0.0000000000000089
  0
VERTEX
  5
10398
  8
0
 10
95.23755984140432
 20
161.8965994949216
 30
-0.0000000000000089
  0
VERTEX
  5
10399
  8
0
 10
95.18638458946404
 20
161.8985115049018
 30
-0.0000000000000089
  0
VERTEX
  5
1039A
  8
0
 10
95.13521787582329
 20
161.9002988107079
 30
-0.0000000000000089
  0
VERTEX
  5
1039B
  8
0
 10
95.08405244458753
 20
161.9019633299858
 30
-0.0000000000000089
  0
VERTEX
  5
1039C
  8
0
 10
95.03288107335146
 20
161.9035069768101
 30
-0.0000000000000089
  0
VERTEX
  5
1039D
  8
0
 10
94.9816965759913
 20
161.9049316609931
 30
-0.0000000000000089
  0
VERTEX
  5
1039E
  8
0
 10
94.93049180545688
 20
161.9062392873953
 30
-0.0000000000000089
  0
VERTEX
  5
1039F
  8
0
 10
94.87925965656389
 20
161.9074317552346
 30
-0.0000000000000089
  0
VERTEX
  5
103A0
  8
0
 10
94.82799306878609
 20
161.9085109573961
 30
-0.0000000000000089
  0
VERTEX
  5
103A1
  8
0
 10
94.77668502904746
 20
161.9094787797421
 30
-0.0000000000000089
  0
VERTEX
  5
103A2
  8
0
 10
94.72532857451452
 20
161.9103371004217
 30
-0.0000000000000089
  0
VERTEX
  5
103A3
  8
0
 10
94.6739167953837
 20
161.9110877891813
 30
-0.0000000000000089
  0
VERTEX
  5
103A4
  8
0
 10
94.62244283752192
 20
161.91173270671
 30
-0.0000000000000089
  0
VERTEX
  5
103A5
  8
0
 10
94.57089990468468
 20
161.9122737040831
 30
-0.0000000000000089
  0
VERTEX
  5
103A6
  8
0
 10
94.51928126054642
 20
161.9127126222488
 30
-0.0000000000000089
  0
VERTEX
  5
103A7
  8
0
 10
94.46758023072236
 20
161.9130512915175
 30
-0.0000000000000089
  0
VERTEX
  5
103A8
  8
0
 10
94.41579020479008
 20
161.9132915310512
 30
-0.0000000000000089
  0
VERTEX
  5
103A9
  8
0
 10
94.36390463831124
 20
161.9134351483521
 30
-0.0000000000000089
  0
VERTEX
  5
103AA
  8
0
 10
94.31191705485334
 20
161.9134839387523
 30
-0.0000000000000089
  0
VERTEX
  5
103AB
  8
0
 10
94.25982104801132
 20
161.9134396849024
 30
-0.0000000000000089
  0
VERTEX
  5
103AC
  8
0
 10
94.2076102834294
 20
161.9133041562611
 30
-0.0000000000000089
  0
VERTEX
  5
103AD
  8
0
 10
94.15527850082259
 20
161.9130791085841
 30
-0.0000000000000089
  0
VERTEX
  5
103AE
  8
0
 10
94.10281951599858
 20
161.9127662834132
 30
-0.0000000000000089
  0
VERTEX
  5
103AF
  8
0
 10
94.05022722287927
 20
161.9123674075654
 30
-0.0000000000000089
  0
VERTEX
  5
103B0
  8
0
 10
93.99749559552262
 20
161.9118841926223
 30
-0.0000000000000089
  0
VERTEX
  5
103B1
  8
0
 10
93.94461869014422
 20
161.911318334419
 30
-0.0000000000000089
  0
VERTEX
  5
103B2
  8
0
 10
93.89159064713911
 20
161.910671512533
 30
-0.0000000000000089
  0
VERTEX
  5
103B3
  8
0
 10
93.83840569310334
 20
161.9099453897742
 30
-0.0000000000000089
  0
VERTEX
  5
103B4
  8
0
 10
93.78505814285582
 20
161.9091416116728
 30
-0.0000000000000089
  0
VERTEX
  5
103B5
  8
0
 10
93.73154240145982
 20
161.9082618059694
 30
-0.0000000000000089
  0
VERTEX
  5
103B6
  8
0
 10
93.677852966245
 20
161.907307582104
 30
-0.0000000000000089
  0
VERTEX
  5
103B7
  8
0
 10
93.62398442882863
 20
161.9062805307044
 30
-0.0000000000000089
  0
VERTEX
  5
103B8
  8
0
 10
93.56993147713797
 20
161.9051822230763
 30
-0.0000000000000089
  0
SEQEND
  5
11836
  8
0
  0
POLYLINE
  5
119
  8
0
 66
     1
 10
0.0
 20
0.0
 30
0.0
  0
VERTEX
  5
103B9
  8
0
 10
92.6359170997739
 20
161.2021935520606
 30
0.0
  0
VERTEX
  5
103BA
  8
0
 10
92.64121779743732
 20
161.2187401823163
 30
0.0
  0
VERTEX
  5
103BB
  8
0
 10
92.64680077503574
 20
161.2351795756321
 30
0.0
  0
VERTEX
  5
103BC
  8
0
 10
92.65266417104185
 20
161.2515082922077
 30
0.0
  0
VERTEX
  5
103BD
  8
0
 10
92.65880612392843
 20
161.2677228922428
 30
0.0
  0
VERTEX
  5
103BE
  8
0
 10
92.66522477216824
 20
161.2838199359369
 30
0.0
  0
VERTEX
  5
103BF
  8
0
 10
92.67191825423407
 20
161.2997959834899
 30
0.0
  0
VERTEX
  5
103C0
  8
0
 10
92.67888470859857
 20
161.3156475951013
 30
0.0
  0
VERTEX
  5
103C1
  8
0
 10
92.68612227373464
 20
161.3313713309708
 30
0.0
  0
VERTEX
  5
103C2
  8
0
 10
92.69362908811489
 20
161.3469637512981
 30
0.0
  0
VERTEX
  5
103C3
  8
0
 10
92.7014032902122
 20
161.3624214162829
 30
0.0
  0
VERTEX
  5
103C4
  8
0
 10
92.70944301849929
 20
161.3777408861248
 30
0.0
  0
VERTEX
  5
103C5
  8
0
 10
92.71774641144889
 20
161.3929187210234
 30
0.0
  0
VERTEX
  5
103C6
  8
0
 10
92.72631160753375
 20
161.4079514811785
 30
0.0
  0
VERTEX
  5
103C7
  8
0
 10
92.73513674522665
 20
161.4228357267897
 30
0.0
  0
VERTEX
  5
103C8
  8
0
 10
92.74421996300035
 20
161.4375680180567
 30
0.0
  0
VERTEX
  5
103C9
  8
0
 10
92.75355939932757
 20
161.4521449151792
 30
0.0
  0
VERTEX
  5
103CA
  8
0
 10
92.76315319268114
 20
161.4665629783568
 30
0.0
  0
VERTEX
  5
103CB
  8
0
 10
92.77299948153376
 20
161.4808187677891
 30
0.0
  0
VERTEX
  5
103CC
  8
0
 10
92.78309640435819
 20
161.4949088436759
 30
0.0
  0
VERTEX
  5
103CD
  8
0
 10
92.79344209962719
 20
161.5088297662168
 30
0.0
  0
VERTEX
  5
103CE
  8
0
 10
92.8040347058135
 20
161.5225780956114
 30
0.0
  0
VERTEX
  5
103CF
  8
0
 10
92.81487236138994
 20
161.5361503920595
 30
0.0
  0
VERTEX
  5
103D0
  8
0
 10
92.82595056629499
 20
161.5495400814467
 30
0.0
  0
VERTEX
  5
103D1
  8
0
 10
92.83725273206969
 20
161.5627271423111
 30
0.0
  0
VERTEX
  5
103D2
  8
0
 10
92.84877373719794
 20
161.5757065244452
 30
0.0
  0
VERTEX
  5
103D3
  8
0
 10
92.86051055360349
 20
161.5884757523155
 30
0.0
  0
VERTEX
  5
103D4
  8
0
 10
92.87246015321014
 20
161.6010323503892
 30
0.0
  0
VERTEX
  5
103D5
  8
0
 10
92.88461950794155
 20
161.6133738431329
 30
0.0
  0
VERTEX
  5
103D6
  8
0
 10
92.89698558972154
 20
161.6254977550138
 30
0.0
  0
VERTEX
  5
103D7
  8
0
 10
92.90955537047381
 20
161.6374016104984
 30
0.0
  0
VERTEX
  5
103D8
  8
0
 10
92.92232582212216
 20
161.649082934054
 30
0.0
  0
VERTEX
  5
103D9
  8
0
 10
92.93529391659031
 20
161.6605392501472
 30
0.0
  0
VERTEX
  5
103DA
  8
0
 10
92.94845662580201
 20
161.6717680832448
 30
0.0
  0
VERTEX
  5
103DB
  8
0
 10
92.96181092168099
 20
161.6827669578139
 30
0.0
  0
VERTEX
  5
103DC
  8
0
 10
92.97535377615107
 20
161.6935333983213
 30
0.0
  0
VERTEX
  5
103DD
  8
0
 10
92.98908216113595
 20
161.7040649292339
 30
0.0
  0
VERTEX
  5
103DE
  8
0
 10
93.00299304855936
 20
161.7143590750185
 30
0.0
  0
VERTEX
  5
103DF
  8
0
 10
93.0170834103451
 20
161.724413360142
 30
0.0
  0
VERTEX
  5
103E0
  8
0
 10
93.0313502184169
 20
161.7342253090713
 30
0.0
  0
VERTEX
  5
103E1
  8
0
 10
93.04579044469851
 20
161.7437924462733
 30
0.0
  0
VERTEX
  5
103E2
  8
0
 10
93.06040106111368
 20
161.7531122962149
 30
0.0
  0
VERTEX
  5
103E3
  8
0
 10
93.07517903958616
 20
161.7621823833628
 30
0.0
  0
VERTEX
  5
103E4
  8
0
 10
93.09012135203969
 20
161.7710002321841
 30
0.0
  0
VERTEX
  5
103E5
  8
0
 10
93.10522497039806
 20
161.7795633671456
 30
0.0
  0
VERTEX
  5
103E6
  8
0
 10
93.12048683762528
 20
161.7878692972775
 30
0.0
  0
VERTEX
  5
103E7
  8
0
 10
93.13589231956301
 20
161.7959096152707
 30
0.0
  0
VERTEX
  5
103E8
  8
0
 10
93.15142847575535
 20
161.8036777347187
 30
0.0
  0
VERTEX
  5
103E9
  8
0
 10
93.16709164781835
 20
161.8111722231711
 30
0.0
  0
VERTEX
  5
103EA
  8
0
 10
93.18287817736817
 20
161.8183916481776
 30
0.0
  0
VERTEX
  5
103EB
  8
0
 10
93.19878440602089
 20
161.8253345772881
 30
0.0
  0
VERTEX
  5
103EC
  8
0
 10
93.21480667539258
 20
161.8319995780519
 30
0.0
  0
VERTEX
  5
103ED
  8
0
 10
93.23094132709942
 20
161.838385218019
 30
0.0
  0
VERTEX
  5
103EE
  8
0
 10
93.24718470275742
 20
161.8444900647388
 30
0.0
  0
VERTEX
  5
103EF
  8
0
 10
93.26353314398273
 20
161.8503126857612
 30
0.0
  0
VERTEX
  5
103F0
  8
0
 10
93.27998299239151
 20
161.8558516486357
 30
0.0
  0
VERTEX
  5
103F1
  8
0
 10
93.29653058959975
 20
161.861105520912
 30
0.0
  0
VERTEX
  5
103F2
  8
0
 10
93.31317227722366
 20
161.8660728701399
 30
0.0
  0
VERTEX
  5
103F3
  8
0
 10
93.32990439687926
 20
161.8707522638689
 30
0.0
  0
VERTEX
  5
103F4
  8
0
 10
93.34672090257992
 20
161.8751416683975
 30
0.0
  0
VERTEX
  5
103F5
  8
0
 10
93.36360512901783
 20
161.8792367444229
 30
0.0
  0
VERTEX
  5
103F6
  8
0
 10
93.38055125979466
 20
161.8830364298255
 30
0.0
  0
VERTEX
  5
103F7
  8
0
 10
93.39755540362513
 20
161.8865401827694
 30
0.0
  0
VERTEX
  5
103F8
  8
0
 10
93.41461366922408
 20
161.8897474614186
 30
0.0
  0
VERTEX
  5
103F9
  8
0
 10
93.43172216530633
 20
161.8926577239374
 30
0.0
  0
VERTEX
  5
103FA
  8
0
 10
93.44887700058663
 20
161.8952704284897
 30
0.0
  0
VERTEX
  5
103FB
  8
0
 10
93.46607428377979
 20
161.8975850332395
 30
0.0
  0
VERTEX
  5
103FC
  8
0
 10
93.48331012360065
 20
161.899600996351
 30
0.0
  0
VERTEX
  5
103FD
  8
0
 10
93.50058062876397
 20
161.9013177759883
 30
0.0
  0
VERTEX
  5
103FE
  8
0
 10
93.51788190798457
 20
161.9027348303154
 30
0.0
  0
VERTEX
  5
103FF
  8
0
 10
93.53521006997724
 20
161.9038516174964
 30
0.0
  0
VERTEX
  5
10400
  8
0
 10
93.55256122345678
 20
161.9046675956954
 30
0.0
  0
VERTEX
  5
10401
  8
0
 10
93.56993147713797
 20
161.9051822230765
 30
0.0
  0
SEQEND
  5
11837
  8
0
  0
ARC
  5
120
  8
0
 10
90.72603300063588
 20
161.7957781946009
 30
-0.0000000000000089
 40
1.999999999999977
 50
202.204176220463
 51
342.7349560311984
  0
POLYLINE
  5
121
  8
0
 66
     1
 10
0.0
 20
0.0
 30
0.0
  0
VERTEX
  5
10402
  8
0
 10
87.90026148178535
 20
161.6608890382948
 30
0.0
  0
VERTEX
  5
10403
  8
0
 10
87.91738603171262
 20
161.6615691010154
 30
0.0
  0
VERTEX
  5
10404
  8
0
 10
87.93450667794767
 20
161.6619554007642
 30
0.0
  0
VERTEX
  5
10405
  8
0
 10
87.95161970733241
 20
161.6620484852471
 30
0.0
  0
VERTEX
  5
10406
  8
0
 10
87.96872140670872
 20
161.66184890217
 30
0.0
  0
VERTEX
  5
10407
  8
0
 10
87.98580806291845
 20
161.6613571992388
 30
0.0
  0
VERTEX
  5
10408
  8
0
 10
88.0028759628035
 20
161.6605739241594
 30
0.0
  0
VERTEX
  5
10409
  8
0
 10
88.01992139320572
 20
161.6594996246378
 30
0.0
  0
VERTEX
  5
1040A
  8
0
 10
88.03694064096705
 20
161.6581348483798
 30
0.0
  0
VERTEX
  5
1040B
  8
0
 10
88.05392999292931
 20
161.6564801430915
 30
0.0
  0
VERTEX
  5
1040C
  8
0
 10
88.07088573593441
 20
161.6545360564787
 30
0.0
  0
VERTEX
  5
1040D
  8
0
 10
88.08780415682422
 20
161.6523031362472
 30
0.0
  0
VERTEX
  5
1040E
  8
0
 10
88.1046815424406
 20
161.6497819301031
 30
0.0
  0
VERTEX
  5
1040F
  8
0
 10
88.12151417962545
 20
161.6469729857522
 30
0.0
  0
VERTEX
  5
10410
  8
0
 10
88.13829835522067
 20
161.6438768509005
 30
0.0
  0
VERTEX
  5
10411
  8
0
 10
88.15503035606808
 20
161.6404940732539
 30
0.0
  0
VERTEX
  5
10412
  8
0
 10
88.17170646900962
 20
161.6368252005182
 30
0.0
  0
VERTEX
  5
10413
  8
0
 10
88.18832298088711
 20
161.6328707803995
 30
0.0
  0
VERTEX
  5
10414
  8
0
 10
88.20487617854252
 20
161.6286313606037
 30
0.0
  0
VERTEX
  5
10415
  8
0
 10
88.2213623488176
 20
161.6241074888365
 30
0.0
  0
VERTEX
  5
10416
  8
0
 10
88.23777777855433
 20
161.619299712804
 30
0.0
  0
VERTEX
  5
10417
  8
0
 10
88.25411875459457
 20
161.6142085802122
 30
0.0
  0
VERTEX
  5
10418
  8
0
 10
88.27038156378018
 20
161.6088346387668
 30
0.0
  0
VERTEX
  5
10419
  8
0
 10
88.28656186374181
 20
161.6031786621412
 30
0.0
  0
VERTEX
  5
1041A
  8
0
 10
88.30263793950172
 20
161.5972480430379
 30
0.0
  0
VERTEX
  5
1041B
  8
0
 10
88.31859818097338
 20
161.5910475501126
 30
0.0
  0
VERTEX
  5
1041C
  8
0
 10
88.33443936093947
 20
161.5845790997665
 30
0.0
  0
VERTEX
  5
1041D
  8
0
 10
88.35015825218258
 20
161.5778446084006
 30
0.0
  0
VERTEX
  5
1041E
  8
0
 10
88.36575162748534
 20
161.570845992416
 30
0.0
  0
VERTEX
  5
1041F
  8
0
 10
88.38121625963035
 20
161.5635851682137
 30
0.0
  0
VERTEX
  5
10420
  8
0
 10
88.39654892140027
 20
161.5560640521948
 30
0.0
  0
VERTEX
  5
10421
  8
0
 10
88.41174638557769
 20
161.5482845607603
 30
0.0
  0
VERTEX
  5
10422
  8
0
 10
88.42680542494524
 20
161.5402486103113
 30
0.0
  0
VERTEX
  5
10423
  8
0
 10
88.44172281228558
 20
161.5319581172488
 30
0.0
  0
VERTEX
  5
10424
  8
0
 10
88.45649532038125
 20
161.523414997974
 30
0.0
  0
VERTEX
  5
10425
  8
0
 10
88.47111972201496
 20
161.5146211688877
 30
0.0
  0
VERTEX
  5
10426
  8
0
 10
88.48559278996926
 20
161.5055785463912
 30
0.0
  0
VERTEX
  5
10427
  8
0
 10
88.49991129702683
 20
161.4962890468854
 30
0.0
  0
VERTEX
  5
10428
  8
0
 10
88.51407201597027
 20
161.4867545867715
 30
0.0
  0
VERTEX
  5
10429
  8
0
 10
88.52807171958219
 20
161.4769770824504
 30
0.0
  0
VERTEX
  5
1042A
  8
0
 10
88.54190718064521
 20
161.4669584503232
 30
0.0
  0
VERTEX
  5
1042B
  8
0
 10
88.55557517194198
 20
161.456700606791
 30
0.0
  0
VERTEX
  5
1042C
  8
0
 10
88.5690724662551
 20
161.4462054682548
 30
0.0
  0
VERTEX
  5
1042D
  8
0
 10
88.5823958363672
 20
161.4354749511157
 30
0.0
  0
VERTEX
  5
1042E
  8
0
 10
88.59554205506092
 20
161.4245109717747
 30
0.0
  0
VERTEX
  5
1042F
  8
0
 10
88.60850789511882
 20
161.413315446633
 30
0.0
  0
VERTEX
  5
10430
  8
0
 10
88.62128856637844
 20
161.4018917130756
 30
0.0
  0
VERTEX
  5
10431
  8
0
 10
88.63386855335679
 20
161.3902533908874
 30
0.0
  0
VERTEX
  5
10432
  8
0
 10
88.64624258917148
 20
161.3784057232646
 30
0.0
  0
VERTEX
  5
10433
  8
0
 10
88.65840816739897
 20
161.3663515276221
 30
0.0
  0
VERTEX
  5
10434
  8
0
 10
88.67036278161585
 20
161.3540936213749
 30
0.0
  0
VERTEX
  5
10435
  8
0
 10
88.68210392539865
 20
161.341634821938
 30
0.0
  0
VERTEX
  5
10436
  8
0
 10
88.69362909232386
 20
161.3289779467262
 30
0.0
  0
VERTEX
  5
10437
  8
0
 10
88.70493577596807
 20
161.3161258131546
 30
0.0
  0
VERTEX
  5
10438
  8
0
 10
88.71602146990776
 20
161.3030812386382
 30
0.0
  0
VERTEX
  5
10439
  8
0
 10
88.72688366771949
 20
161.2898470405917
 30
0.0
  0
VERTEX
  5
1043A
  8
0
 10
88.73751986297978
 20
161.2764260364303
 30
0.0
  0
VERTEX
  5
1043B
  8
0
 10
88.74792754926519
 20
161.2628210435689
 30
0.0
  0
VERTEX
  5
1043C
  8
0
 10
88.7581042201522
 20
161.2490348794224
 30
0.0
  0
VERTEX
  5
1043D
  8
0
 10
88.76804714735839
 20
161.2350706786981
 30
0.0
  0
VERTEX
  5
1043E
  8
0
 10
88.77774760629532
 20
161.2209405177552
 30
0.0
  0
VERTEX
  5
1043F
  8
0
 10
88.78720077712133
 20
161.2066518564062
 30
0.0
  0
VERTEX
  5
10440
  8
0
 10
88.79640484961182
 20
161.1922080026827
 30
0.0
  0
VERTEX
  5
10441
  8
0
 10
88.80535801354223
 20
161.1776122646162
 30
0.0
  0
VERTEX
  5
10442
  8
0
 10
88.81405845868797
 20
161.1628679502383
 30
0.0
  0
VERTEX
  5
10443
  8
0
 10
88.82250437482443
 20
161.1479783675804
 30
0.0
  0
VERTEX
  5
10444
  8
0
 10
88.83069395172708
 20
161.132946824674
 30
0.0
  0
VERTEX
  5
10445
  8
0
 10
88.83862537917133
 20
161.1177766295507
 30
0.0
  0
VERTEX
  5
10446
  8
0
 10
88.84629684693255
 20
161.1024710902421
 30
0.0
  0
VERTEX
  5
10447
  8
0
 10
88.8537065447862
 20
161.0870335147797
 30
0.0
  0
VERTEX
  5
10448
  8
0
 10
88.86085266250771
 20
161.0714672111949
 30
0.0
  0
VERTEX
  5
10449
  8
0
 10
88.86773338987246
 20
161.0557754875194
 30
0.0
  0
VERTEX
  5
1044A
  8
0
 10
88.8743469166559
 20
161.0399616517846
 30
0.0
  0
SEQEND
  5
11838
  8
0
  0
POLYLINE
  5
122
  8
0
 66
     1
 10
0.0
 20
0.0
 30
0.0
  0
VERTEX
  5
1044B
  8
0
 10
87.90026148178535
 20
161.6608890382948
 30
0.0
  0
VERTEX
  5
1044C
  8
0
 10
87.84141943542406
 20
161.658046267552
 30
0.0
  0
VERTEX
  5
1044D
  8
0
 10
87.78242817717408
 20
161.6551946692666
 30
0.0
  0
VERTEX
  5
1044E
  8
0
 10
87.72328868999548
 20
161.6523341980248
 30
0.0
  0
VERTEX
  5
1044F
  8
0
 10
87.66400197188253
 20
161.6494648046539
 30
0.0
  0
VERTEX
  5
10450
  8
0
 10
87.60456903563616
 20
161.646586436264
 30
0.0
  0
VERTEX
  5
10451
  8
0
 10
87.54499090863666
 20
161.6436990362899
 30
0.0
  0
VERTEX
  5
10452
  8
0
 10
87.48526863261608
 20
161.6408025445346
 30
0.0
  0
VERTEX
  5
10453
  8
0
 10
87.42540326343062
 20
161.6378968972099
 30
0.0
  0
VERTEX
  5
10454
  8
0
 10
87.36539587083325
 20
161.6349820269801
 30
0.0
  0
VERTEX
  5
10455
  8
0
 10
87.30524753824618
 20
161.6320578630031
 30
0.0
  0
VERTEX
  5
10456
  8
0
 10
87.24495936253334
 20
161.6291243309734
 30
0.0
  0
VERTEX
  5
10457
  8
0
 10
87.18453245377286
 20
161.6261813531639
 30
0.0
  0
VERTEX
  5
10458
  8
0
 10
87.12396793502968
 20
161.6232288484684
 30
0.0
  0
VERTEX
  5
10459
  8
0
 10
87.06326694212788
 20
161.6202667324437
 30
0.0
  0
VERTEX
  5
1045A
  8
0
 10
87.00243062342328
 20
161.6172949173518
 30
0.0
  0
VERTEX
  5
1045B
  8
0
 10
86.94146013957591
 20
161.6143133122024
 30
0.0
  0
VERTEX
  5
1045C
  8
0
 10
86.88035666332253
 20
161.6113218227947
 30
0.0
  0
VERTEX
  5
1045D
  8
0
 10
86.81912137924907
 20
161.6083203517599
 30
0.0
  0
VERTEX
  5
1045E
  8
0
 10
86.75775548356322
 20
161.6053087986038
 30
0.0
  0
VERTEX
  5
1045F
  8
0
 10
86.69626018386684
 20
161.602287059748
 30
0.0
  0
VERTEX
  5
10460
  8
0
 10
86.63463669892849
 20
161.5992550285734
 30
0.0
  0
VERTEX
  5
10461
  8
0
 10
86.57288625845594
 20
161.5962125954616
 30
0.0
  0
VERTEX
  5
10462
  8
0
 10
86.51101010286861
 20
161.5931596478371
 30
0.0
  0
VERTEX
  5
10463
  8
0
 10
86.44900948307018
 20
161.5900960702102
 30
0.0
  0
VERTEX
  5
10464
  8
0
 10
86.38688566022098
 20
161.5870217442186
 30
0.0
  0
VERTEX
  5
10465
  8
0
 10
86.32463990551052
 20
161.5839365486701
 30
0.0
  0
VERTEX
  5
10466
  8
0
 10
86.26227349993
 20
161.5808403595843
 30
0.0
  0
VERTEX
  5
10467
  8
0
 10
86.19978773404482
 20
161.5777330502354
 30
0.0
  0
VERTEX
  5
10468
  8
0
 10
86.137183907767
 20
161.574614491194
 30
0.0
  0
VERTEX
  5
10469
  8
0
 10
86.07446333012777
 20
161.5714845503697
 30
0.0
  0
VERTEX
  5
1046A
  8
0
 10
86.01162731905005
 20
161.5683430930529
 30
0.0
  0
VERTEX
  5
1046B
  8
0
 10
85.94867720112087
 20
161.5651899819577
 30
0.0
  0
VERTEX
  5
1046C
  8
0
 10
85.88561431136401
 20
161.5620250772634
 30
0.0
  0
VERTEX
  5
1046D
  8
0
 10
85.82243999301232
 20
161.5588482366572
 30
0.0
  0
VERTEX
  5
1046E
  8
0
 10
85.75915559728193
 20
161.5556593153759
 30
0.0
  0
VERTEX
  5
1046F
  8
0
 10
85.69576248316068
 20
161.5524581662449
 30
0.0
  0
VERTEX
  5
10470
  8
0
 10
85.63226201721385
 20
161.549244639714
 30
0.0
  0
VERTEX
  5
10471
  8
0
 10
85.56865557339319
 20
161.5460185838915
 30
0.0
  0
VERTEX
  5
10472
  8
0
 10
85.50494453284584
 20
161.5427798445794
 30
0.0
  0
VERTEX
  5
10473
  8
0
 10
85.44113028372335
 20
161.5395282653083
 30
0.0
  0
VERTEX
  5
10474
  8
0
 10
85.3772142209906
 20
161.5362636873717
 30
0.0
  0
VERTEX
  5
10475
  8
0
 10
85.31319774623472
 20
161.5329859498613
 30
0.0
  0
VERTEX
  5
10476
  8
0
 10
85.24908226747417
 20
161.5296948897012
 30
0.0
  0
VERTEX
  5
10477
  8
0
 10
85.18486919896759
 20
161.5263903416834
 30
0.0
  0
VERTEX
  5
10478
  8
0
 10
85.12055996102286
 20
161.5230721385018
 30
0.0
  0
VERTEX
  5
10479
  8
0
 10
85.05615597980596
 20
161.5197401107875
 30
0.0
  0
VERTEX
  5
1047A
  8
0
 10
84.99165868715008
 20
161.5163940871435
 30
0.0
  0
VERTEX
  5
1047B
  8
0
 10
84.92706952036428
 20
161.5130338941792
 30
0.0
  0
SEQEND
  5
11839
  8
0
  0
POLYLINE
  5
123
  8
0
 66
     1
 10
0.0
 20
0.0
 30
0.0
  0
VERTEX
  5
1047C
  8
0
 10
84.0189949314432
 20
160.7940381152768
 30
0.0
  0
VERTEX
  5
1047D
  8
0
 10
84.02394404945852
 20
160.81050117722
 30
0.0
  0
VERTEX
  5
1047E
  8
0
 10
84.02917134959408
 20
160.8268642626869
 30
0.0
  0
VERTEX
  5
1047F
  8
0
 10
84.03467508881167
 20
160.8431240083441
 30
0.0
  0
VERTEX
  5
10480
  8
0
 10
84.04045352407316
 20
160.8592770508583
 30
0.0
  0
VERTEX
  5
10481
  8
0
 10
84.04650491234031
 20
160.8753200268956
 30
0.0
  0
VERTEX
  5
10482
  8
0
 10
84.05282751057499
 20
160.891249573123
 30
0.0
  0
VERTEX
  5
10483
  8
0
 10
84.05941957573901
 20
160.9070623262068
 30
0.0
  0
VERTEX
  5
10484
  8
0
 10
84.06627936479421
 20
160.9227549228136
 30
0.0
  0
VERTEX
  5
10485
  8
0
 10
84.07340513470241
 20
160.93832399961
 30
0.0
  0
VERTEX
  5
10486
  8
0
 10
84.08079514242543
 20
160.9537661932625
 30
0.0
  0
VERTEX
  5
10487
  8
0
 10
84.0884476449251
 20
160.9690781404377
 30
0.0
  0
VERTEX
  5
10488
  8
0
 10
84.09636089916319
 20
160.9842564778021
 30
0.0
  0
VERTEX
  5
10489
  8
0
 10
84.10453316210157
 20
160.9992978420222
 30
0.0
  0
VERTEX
  5
1048A
  8
0
 10
84.11296269070212
 20
161.0141988697647
 30
0.0
  0
VERTEX
  5
1048B
  8
0
 10
84.12164774192657
 20
161.028956197696
 30
0.0
  0
VERTEX
  5
1048C
  8
0
 10
84.1305865727368
 20
161.0435664624827
 30
0.0
  0
VERTEX
  5
1048D
  8
0
 10
84.1397774400946
 20
161.0580263007914
 30
0.0
  0
VERTEX
  5
1048E
  8
0
 10
84.14921860096183
 20
161.0723323492886
 30
0.0
  0
VERTEX
  5
1048F
  8
0
 10
84.15890831230028
 20
161.0864812446409
 30
0.0
  0
VERTEX
  5
10490
  8
0
 10
84.16884483107182
 20
161.1004696235148
 30
0.0
  0
VERTEX
  5
10491
  8
0
 10
84.1790264142382
 20
161.1142941225768
 30
0.0
  0
VERTEX
  5
10492
  8
0
 10
84.18945131876134
 20
161.1279513784935
 30
0.0
  0
VERTEX
  5
10493
  8
0
 10
84.20011706120447
 20
161.1414371079653
 30
0.0
  0
VERTEX
  5
10494
  8
0
 10
84.21100880154381
 20
161.1547323183048
 30
0.0
  0
VERTEX
  5
10495
  8
0
 10
84.22211911519288
 20
161.1678287258013
 30
0.0
  0
VERTEX
  5
10496
  8
0
 10
84.23344511272381
 20
161.1807238806791
 30
0.0
  0
VERTEX
  5
10497
  8
0
 10
84.2449839047089
 20
161.1934153331625
 30
0.0
  0
VERTEX
  5
10498
  8
0
 10
84.25673260172036
 20
161.2059006334756
 30
0.0
  0
VERTEX
  5
10499
  8
0
 10
84.2686883143304
 20
161.218177331843
 30
0.0
  0
VERTEX
  5
1049A
  8
0
 10
84.28084815311125
 20
161.2302429784886
 30
0.0
  0
VERTEX
  5
1049B
  8
0
 10
84.29320922863515
 20
161.2420951236369
 30
0.0
  0
VERTEX
  5
1049C
  8
0
 10
84.30576865147434
 20
161.2537313175121
 30
0.0
  0
VERTEX
  5
1049D
  8
0
 10
84.318523532201
 20
161.2651491103385
 30
0.0
  0
VERTEX
  5
1049E
  8
0
 10
84.33147098138737
 20
161.2763460523404
 30
0.0
  0
VERTEX
  5
1049F
  8
0
 10
84.34460810960573
 20
161.2873196937419
 30
0.0
  0
VERTEX
  5
104A0
  8
0
 10
84.35793202742826
 20
161.2980675847674
 30
0.0
  0
VERTEX
  5
104A1
  8
0
 10
84.3714398454272
 20
161.3085872756412
 30
0.0
  0
VERTEX
  5
104A2
  8
0
 10
84.38512867417477
 20
161.3188763165875
 30
0.0
  0
VERTEX
  5
104A3
  8
0
 10
84.39899562424323
 20
161.3289322578306
 30
0.0
  0
VERTEX
  5
104A4
  8
0
 10
84.41303780620476
 20
161.3387526495948
 30
0.0
  0
VERTEX
  5
104A5
  8
0
 10
84.42725233063157
 20
161.3483350421043
 30
0.0
  0
VERTEX
  5
104A6
  8
0
 10
84.44163630809598
 20
161.3576769855833
 30
0.0
  0
VERTEX
  5
104A7
  8
0
 10
84.45618684917014
 20
161.3667760302563
 30
0.0
  0
VERTEX
  5
104A8
  8
0
 10
84.4709010644263
 20
161.3756297263474
 30
0.0
  0
VERTEX
  5
104A9
  8
0
 10
84.48577606443669
 20
161.3842356240808
 30
0.0
  0
VERTEX
  5
104AA
  8
0
 10
84.50080567277216
 20
161.3925894828805
 30
0.0
  0
VERTEX
  5
104AB
  8
0
 10
84.51597173360595
 20
161.400681081793
 30
0.0
  0
VERTEX
  5
104AC
  8
0
 10
84.53126890009177
 20
161.4085079189318
 30
0.0
  0
VERTEX
  5
104AD
  8
0
 10
84.54669365864552
 20
161.4160685318732
 30
0.0
  0
VERTEX
  5
104AE
  8
0
 10
84.56224249568305
 20
161.4233614581935
 30
0.0
  0
VERTEX
  5
104AF
  8
0
 10
84.5779118976202
 20
161.4303852354687
 30
0.0
  0
VERTEX
  5
104B0
  8
0
 10
84.59369835087284
 20
161.4371384012753
 30
0.0
  0
VERTEX
  5
104B1
  8
0
 10
84.60959834185688
 20
161.4436194931895
 30
0.0
  0
VERTEX
  5
104B2
  8
0
 10
84.6256083569881
 20
161.4498270487875
 30
0.0
  0
VERTEX
  5
104B3
  8
0
 10
84.64172488268242
 20
161.4557596056455
 30
0.0
  0
VERTEX
  5
104B4
  8
0
 10
84.6579444053557
 20
161.4614157013399
 30
0.0
  0
VERTEX
  5
104B5
  8
0
 10
84.67426341142378
 20
161.4667938734468
 30
0.0
  0
VERTEX
  5
104B6
  8
0
 10
84.69067838730253
 20
161.4718926595425
 30
0.0
  0
VERTEX
  5
104B7
  8
0
 10
84.70718515577832
 20
161.4767104096668
 30
0.0
  0
VERTEX
  5
104B8
  8
0
 10
84.72376868125231
 20
161.4812426534678
 30
0.0
  0
VERTEX
  5
104B9
  8
0
 10
84.74042107843526
 20
161.4854875171781
 30
0.0
  0
VERTEX
  5
104BA
  8
0
 10
84.75713859397098
 20
161.489444371295
 30
0.0
  0
VERTEX
  5
104BB
  8
0
 10
84.77391747450325
 20
161.4931125863154
 30
0.0
  0
VERTEX
  5
104BC
  8
0
 10
84.79075396667588
 20
161.4964915327365
 30
0.0
  0
VERTEX
  5
104BD
  8
0
 10
84.80764431713263
 20
161.4995805810553
 30
0.0
  0
VERTEX
  5
104BE
  8
0
 10
84.82458477251731
 20
161.502379101769
 30
0.0
  0
VERTEX
  5
104BF
  8
0
 10
84.84157157947371
 20
161.5048864653746
 30
0.0
  0
VERTEX
  5
104C0
  8
0
 10
84.85860098464562
 20
161.5071020423691
 30
0.0
  0
VERTEX
  5
104C1
  8
0
 10
84.87566923467685
 20
161.5090252032498
 30
0.0
  0
VERTEX
  5
104C2
  8
0
 10
84.89277257621117
 20
161.5106553185136
 30
0.0
  0
VERTEX
  5
104C3
  8
0
 10
84.90990725589239
 20
161.5119917586578
 30
0.0
  0
VERTEX
  5
104C4
  8
0
 10
84.92706952036428
 20
161.5130338941792
 30
0.0
  0
SEQEND
  5
1183A
  8
0
  0
ARC
  5
124
  8
0
 10
82.09879083075334
 20
161.3533378664782
 30
0.0
 40
2.000000000000011
 50
203.4808310482243
 51
343.7606906916587
  0
POLYLINE
  5
125
  8
0
 66
     1
 10
0.0
 20
0.0
 30
0.0
  0
VERTEX
  5
104C5
  8
0
 10
79.26783445069276
 20
161.1548559052387
 30
0.0
  0
VERTEX
  5
104C6
  8
0
 10
79.28505336047223
 20
161.1560775358995
 30
0.0
  0
VERTEX
  5
104C7
  8
0
 10
79.30227758107802
 20
161.1570011551789
 30
0.0
  0
VERTEX
  5
104C8
  8
0
 10
79.31950330242822
 20
161.1576272041415
 30
0.0
  0
VERTEX
  5
104C9
  8
0
 10
79.33672671444099
 20
161.157956123852
 30
0.0
  0
VERTEX
  5
104CA
  8
0
 10
79.3539440070344
 20
161.1579883553747
 30
0.0
  0
VERTEX
  5
104CB
  8
0
 10
79.37115137012653
 20
161.1577243397742
 30
0.0
  0
VERTEX
  5
104CC
  8
0
 10
79.38834499363549
 20
161.1571645181151
 30
0.0
  0
VERTEX
  5
104CD
  8
0
 10
79.40552106747936
 20
161.1563093314618
 30
0.0
  0
VERTEX
  5
104CE
  8
0
 10
79.42267578157629
 20
161.155159220879
 30
0.0
  0
VERTEX
  5
104CF
  8
0
 10
79.43980532584435
 20
161.1537146274311
 30
0.0
  0
VERTEX
  5
104D0
  8
0
 10
79.45690589020163
 20
161.1519759921826
 30
0.0
  0
VERTEX
  5
104D1
  8
0
 10
79.47397366456622
 20
161.1499437561982
 30
0.0
  0
VERTEX
  5
104D2
  8
0
 10
79.49100483885623
 20
161.1476183605422
 30
0.0
  0
VERTEX
  5
104D3
  8
0
 10
79.50799560298978
 20
161.1450002462793
 30
0.0
  0
VERTEX
  5
104D4
  8
0
 10
79.52494214688495
 20
161.1420898544739
 30
0.0
  0
VERTEX
  5
104D5
  8
0
 10
79.54184066045983
 20
161.1388876261907
 30
0.0
  0
VERTEX
  5
104D6
  8
0
 10
79.55868733363252
 20
161.135394002494
 30
0.0
  0
VERTEX
  5
104D7
  8
0
 10
79.57547835632116
 20
161.1316094244486
 30
0.0
  0
VERTEX
  5
104D8
  8
0
 10
79.5922099184438
 20
161.1275343331188
 30
0.0
  0
VERTEX
  5
104D9
  8
0
 10
79.60887820991854
 20
161.1231691695692
 30
0.0
  0
VERTEX
  5
104DA
  8
0
 10
79.6254794206635
 20
161.1185143748643
 30
0.0
  0
VERTEX
  5
104DB
  8
0
 10
79.64200974059679
 20
161.1135703900687
 30
0.0
  0
VERTEX
  5
104DC
  8
0
 10
79.65846336176463
 20
161.1083383103235
 30
0.0
  0
VERTEX
  5
104DD
  8
0
 10
79.67481621031843
 20
161.102825706087
 30
0.0
  0
VERTEX
  5
104DE
  8
0
 10
79.69105955788906
 20
161.0970360900735
 30
0.0
  0
VERTEX
  5
104DF
  8
0
 10
79.70719004710564
 20
161.0909713168242
 30
0.0
  0
VERTEX
  5
104E0
  8
0
 10
79.72320432059722
 20
161.08463324088
 30
0.0
  0
VERTEX
  5
104E1
  8
0
 10
79.73909902099284
 20
161.078023716782
 30
0.0
  0
VERTEX
  5
104E2
  8
0
 10
79.75487079092167
 20
161.0711445990713
 30
0.0
  0
VERTEX
  5
104E3
  8
0
 10
79.77051627301272
 20
161.0639977422889
 30
0.0
  0
VERTEX
  5
104E4
  8
0
 10
79.78603210989507
 20
161.0565850009758
 30
0.0
  0
VERTEX
  5
104E5
  8
0
 10
79.80141494419786
 20
161.0489082296732
 30
0.0
  0
VERTEX
  5
104E6
  8
0
 10
79.81666141855008
 20
161.0409692829221
 30
0.0
  0
VERTEX
  5
104E7
  8
0
 10
79.83176817558086
 20
161.0327700152635
 30
0.0
  0
VERTEX
  5
104E8
  8
0
 10
79.84673185791927
 20
161.0243122812384
 30
0.0
  0
VERTEX
  5
104E9
  8
0
 10
79.8615491081944
 20
161.0155979353879
 30
0.0
  0
VERTEX
  5
104EA
  8
0
 10
79.87621656903531
 20
161.0066288322531
 30
0.0
  0
VERTEX
  5
104EB
  8
0
 10
79.89073088307106
 20
160.997406826375
 30
0.0
  0
VERTEX
  5
104EC
  8
0
 10
79.9050886929308
 20
160.9879337722947
 30
0.0
  0
VERTEX
  5
104ED
  8
0
 10
79.91928664124353
 20
160.9782115245532
 30
0.0
  0
VERTEX
  5
104EE
  8
0
 10
79.93332137063837
 20
160.9682419376916
 30
0.0
  0
VERTEX
  5
104EF
  8
0
 10
79.94718952374437
 20
160.9580268662509
 30
0.0
  0
VERTEX
  5
104F0
  8
0
 10
79.96088774319065
 20
160.9475681647721
 30
0.0
  0
VERTEX
  5
104F1
  8
0
 10
79.97441267160627
 20
160.9368676877964
 30
0.0
  0
VERTEX
  5
104F2
  8
0
 10
79.98776095162029
 20
160.9259272898647
 30
0.0
  0
VERTEX
  5
104F3
  8
0
 10
80.000924160521
 20
160.914753199508
 30
0.0
  0
VERTEX
  5
104F4
  8
0
 10
80.01388729804266
 20
160.9033581322984
 30
0.0
  0
VERTEX
  5
104F5
  8
0
 10
80.02664720298428
 20
160.8917453236716
 30
0.0
  0
VERTEX
  5
104F6
  8
0
 10
80.03920123196848
 20
160.8799175770746
 30
0.0
  0
VERTEX
  5
104F7
  8
0
 10
80.05154674161781
 20
160.8678776959543
 30
0.0
  0
VERTEX
  5
104F8
  8
0
 10
80.06368108855484
 20
160.8556284837577
 30
0.0
  0
VERTEX
  5
104F9
  8
0
 10
80.07560162940216
 20
160.8431727439316
 30
0.0
  0
VERTEX
  5
104FA
  8
0
 10
80.08730572078227
 20
160.8305132799231
 30
0.0
  0
VERTEX
  5
104FB
  8
0
 10
80.0987907193178
 20
160.8176528951789
 30
0.0
  0
VERTEX
  5
104FC
  8
0
 10
80.1100539816313
 20
160.804594393146
 30
0.0
  0
VERTEX
  5
104FD
  8
0
 10
80.12109286434534
 20
160.7913405772714
 30
0.0
  0
VERTEX
  5
104FE
  8
0
 10
80.13190472408249
 20
160.777894251002
 30
0.0
  0
VERTEX
  5
104FF
  8
0
 10
80.1424869174653
 20
160.7642582177846
 30
0.0
  0
VERTEX
  5
10500
  8
0
 10
80.15283606559323
 20
160.7504362811975
 30
0.0
  0
VERTEX
  5
10501
  8
0
 10
80.16294223768452
 20
160.7364416287796
 30
0.0
  0
VERTEX
  5
10502
  8
0
 10
80.17280148945457
 20
160.7222802344657
 30
0.0
  0
VERTEX
  5
10503
  8
0
 10
80.18241188892748
 20
160.7079554320567
 30
0.0
  0
VERTEX
  5
10504
  8
0
 10
80.19177150412722
 20
160.6934705553533
 30
0.0
  0
VERTEX
  5
10505
  8
0
 10
80.20087840307792
 20
160.6788289381564
 30
0.0
  0
VERTEX
  5
10506
  8
0
 10
80.20973065380366
 20
160.6640339142669
 30
0.0
  0
VERTEX
  5
10507
  8
0
 10
80.21832632432842
 20
160.6490888174854
 30
0.0
  0
VERTEX
  5
10508
  8
0
 10
80.22666348267629
 20
160.6339969816128
 30
0.0
  0
VERTEX
  5
10509
  8
0
 10
80.2347401968713
 20
160.6187617404499
 30
0.0
  0
VERTEX
  5
1050A
  8
0
 10
80.24255453493751
 20
160.6033864277975
 30
0.0
  0
VERTEX
  5
1050B
  8
0
 10
80.25010456489899
 20
160.5878743774564
 30
0.0
  0
VERTEX
  5
1050C
  8
0
 10
80.25738835477979
 20
160.5722289232275
 30
0.0
  0
VERTEX
  5
1050D
  8
0
 10
80.26440397260394
 20
160.5564533989115
 30
0.0
  0
SEQEND
  5
1183B
  8
0
  0
POLYLINE
  5
126
  8
0
 66
     1
 10
0.0
 20
0.0
 30
0.0
  0
VERTEX
  5
1050E
  8
0
 10
79.26783445069276
 20
161.1548559052388
 30
0.0
  0
VERTEX
  5
1050F
  8
0
 10
79.20768397913578
 20
161.1500522282211
 30
0.0
  0
VERTEX
  5
10510
  8
0
 10
79.14755823625407
 20
161.1452222707171
 30
0.0
  0
VERTEX
  5
10511
  8
0
 10
79.08745801993176
 20
161.1403658883276
 30
0.0
  0
VERTEX
  5
10512
  8
0
 10
79.02738411991587
 20
161.1354829374971
 30
0.0
  0
VERTEX
  5
10513
  8
0
 10
78.96733731776538
 20
161.1305732755244
 30
0.0
  0
VERTEX
  5
10514
  8
0
 10
78.9073183868002
 20
161.1256367605714
 30
0.0
  0
VERTEX
  5
10515
  8
0
 10
78.84732809205003
 20
161.1206732516731
 30
0.0
  0
VERTEX
  5
10516
  8
0
 10
78.78736719020334
 20
161.1156826087472
 30
0.0
  0
VERTEX
  5
10517
  8
0
 10
78.72743642955643
 20
161.1106646926037
 30
0.0
  0
VERTEX
  5
10518
  8
0
 10
78.66753654996234
 20
161.1056193649546
 30
0.0
  0
VERTEX
  5
10519
  8
0
 10
78.60766828277971
 20
161.1005464884237
 30
0.0
  0
VERTEX
  5
1051A
  8
0
 10
78.54783235082193
 20
161.0954459265555
 30
0.0
  0
VERTEX
  5
1051B
  8
0
 10
78.4880294683059
 20
161.0903175438262
 30
0.0
  0
VERTEX
  5
1051C
  8
0
 10
78.4282603408012
 20
161.0851612056518
 30
0.0
  0
VERTEX
  5
1051D
  8
0
 10
78.36852566517892
 20
161.079976778399
 30
0.0
  0
VERTEX
  5
1051E
  8
0
 10
78.30882612956053
 20
161.0747641293941
 30
0.0
  0
VERTEX
  5
1051F
  8
0
 10
78.2491624132671
 20
161.0695231269329
 30
0.0
  0
VERTEX
  5
10520
  8
0
 10
78.1895351867681
 20
161.0642536402904
 30
0.0
  0
VERTEX
  5
10521
  8
0
 10
78.12994511163029
 20
161.0589555397303
 30
0.0
  0
VERTEX
  5
10522
  8
0
 10
78.07039284046684
 20
161.0536286965147
 30
0.0
  0
VERTEX
  5
10523
  8
0
 10
78.01087901688621
 20
161.0482729829137
 30
0.0
  0
VERTEX
  5
10524
  8
0
 10
77.95140427544113
 20
161.0428882722153
 30
0.0
  0
VERTEX
  5
10525
  8
0
 10
77.89196924157754
 20
161.0374744387346
 30
0.0
  0
VERTEX
  5
10526
  8
0
 10
77.83257453158356
 20
161.0320313578237
 30
0.0
  0
VERTEX
  5
10527
  8
0
 10
77.77322075253852
 20
161.0265589058815
 30
0.0
  0
VERTEX
  5
10528
  8
0
 10
77.71390850226173
 20
161.021056960363
 30
0.0
  0
VERTEX
  5
10529
  8
0
 10
77.65463836926173
 20
161.0155253997891
 30
0.0
  0
VERTEX
  5
1052A
  8
0
 10
77.59541093268494
 20
161.0099641037565
 30
0.0
  0
VERTEX
  5
1052B
  8
0
 10
77.53622676226492
 20
161.0043729529467
 30
0.0
  0
VERTEX
  5
1052C
  8
0
 10
77.47708641827103
 20
160.9987518291364
 30
0.0
  0
VERTEX
  5
1052D
  8
0
 10
77.41799045145767
 20
160.9931006152065
 30
0.0
  0
VERTEX
  5
1052E
  8
0
 10
77.35893940301305
 20
160.9874191951522
 30
0.0
  0
VERTEX
  5
1052F
  8
0
 10
77.29993380450829
 20
160.9817074540924
 30
0.0
  0
VERTEX
  5
10530
  8
0
 10
77.24097417784618
 20
160.9759652782794
 30
0.0
  0
VERTEX
  5
10531
  8
0
 10
77.18206103521041
 20
160.9701925551085
 30
0.0
  0
VERTEX
  5
10532
  8
0
 10
77.12319487901429
 20
160.9643891731279
 30
0.0
  0
VERTEX
  5
10533
  8
0
 10
77.0643762018499
 20
160.9585550220479
 30
0.0
  0
VERTEX
  5
10534
  8
0
 10
77.00560548643688
 20
160.952689992751
 30
0.0
  0
VERTEX
  5
10535
  8
0
 10
76.9468832055721
 20
160.946793977301
 30
0.0
  0
VERTEX
  5
10536
  8
0
 10
76.88820982210018
 20
160.940866868949
 30
0.0
  0
VERTEX
  5
10537
  8
0
 10
76.8295857889486
 20
160.9349085621279
 30
0.0
  0
VERTEX
  5
10538
  8
0
 10
76.77101154919396
 20
160.9289189524404
 30
0.0
  0
VERTEX
  5
10539
  8
0
 10
76.71248753612953
 20
160.922897936648
 30
0.0
  0
VERTEX
  5
1053A
  8
0
 10
76.65401417333295
 20
160.9168454126587
 30
0.0
  0
VERTEX
  5
1053B
  8
0
 10
76.59559187473388
 20
160.9107612795162
 30
0.0
  0
VERTEX
  5
1053C
  8
0
 10
76.53722104468181
 20
160.9046454373876
 30
0.0
  0
VERTEX
  5
1053D
  8
0
 10
76.47890207801356
 20
160.8984977875519
 30
0.0
  0
VERTEX
  5
1053E
  8
0
 10
76.42063536012134
 20
160.8923182323887
 30
0.0
  0
SEQEND
  5
1183C
  8
0
  0
POLYLINE
  5
127
  8
0
 66
     1
 10
0.0
 20
0.0
 30
0.0
  0
VERTEX
  5
1053F
  8
0
 10
75.54982133219698
 20
160.113011787775
 30
0.0
  0
VERTEX
  5
10540
  8
0
 10
75.55370405492715
 20
160.1299402551989
 30
0.0
  0
VERTEX
  5
10541
  8
0
 10
75.5578768756189
 20
160.1467857759854
 30
0.0
  0
VERTEX
  5
10542
  8
0
 10
75.56233823176628
 20
160.1635447696817
 30
0.0
  0
VERTEX
  5
10543
  8
0
 10
75.56708656086353
 20
160.1802136558352
 30
0.0
  0
VERTEX
  5
10544
  8
0
 10
75.57212030040485
 20
160.196788853993
 30
0.0
  0
VERTEX
  5
10545
  8
0
 10
75.57743788788437
 20
160.2132667837026
 30
0.0
  0
VERTEX
  5
10546
  8
0
 10
75.58303776079633
 20
160.2296438645112
 30
0.0
  0
VERTEX
  5
10547
  8
0
 10
75.58891835663484
 20
160.2459165159661
 30
0.0
  0
VERTEX
  5
10548
  8
0
 10
75.5950781128941
 20
160.2620811576145
 30
0.0
  0
VERTEX
  5
10549
  8
0
 10
75.60151546706831
 20
160.2781342090039
 30
0.0
  0
VERTEX
  5
1054A
  8
0
 10
75.60822885665165
 20
160.2940720896814
 30
0.0
  0
VERTEX
  5
1054B
  8
0
 10
75.61521671913827
 20
160.3098912191944
 30
0.0
  0
VERTEX
  5
1054C
  8
0
 10
75.62247749202237
 20
160.3255880170902
 30
0.0
  0
VERTEX
  5
1054D
  8
0
 10
75.63000961279813
 20
160.3411589029161
 30
0.0
  0
VERTEX
  5
1054E
  8
0
 10
75.6378115189597
 20
160.3566002962193
 30
0.0
  0
VERTEX
  5
1054F
  8
0
 10
75.64588164800128
 20
160.3719086165472
 30
0.0
  0
VERTEX
  5
10550
  8
0
 10
75.65421843741704
 20
160.387080283447
 30
0.0
  0
VERTEX
  5
10551
  8
0
 10
75.66282032470117
 20
160.402111716466
 30
0.0
  0
VERTEX
  5
10552
  8
0
 10
75.67168574734785
 20
160.4169993351516
 30
0.0
  0
VERTEX
  5
10553
  8
0
 10
75.68081314285125
 20
160.4317395590511
 30
0.0
  0
VERTEX
  5
10554
  8
0
 10
75.69020094870555
 20
160.4463288077116
 30
0.0
  0
VERTEX
  5
10555
  8
0
 10
75.69984760240493
 20
160.4607635006806
 30
0.0
  0
VERTEX
  5
10556
  8
0
 10
75.70974925896788
 20
160.4750368264201
 30
0.0
  0
VERTEX
  5
10557
  8
0
 10
75.71989109451465
 20
160.489127436988
 30
0.0
  0
VERTEX
  5
10558
  8
0
 10
75.73026836648599
 20
160.5030297684588
 30
0.0
  0
VERTEX
  5
10559
  8
0
 10
75.74087827004064
 20
160.516741101654
 30
0.0
  0
VERTEX
  5
1055A
  8
0
 10
75.75171800033733
 20
160.530258717395
 30
0.0
  0
VERTEX
  5
1055B
  8
0
 10
75.76278475253478
 20
160.5435798965035
 30
0.0
  0
VERTEX
  5
1055C
  8
0
 10
75.7740757217917
 20
160.556701919801
 30
0.0
  0
VERTEX
  5
1055D
  8
0
 10
75.78558810326682
 20
160.569622068109
 30
0.0
  0
VERTEX
  5
1055E
  8
0
 10
75.79731909211888
 20
160.5823376222491
 30
0.0
  0
VERTEX
  5
1055F
  8
0
 10
75.8092658835066
 20
160.5948458630429
 30
0.0
  0
VERTEX
  5
10560
  8
0
 10
75.82142567258873
 20
160.6071440713119
 30
0.0
  0
VERTEX
  5
10561
  8
0
 10
75.83379565452395
 20
160.6192295278776
 30
0.0
  0
VERTEX
  5
10562
  8
0
 10
75.84637302447102
 20
160.6310995135617
 30
0.0
  0
VERTEX
  5
10563
  8
0
 10
75.85915497758866
 20
160.6427513091855
 30
0.0
  0
VERTEX
  5
10564
  8
0
 10
75.8721387090356
 20
160.6541821955708
 30
0.0
  0
VERTEX
  5
10565
  8
0
 10
75.88532141397053
 20
160.6653894535389
 30
0.0
  0
VERTEX
  5
10566
  8
0
 10
75.89870028755223
 20
160.6763703639116
 30
0.0
  0
VERTEX
  5
10567
  8
0
 10
75.9122725249394
 20
160.6871222075104
 30
0.0
  0
VERTEX
  5
10568
  8
0
 10
75.92603532129075
 20
160.6976422651567
 30
0.0
  0
VERTEX
  5
10569
  8
0
 10
75.93998587176505
 20
160.7079278176721
 30
0.0
  0
VERTEX
  5
1056A
  8
0
 10
75.95412137152098
 20
160.7179761458782
 30
0.0
  0
VERTEX
  5
1056B
  8
0
 10
75.96843901571731
 20
160.7277845305966
 30
0.0
  0
VERTEX
  5
1056C
  8
0
 10
75.98293598750763
 20
160.7373502448759
 30
0.0
  0
VERTEX
  5
1056D
  8
0
 10
75.99759876217843
 20
160.7466638871755
 30
0.0
  0
VERTEX
  5
1056E
  8
0
 10
76.01241468334543
 20
160.7557175825799
 30
0.0
  0
VERTEX
  5
1056F
  8
0
 10
76.02738023106804
 20
160.7645095964136
 30
0.0
  0
VERTEX
  5
10570
  8
0
 10
76.04249188540567
 20
160.7730381940011
 30
0.0
  0
VERTEX
  5
10571
  8
0
 10
76.0577461264177
 20
160.7813016406669
 30
0.0
  0
VERTEX
  5
10572
  8
0
 10
76.07313943416352
 20
160.7892982017354
 30
0.0
  0
VERTEX
  5
10573
  8
0
 10
76.08866828870252
 20
160.7970261425312
 30
0.0
  0
VERTEX
  5
10574
  8
0
 10
76.10432917009416
 20
160.8044837283789
 30
0.0
  0
VERTEX
  5
10575
  8
0
 10
76.12011855839776
 20
160.8116692246027
 30
0.0
  0
VERTEX
  5
10576
  8
0
 10
76.13603293367277
 20
160.8185808965274
 30
0.0
  0
VERTEX
  5
10577
  8
0
 10
76.15206877597853
 20
160.8252170094773
 30
0.0
  0
VERTEX
  5
10578
  8
0
 10
76.16822256537452
 20
160.8315758287769
 30
0.0
  0
VERTEX
  5
10579
  8
0
 10
76.18449078192005
 20
160.8376556197508
 30
0.0
  0
VERTEX
  5
1057A
  8
0
 10
76.20086766025405
 20
160.8434538744604
 30
0.0
  0
VERTEX
  5
1057B
  8
0
 10
76.21733698561796
 20
160.8489648592443
 30
0.0
  0
VERTEX
  5
1057C
  8
0
 10
76.23389298946523
 20
160.8541869987631
 30
0.0
  0
VERTEX
  5
1057D
  8
0
 10
76.25053184504206
 20
160.8591194240882
 30
0.0
  0
VERTEX
  5
1057E
  8
0
 10
76.26724972559478
 20
160.863761266291
 30
0.0
  0
VERTEX
  5
1057F
  8
0
 10
76.2840428043697
 20
160.8681116564428
 30
0.0
  0
VERTEX
  5
10580
  8
0
 10
76.30090725461304
 20
160.872169725615
 30
0.0
  0
VERTEX
  5
10581
  8
0
 10
76.31783924957116
 20
160.8759346048791
 30
0.0
  0
VERTEX
  5
10582
  8
0
 10
76.3348349624903
 20
160.8794054253064
 30
0.0
  0
VERTEX
  5
10583
  8
0
 10
76.35189056661676
 20
160.8825813179682
 30
0.0
  0
VERTEX
  5
10584
  8
0
 10
76.3690022351968
 20
160.885461413936
 30
0.0
  0
VERTEX
  5
10585
  8
0
 10
76.38616614147672
 20
160.8880448442811
 30
0.0
  0
VERTEX
  5
10586
  8
0
 10
76.40337845870282
 20
160.8903307400749
 30
0.0
  0
VERTEX
  5
10587
  8
0
 10
76.42063536012137
 20
160.8923182323887
 30
0.0
  0
SEQEND
  5
1183D
  8
0
  0
ARC
  5
128
  8
0
 10
73.59662975404373
 20
160.5431776383851
 30
0.0
 40
2.000000000000008
 50
208.8011798902071
 51
347.5796076059428
  0
POLYLINE
  5
129
  8
0
 66
     1
 10
0.0
 20
0.0
 30
0.0
  0
VERTEX
  5
10588
  8
0
 10
70.78324491932896
 20
160.0806960145173
 30
0.0
  0
VERTEX
  5
10589
  8
0
 10
70.80041940612055
 20
160.083765106018
 30
0.0
  0
VERTEX
  5
1058A
  8
0
 10
70.8176314825704
 20
160.0865320703373
 30
0.0
  0
VERTEX
  5
1058B
  8
0
 10
70.83487718905381
 20
160.088996943713
 30
0.0
  0
VERTEX
  5
1058C
  8
0
 10
70.85215256594607
 20
160.0911597623831
 30
0.0
  0
VERTEX
  5
1058D
  8
0
 10
70.86945365362247
 20
160.0930205625855
 30
0.0
  0
VERTEX
  5
1058E
  8
0
 10
70.88677649245835
 20
160.0945793805582
 30
0.0
  0
VERTEX
  5
1058F
  8
0
 10
70.90411712282895
 20
160.0958362525391
 30
0.0
  0
VERTEX
  5
10590
  8
0
 10
70.92147158510957
 20
160.0967912147661
 30
0.0
  0
VERTEX
  5
10591
  8
0
 10
70.93883591967551
 20
160.0974443034771
 30
0.0
  0
VERTEX
  5
10592
  8
0
 10
70.9562061669021
 20
160.0977955549101
 30
0.0
  0
VERTEX
  5
10593
  8
0
 10
70.9735783671646
 20
160.0978450053031
 30
0.0
  0
VERTEX
  5
10594
  8
0
 10
70.9909485608383
 20
160.0975926908939
 30
0.0
  0
VERTEX
  5
10595
  8
0
 10
71.00831278829854
 20
160.0970386479204
 30
0.0
  0
VERTEX
  5
10596
  8
0
 10
71.02566708992055
 20
160.0961829126207
 30
0.0
  0
VERTEX
  5
10597
  8
0
 10
71.04300750607966
 20
160.0950255212325
 30
0.0
  0
VERTEX
  5
10598
  8
0
 10
71.06033007715116
 20
160.093566509994
 30
0.0
  0
VERTEX
  5
10599
  8
0
 10
71.07763084351036
 20
160.091805915143
 30
0.0
  0
VERTEX
  5
1059A
  8
0
 10
71.09490584553252
 20
160.0897437729174
 30
0.0
  0
VERTEX
  5
1059B
  8
0
 10
71.11215112359297
 20
160.0873801195551
 30
0.0
  0
VERTEX
  5
1059C
  8
0
 10
71.12936271806699
 20
160.0847149912942
 30
0.0
  0
VERTEX
  5
1059D
  8
0
 10
71.14653666932986
 20
160.0817484243724
 30
0.0
  0
VERTEX
  5
1059E
  8
0
 10
71.1636690177569
 20
160.0784804550279
 30
0.0
  0
VERTEX
  5
1059F
  8
0
 10
71.18075022761488
 20
160.074912334
 30
0.0
  0
VERTEX
  5
105A0
  8
0
 10
71.19775502872378
 20
160.0710494237938
 30
0.0
  0
VERTEX
  5
105A1
  8
0
 10
71.21467764485375
 20
160.0668936864243
 30
0.0
  0
VERTEX
  5
105A2
  8
0
 10
71.23151442659477
 20
160.0624466586892
 30
0.0
  0
VERTEX
  5
105A3
  8
0
 10
71.24826172453683
 20
160.0577098773863
 30
0.0
  0
VERTEX
  5
105A4
  8
0
 10
71.26491588926989
 20
160.0526848793133
 30
0.0
  0
VERTEX
  5
105A5
  8
0
 10
71.2814732713839
 20
160.0473732012681
 30
0.0
  0
VERTEX
  5
105A6
  8
0
 10
71.29793022146887
 20
160.0417763800485
 30
0.0
  0
VERTEX
  5
105A7
  8
0
 10
71.31428309011476
 20
160.0358959524523
 30
0.0
  0
VERTEX
  5
105A8
  8
0
 10
71.33052822791153
 20
160.0297334552772
 30
0.0
  0
VERTEX
  5
105A9
  8
0
 10
71.34666198544915
 20
160.0232904253209
 30
0.0
  0
VERTEX
  5
105AA
  8
0
 10
71.36268071331757
 20
160.0165683993813
 30
0.0
  0
VERTEX
  5
105AB
  8
0
 10
71.3785807621068
 20
160.0095689142562
 30
0.0
  0
VERTEX
  5
105AC
  8
0
 10
71.39435848240679
 20
160.0022935067435
 30
0.0
  0
VERTEX
  5
105AD
  8
0
 10
71.41001022480751
 20
159.9947437136407
 30
0.0
  0
VERTEX
  5
105AE
  8
0
 10
71.42553233989895
 20
159.9869210717458
 30
0.0
  0
VERTEX
  5
105AF
  8
0
 10
71.44092117827105
 20
159.9788271178565
 30
0.0
  0
VERTEX
  5
105B0
  8
0
 10
71.45617309051379
 20
159.9704633887706
 30
0.0
  0
VERTEX
  5
105B1
  8
0
 10
71.47128442721717
 20
159.9618314212858
 30
0.0
  0
VERTEX
  5
105B2
  8
0
 10
71.48625153897112
 20
159.9529327522001
 30
0.0
  0
VERTEX
  5
105B3
  8
0
 10
71.50107077636564
 20
159.9437689183111
 30
0.0
  0
VERTEX
  5
105B4
  8
0
 10
71.51573848999067
 20
159.9343414564166
 30
0.0
  0
VERTEX
  5
105B5
  8
0
 10
71.5302504725359
 20
159.9246522828361
 30
0.0
  0
VERTEX
  5
105B6
  8
0
 10
71.54458973790832
 20
159.9147123885544
 30
0.0
  0
VERTEX
  5
105B7
  8
0
 10
71.55874744621354
 20
159.9045281922226
 30
0.0
  0
VERTEX
  5
105B8
  8
0
 10
71.5727205863008
 20
159.8941022924454
 30
0.0
  0
VERTEX
  5
105B9
  8
0
 10
71.58650614701955
 20
159.8834372878282
 30
0.0
  0
VERTEX
  5
105BA
  8
0
 10
71.60010111721903
 20
159.8725357769759
 30
0.0
  0
VERTEX
  5
105BB
  8
0
 10
71.61350248574864
 20
159.8614003584935
 30
0.0
  0
VERTEX
  5
105BC
  8
0
 10
71.62670724145772
 20
159.850033630986
 30
0.0
  0
VERTEX
  5
105BD
  8
0
 10
71.63971237319561
 20
159.8384381930587
 30
0.0
  0
VERTEX
  5
105BE
  8
0
 10
71.65251486981164
 20
159.8266166433165
 30
0.0
  0
VERTEX
  5
105BF
  8
0
 10
71.66511172015515
 20
159.8145715803643
 30
0.0
  0
VERTEX
  5
105C0
  8
0
 10
71.6774999130755
 20
159.8023056028074
 30
0.0
  0
VERTEX
  5
105C1
  8
0
 10
71.68967643742201
 20
159.7898213092507
 30
0.0
  0
VERTEX
  5
105C2
  8
0
 10
71.70163828204403
 20
159.7771212982992
 30
0.0
  0
VERTEX
  5
105C3
  8
0
 10
71.71338012519176
 20
159.7642107537202
 30
0.0
  0
VERTEX
  5
105C4
  8
0
 10
71.72489037278721
 20
159.751102494205
 30
0.0
  0
VERTEX
  5
105C5
  8
0
 10
71.7361658142841
 20
159.7378007208108
 30
0.0
  0
VERTEX
  5
105C6
  8
0
 10
71.74720413418443
 20
159.7243086674587
 30
0.0
  0
VERTEX
  5
105C7
  8
0
 10
71.75800301699012
 20
159.7106295680695
 30
0.0
  0
VERTEX
  5
105C8
  8
0
 10
71.76856014720308
 20
159.6967666565643
 30
0.0
  0
VERTEX
  5
105C9
  8
0
 10
71.77887320932534
 20
159.6827231668643
 30
0.0
  0
VERTEX
  5
105CA
  8
0
 10
71.78893988785882
 20
159.6685023328904
 30
0.0
  0
VERTEX
  5
105CB
  8
0
 10
71.79875786730545
 20
159.6541073885636
 30
0.0
  0
VERTEX
  5
105CC
  8
0
 10
71.80832483216722
 20
159.6395415678051
 30
0.0
  0
VERTEX
  5
105CD
  8
0
 10
71.81763846694605
 20
159.6248081045357
 30
0.0
  0
VERTEX
  5
105CE
  8
0
 10
71.82669645614392
 20
159.6099102326767
 30
0.0
  0
VERTEX
  5
105CF
  8
0
 10
71.83549648426273
 20
159.5948511861489
 30
0.0
  0
VERTEX
  5
105D0
  8
0
 10
71.84403623580448
 20
159.5796341988735
 30
0.0
  0
SEQEND
  5
1183E
  8
0
  0
POLYLINE
  5
130
  8
0
 66
     1
 10
0.0
 20
0.0
 30
0.0
  0
VERTEX
  5
105D1
  8
0
 10
70.78324491932898
 20
160.0806960145173
 30
0.0
  0
VERTEX
  5
105D2
  8
0
 10
70.74020073352852
 20
160.0725996406402
 30
0.0
  0
VERTEX
  5
105D3
  8
0
 10
70.69719220931252
 20
160.0644774702605
 30
0.0
  0
VERTEX
  5
105D4
  8
0
 10
70.65421918579655
 20
160.0563294833877
 30
0.0
  0
VERTEX
  5
105D5
  8
0
 10
70.61128150024977
 20
160.0481556601167
 30
0.0
  0
VERTEX
  5
105D6
  8
0
 10
70.56837898811422
 20
160.039955980624
 30
0.0
  0
VERTEX
  5
105D7
  8
0
 10
70.5255114830239
 20
160.0317304251646
 30
0.0
  0
VERTEX
  5
105D8
  8
0
 10
70.4826788168243
 20
160.0234789740684
 30
0.0
  0
VERTEX
  5
105D9
  8
0
 10
70.4398808195914
 20
160.0152016077371
 30
0.0
  0
VERTEX
  5
105DA
  8
0
 10
70.39711731965117
 20
160.0068983066406
 30
0.0
  0
VERTEX
  5
105DB
  8
0
 10
70.35438814359874
 20
159.9985690513135
 30
0.0
  0
VERTEX
  5
105DC
  8
0
 10
70.31169311631758
 20
159.990213822352
 30
0.0
  0
VERTEX
  5
105DD
  8
0
 10
70.26903206099897
 20
159.9818326004101
 30
0.0
  0
VERTEX
  5
105DE
  8
0
 10
70.22640479916103
 20
159.9734253661969
 30
0.0
  0
VERTEX
  5
105DF
  8
0
 10
70.18381115066823
 20
159.9649921004724
 30
0.0
  0
VERTEX
  5
105E0
  8
0
 10
70.14125093375047
 20
159.9565327840445
 30
0.0
  0
VERTEX
  5
105E1
  8
0
 10
70.0987239650224
 20
159.9480473977656
 30
0.0
  0
VERTEX
  5
105E2
  8
0
 10
70.05623005950282
 20
159.9395359225293
 30
0.0
  0
VERTEX
  5
105E3
  8
0
 10
70.01376903063371
 20
159.9309983392667
 30
0.0
  0
VERTEX
  5
105E4
  8
0
 10
69.9713406902997
 20
159.9224346289432
 30
0.0
  0
VERTEX
  5
105E5
  8
0
 10
69.9289448488472
 20
159.9138447725552
 30
0.0
  0
VERTEX
  5
105E6
  8
0
 10
69.88658131510378
 20
159.9052287511266
 30
0.0
  0
VERTEX
  5
105E7
  8
0
 10
69.8442498963974
 20
159.8965865457052
 30
0.0
  0
VERTEX
  5
105E8
  8
0
 10
69.8019503985756
 20
159.8879181373597
 30
0.0
  0
VERTEX
  5
105E9
  8
0
 10
69.75968262602494
 20
159.8792235071762
 30
0.0
  0
VERTEX
  5
105EA
  8
0
 10
69.71744638169004
 20
159.8705026362544
 30
0.0
  0
VERTEX
  5
105EB
  8
0
 10
69.67524146709303
 20
159.8617555057046
 30
0.0
  0
VERTEX
  5
105EC
  8
0
 10
69.63306768235279
 20
159.8529820966445
 30
0.0
  0
VERTEX
  5
105ED
  8
0
 10
69.59092482620413
 20
159.8441823901953
 30
0.0
  0
VERTEX
  5
105EE
  8
0
 10
69.54881269601718
 20
159.8353563674785
 30
0.0
  0
VERTEX
  5
105EF
  8
0
 10
69.50673108781653
 20
159.8265040096127
 30
0.0
  0
VERTEX
  5
105F0
  8
0
 10
69.4646797963006
 20
159.81762529771
 30
0.0
  0
VERTEX
  5
105F1
  8
0
 10
69.42265861486086
 20
159.8087202128725
 30
0.0
  0
VERTEX
  5
105F2
  8
0
 10
69.38066733560112
 20
159.7997887361892
 30
0.0
  0
VERTEX
  5
105F3
  8
0
 10
69.33870574935678
 20
159.7908308487326
 30
0.0
  0
VERTEX
  5
105F4
  8
0
 10
69.29677364571405
 20
159.7818465315548
 30
0.0
  0
VERTEX
  5
105F5
  8
0
 10
69.25487081302941
 20
159.7728357656848
 30
0.0
  0
VERTEX
  5
105F6
  8
0
 10
69.21299703844862
 20
159.7637985321246
 30
0.0
  0
VERTEX
  5
105F7
  8
0
 10
69.17115210792613
 20
159.7547348118461
 30
0.0
  0
VERTEX
  5
105F8
  8
0
 10
69.1293358062444
 20
159.7456445857876
 30
0.0
  0
VERTEX
  5
105F9
  8
0
 10
69.08754791703302
 20
159.7365278348502
 30
0.0
  0
VERTEX
  5
105FA
  8
0
 10
69.04578822278805
 20
159.7273845398947
 30
0.0
  0
VERTEX
  5
105FB
  8
0
 10
69.00405650489137
 20
159.7182146817382
 30
0.0
  0
VERTEX
  5
105FC
  8
0
 10
68.96235254362982
 20
159.7090182411507
 30
0.0
  0
VERTEX
  5
105FD
  8
0
 10
68.92067611821449
 20
159.6997951988511
 30
0.0
  0
VERTEX
  5
105FE
  8
0
 10
68.87902700680009
 20
159.690545535505
 30
0.0
  0
VERTEX
  5
105FF
  8
0
 10
68.83740498650394
 20
159.6812692317201
 30
0.0
  0
VERTEX
  5
10600
  8
0
 10
68.79580983342414
 20
159.6719662680443
 30
0.0
  0
VERTEX
  5
10601
  8
0
 10
68.75424132265604
 20
159.6626366249624
 30
0.0
  0
SEQEND
  5
1183F
  8
0
  0
POLYLINE
  5
131
  8
0
 66
     1
 10
0.0
 20
0.0
 30
0.0
  0
VERTEX
  5
10602
  8
0
 10
67.97796865250795
 20
158.7803813946114
 30
0.0
  0
VERTEX
  5
10603
  8
0
 10
67.97975320149794
 20
158.7977705562862
 30
0.0
  0
VERTEX
  5
10604
  8
0
 10
67.98183971243228
 20
158.8151124340024
 30
0.0
  0
VERTEX
  5
10605
  8
0
 10
67.98422705311563
 20
158.8324032091167
 30
0.0
  0
VERTEX
  5
10606
  8
0
 10
67.98691409135267
 20
158.8496390629859
 30
0.0
  0
VERTEX
  5
10607
  8
0
 10
67.98989969494816
 20
158.8668161769665
 30
0.0
  0
VERTEX
  5
10608
  8
0
 10
67.99318273170674
 20
158.8839307324152
 30
0.0
  0
VERTEX
  5
10609
  8
0
 10
67.99676206943309
 20
158.9009789106887
 30
0.0
  0
VERTEX
  5
1060A
  8
0
 10
68.00063657593192
 20
158.9179568931436
 30
0.0
  0
VERTEX
  5
1060B
  8
0
 10
68.00480511900788
 20
158.9348608611366
 30
0.0
  0
VERTEX
  5
1060C
  8
0
 10
68.00926656646571
 20
158.9516869960244
 30
0.0
  0
VERTEX
  5
1060D
  8
0
 10
68.01401978611005
 20
158.9684314791636
 30
0.0
  0
VERTEX
  5
1060E
  8
0
 10
68.01906364574563
 20
158.9850904919109
 30
0.0
  0
VERTEX
  5
1060F
  8
0
 10
68.02439701317711
 20
159.0016602156228
 30
0.0
  0
VERTEX
  5
10610
  8
0
 10
68.03001875620919
 20
159.0181368316563
 30
0.0
  0
VERTEX
  5
10611
  8
0
 10
68.03592774264656
 20
159.0345165213678
 30
0.0
  0
VERTEX
  5
10612
  8
0
 10
68.04212284029389
 20
159.050795466114
 30
0.0
  0
VERTEX
  5
10613
  8
0
 10
68.04860291695589
 20
159.0669698472516
 30
0.0
  0
VERTEX
  5
10614
  8
0
 10
68.05536684043722
 20
159.0830358461373
 30
0.0
  0
VERTEX
  5
10615
  8
0
 10
68.0624134785426
 20
159.0989896441277
 30
0.0
  0
VERTEX
  5
10616
  8
0
 10
68.0697416990767
 20
159.1148274225795
 30
0.0
  0
VERTEX
  5
10617
  8
0
 10
68.0773503698442
 20
159.1305453628493
 30
0.0
  0
VERTEX
  5
10618
  8
0
 10
68.0852383586498
 20
159.1461396462938
 30
0.0
  0
VERTEX
  5
10619
  8
0
 10
68.09340141991186
 20
159.1616006772987
 30
0.0
  0
VERTEX
  5
1061A
  8
0
 10
68.10182751268445
 20
159.1769058914302
 30
0.0
  0
VERTEX
  5
1061B
  8
0
 10
68.11051335479742
 20
159.1920506673887
 30
0.0
  0
VERTEX
  5
1061C
  8
0
 10
68.11945644907338
 20
159.2070319022709
 30
0.0
  0
VERTEX
  5
1061D
  8
0
 10
68.12865429833518
 20
159.2218464931734
 30
0.0
  0
VERTEX
  5
1061E
  8
0
 10
68.13810440540549
 20
159.2364913371929
 30
0.0
  0
VERTEX
  5
1061F
  8
0
 10
68.14780427310708
 20
159.250963331426
 30
0.0
  0
VERTEX
  5
10620
  8
0
 10
68.15775140426268
 20
159.2652593729696
 30
0.0
  0
VERTEX
  5
10621
  8
0
 10
68.16794330169508
 20
159.2793763589203
 30
0.0
  0
VERTEX
  5
10622
  8
0
 10
68.17837746822698
 20
159.2933111863748
 30
0.0
  0
VERTEX
  5
10623
  8
0
 10
68.18905140668113
 20
159.3070607524298
 30
0.0
  0
VERTEX
  5
10624
  8
0
 10
68.1999626198803
 20
159.320621954182
 30
0.0
  0
VERTEX
  5
10625
  8
0
 10
68.21110861064722
 20
159.333991688728
 30
0.0
  0
VERTEX
  5
10626
  8
0
 10
68.22248688180461
 20
159.3471668531647
 30
0.0
  0
VERTEX
  5
10627
  8
0
 10
68.23409493617525
 20
159.3601443445886
 30
0.0
  0
VERTEX
  5
10628
  8
0
 10
68.24593027658187
 20
159.3729210600964
 30
0.0
  0
VERTEX
  5
10629
  8
0
 10
68.25799040584721
 20
159.3854938967849
 30
0.0
  0
VERTEX
  5
1062A
  8
0
 10
68.27027282679403
 20
159.3978597517508
 30
0.0
  0
VERTEX
  5
1062B
  8
0
 10
68.28277504224508
 20
159.4100155220907
 30
0.0
  0
VERTEX
  5
1062C
  8
0
 10
68.29549455502304
 20
159.4219581049013
 30
0.0
  0
VERTEX
  5
1062D
  8
0
 10
68.30842886795074
 20
159.4336843972794
 30
0.0
  0
VERTEX
  5
1062E
  8
0
 10
68.32157548385086
 20
159.4451912963216
 30
0.0
  0
VERTEX
  5
1062F
  8
0
 10
68.33493093041932
 20
159.4564748896378
 30
0.0
  0
VERTEX
  5
10630
  8
0
 10
68.34847911718106
 20
159.4675212634798
 30
0.0
  0
VERTEX
  5
10631
  8
0
 10
68.36221252269002
 20
159.4783246407858
 30
0.0
  0
VERTEX
  5
10632
  8
0
 10
68.37612779868326
 20
159.488882832116
 30
0.0
  0
VERTEX
  5
10633
  8
0
 10
68.39022159689796
 20
159.4991936480301
 30
0.0
  0
VERTEX
  5
10634
  8
0
 10
68.40449056907124
 20
159.5092548990882
 30
0.0
  0
VERTEX
  5
10635
  8
0
 10
68.41893136694031
 20
159.5190643958503
 30
0.0
  0
VERTEX
  5
10636
  8
0
 10
68.43354064224226
 20
159.5286199488762
 30
0.0
  0
VERTEX
  5
10637
  8
0
 10
68.44831504671428
 20
159.5379193687261
 30
0.0
  0
VERTEX
  5
10638
  8
0
 10
68.46325123209348
 20
159.5469604659598
 30
0.0
  0
VERTEX
  5
10639
  8
0
 10
68.47834585011702
 20
159.5557410511373
 30
0.0
  0
VERTEX
  5
1063A
  8
0
 10
68.49359555252207
 20
159.5642589348187
 30
0.0
  0
VERTEX
  5
1063B
  8
0
 10
68.50899699104573
 20
159.5725119275637
 30
0.0
  0
VERTEX
  5
1063C
  8
0
 10
68.52454681742518
 20
159.5804978399325
 30
0.0
  0
VERTEX
  5
1063D
  8
0
 10
68.54023807172534
 20
159.5882127454207
 30
0.0
  0
VERTEX
  5
1063E
  8
0
 10
68.55605528548246
 20
159.5956491118464
 30
0.0
  0
VERTEX
  5
1063F
  8
0
 10
68.57199375506158
 20
159.6028051345713
 30
0.0
  0
VERTEX
  5
10640
  8
0
 10
68.58804970954648
 20
159.6096794776679
 30
0.0
  0
VERTEX
  5
10641
  8
0
 10
68.60421937802099
 20
159.6162708052083
 30
0.0
  0
VERTEX
  5
10642
  8
0
 10
68.62049898956896
 20
159.6225777812647
 30
0.0
  0
VERTEX
  5
10643
  8
0
 10
68.63688477327423
 20
159.6285990699094
 30
0.0
  0
VERTEX
  5
10644
  8
0
 10
68.65337295822059
 20
159.6343333352146
 30
0.0
  0
VERTEX
  5
10645
  8
0
 10
68.66995977349188
 20
159.6397792412526
 30
0.0
  0
VERTEX
  5
10646
  8
0
 10
68.68664144817191
 20
159.6449354520956
 30
0.0
  0
VERTEX
  5
10647
  8
0
 10
68.70341421134452
 20
159.6498006318158
 30
0.0
  0
VERTEX
  5
10648
  8
0
 10
68.72027429209353
 20
159.6543734444855
 30
0.0
  0
VERTEX
  5
10649
  8
0
 10
68.73721791950277
 20
159.658652554177
 30
0.0
  0
VERTEX
  5
1064A
  8
0
 10
68.75424132265604
 20
159.6626366249624
 30
0.0
  0
SEQEND
  5
11840
  8
0
  0
ARC
  5
132
  8
0
 10
65.98670933891808
 20
158.9671602639773
 30
0.0
 40
1.999999999999995
 50
216.3426489362697
 51
354.6413709153542
  0
POLYLINE
  5
133
  8
0
 66
     1
 10
0.0
 20
0.0
 30
0.0
  0
VERTEX
  5
1064B
  8
0
 10
63.25824164196766
 20
158.1394017891658
 30
0.0
  0
VERTEX
  5
1064C
  8
0
 10
63.27486575105599
 20
158.1447009109954
 30
0.0
  0
VERTEX
  5
1064D
  8
0
 10
63.29156682758499
 20
158.149705404278
 30
0.0
  0
VERTEX
  5
1064E
  8
0
 10
63.30834094033288
 20
158.1544147846404
 30
0.0
  0
VERTEX
  5
1064F
  8
0
 10
63.32518415807774
 20
158.158828567709
 30
0.0
  0
VERTEX
  5
10650
  8
0
 10
63.34209254959779
 20
158.1629462691106
 30
0.0
  0
VERTEX
  5
10651
  8
0
 10
63.35906218367122
 20
158.1667674044716
 30
0.0
  0
VERTEX
  5
10652
  8
0
 10
63.37608912907612
 20
158.1702914894185
 30
0.0
  0
VERTEX
  5
10653
  8
0
 10
63.39316945459067
 20
158.1735180395779
 30
0.0
  0
VERTEX
  5
10654
  8
0
 10
63.41029922899305
 20
158.1764465705765
 30
0.0
  0
VERTEX
  5
10655
  8
0
 10
63.42747452106144
 20
158.1790765980408
 30
0.0
  0
VERTEX
  5
10656
  8
0
 10
63.44469139957396
 20
158.1814076375973
 30
0.0
  0
VERTEX
  5
10657
  8
0
 10
63.46194593330879
 20
158.1834392048726
 30
0.0
  0
VERTEX
  5
10658
  8
0
 10
63.47923419104409
 20
158.1851708154934
 30
0.0
  0
VERTEX
  5
10659
  8
0
 10
63.49655224155803
 20
158.186601985086
 30
0.0
  0
VERTEX
  5
1065A
  8
0
 10
63.51389615362876
 20
158.1877322292772
 30
0.0
  0
VERTEX
  5
1065B
  8
0
 10
63.53126199603445
 20
158.1885610636935
 30
0.0
  0
VERTEX
  5
1065C
  8
0
 10
63.54864583755324
 20
158.1890880039614
 30
0.0
  0
VERTEX
  5
1065D
  8
0
 10
63.56604374696332
 20
158.1893125657076
 30
0.0
  0
VERTEX
  5
1065E
  8
0
 10
63.58345179304284
 20
158.1892342645585
 30
0.0
  0
VERTEX
  5
1065F
  8
0
 10
63.60086604456997
 20
158.1888526161408
 30
0.0
  0
VERTEX
  5
10660
  8
0
 10
63.61828257032285
 20
158.1881671360809
 30
0.0
  0
VERTEX
  5
10661
  8
0
 10
63.63569743907968
 20
158.1871773400056
 30
0.0
  0
VERTEX
  5
10662
  8
0
 10
63.6531009909669
 20
158.1858832186607
 30
0.0
  0
VERTEX
  5
10663
  8
0
 10
63.67046748067704
 20
158.1842867702285
 30
0.0
  0
VERTEX
  5
10664
  8
0
 10
63.68779094747855
 20
158.1823891797164
 30
0.0
  0
VERTEX
  5
10665
  8
0
 10
63.70506757058747
 20
158.1801914915059
 30
0.0
  0
VERTEX
  5
10666
  8
0
 10
63.72229352921981
 20
158.1776947499782
 30
0.0
  0
VERTEX
  5
10667
  8
0
 10
63.73946500259159
 20
158.1748999995149
 30
0.0
  0
VERTEX
  5
10668
  8
0
 10
63.75657816991882
 20
158.1718082844972
 30
0.0
  0
VERTEX
  5
10669
  8
0
 10
63.77362921041754
 20
158.1684206493068
 30
0.0
  0
VERTEX
  5
1066A
  8
0
 10
63.79061430330378
 20
158.1647381383249
 30
0.0
  0
VERTEX
  5
1066B
  8
0
 10
63.80752962779351
 20
158.160761795933
 30
0.0
  0
VERTEX
  5
1066C
  8
0
 10
63.82437136310278
 20
158.1564926665124
 30
0.0
  0
VERTEX
  5
1066D
  8
0
 10
63.84113568844761
 20
158.1519317944446
 30
0.0
  0
VERTEX
  5
1066E
  8
0
 10
63.85781878304401
 20
158.147080224111
 30
0.0
  0
VERTEX
  5
1066F
  8
0
 10
63.87441682610798
 20
158.1419389998931
 30
0.0
  0
VERTEX
  5
10670
  8
0
 10
63.89092599685559
 20
158.1365091661721
 30
0.0
  0
VERTEX
  5
10671
  8
0
 10
63.90734247450282
 20
158.1307917673297
 30
0.0
  0
VERTEX
  5
10672
  8
0
 10
63.92366243826569
 20
158.124787847747
 30
0.0
  0
VERTEX
  5
10673
  8
0
 10
63.93988206736022
 20
158.1184984518057
 30
0.0
  0
VERTEX
  5
10674
  8
0
 10
63.95599754100243
 20
158.1119246238869
 30
0.0
  0
VERTEX
  5
10675
  8
0
 10
63.97200503840836
 20
158.1050674083723
 30
0.0
  0
VERTEX
  5
10676
  8
0
 10
63.987900738794
 20
158.0979278496432
 30
0.0
  0
VERTEX
  5
10677
  8
0
 10
64.0036808213754
 20
158.090506992081
 30
0.0
  0
VERTEX
  5
10678
  8
0
 10
64.0193408398838
 20
158.0828061944076
 30
0.0
  0
VERTEX
  5
10679
  8
0
 10
64.03486245887291
 20
158.0748341512417
 30
0.0
  0
VERTEX
  5
1067A
  8
0
 10
64.05023614105662
 20
158.0665960319422
 30
0.0
  0
VERTEX
  5
1067B
  8
0
 10
64.06545855911055
 20
158.0580940177724
 30
0.0
  0
VERTEX
  5
1067C
  8
0
 10
64.08052638571037
 20
158.0493302899958
 30
0.0
  0
VERTEX
  5
1067D
  8
0
 10
64.09543629353173
 20
158.0403070298757
 30
0.0
  0
VERTEX
  5
1067E
  8
0
 10
64.1101849552503
 20
158.0310264186754
 30
0.0
  0
VERTEX
  5
1067F
  8
0
 10
64.12476904354169
 20
158.0214906376584
 30
0.0
  0
VERTEX
  5
10680
  8
0
 10
64.1391852310816
 20
158.0117018680881
 30
0.0
  0
VERTEX
  5
10681
  8
0
 10
64.15343019054565
 20
158.0016622912277
 30
0.0
  0
VERTEX
  5
10682
  8
0
 10
64.16750059460952
 20
157.9913740883407
 30
0.0
  0
VERTEX
  5
10683
  8
0
 10
64.18139311594886
 20
157.9808394406905
 30
0.0
  0
VERTEX
  5
10684
  8
0
 10
64.19510442723931
 20
157.9700605295404
 30
0.0
  0
VERTEX
  5
10685
  8
0
 10
64.20863120115652
 20
157.9590395361537
 30
0.0
  0
VERTEX
  5
10686
  8
0
 10
64.22196746062548
 20
157.9477809182967
 30
0.0
  0
VERTEX
  5
10687
  8
0
 10
64.23510003155756
 20
157.9362958610446
 30
0.0
  0
VERTEX
  5
10688
  8
0
 10
64.24802519004002
 20
157.924588099261
 30
0.0
  0
VERTEX
  5
10689
  8
0
 10
64.26074021529055
 20
157.9126605357621
 30
0.0
  0
VERTEX
  5
1068A
  8
0
 10
64.2732423865267
 20
157.9005160733636
 30
0.0
  0
VERTEX
  5
1068B
  8
0
 10
64.28552898296606
 20
157.8881576148816
 30
0.0
  0
VERTEX
  5
1068C
  8
0
 10
64.29759728382625
 20
157.875588063132
 30
0.0
  0
VERTEX
  5
1068D
  8
0
 10
64.30944456832486
 20
157.8628103209307
 30
0.0
  0
VERTEX
  5
1068E
  8
0
 10
64.32106811567952
 20
157.8498272910938
 30
0.0
  0
VERTEX
  5
1068F
  8
0
 10
64.33246520510781
 20
157.836641876437
 30
0.0
  0
VERTEX
  5
10690
  8
0
 10
64.34363311582734
 20
157.8232569797764
 30
0.0
  0
VERTEX
  5
10691
  8
0
 10
64.35456912705573
 20
157.8096755039278
 30
0.0
  0
VERTEX
  5
10692
  8
0
 10
64.36527051801053
 20
157.7959003517073
 30
0.0
  0
VERTEX
  5
10693
  8
0
 10
64.37573456790939
 20
157.7819344259307
 30
0.0
  0
SEQEND
  5
11841
  8
0
  0
POLYLINE
  5
134
  8
0
 66
     1
 10
0.0
 20
0.0
 30
0.0
  0
VERTEX
  5
10694
  8
0
 10
63.2582416419677
 20
158.1394017891659
 30
0.0
  0
VERTEX
  5
10695
  8
0
 10
63.22224256094908
 20
158.1275680853593
 30
0.0
  0
VERTEX
  5
10696
  8
0
 10
63.18623836191553
 20
158.1157094319415
 30
0.0
  0
VERTEX
  5
10697
  8
0
 10
63.15022890294183
 20
158.1038257891127
 30
0.0
  0
VERTEX
  5
10698
  8
0
 10
63.11421404294734
 20
158.0919171168213
 30
0.0
  0
VERTEX
  5
10699
  8
0
 10
63.07819364170104
 20
158.0799833747659
 30
0.0
  0
VERTEX
  5
1069A
  8
0
 10
63.04216755982614
 20
158.0680245223969
 30
0.0
  0
VERTEX
  5
1069B
  8
0
 10
63.00613565880517
 20
158.0560405189184
 30
0.0
  0
VERTEX
  5
1069C
  8
0
 10
62.97009780098455
 20
158.0440313232896
 30
0.0
  0
VERTEX
  5
1069D
  8
0
 10
62.93405384957975
 20
158.0319968942275
 30
0.0
  0
VERTEX
  5
1069E
  8
0
 10
62.89800366867981
 20
158.0199371902077
 30
0.0
  0
VERTEX
  5
1069F
  8
0
 10
62.86194712325243
 20
158.0078521694669
 30
0.0
  0
VERTEX
  5
106A0
  8
0
 10
62.82588407914873
 20
157.9957417900042
 30
0.0
  0
VERTEX
  5
106A1
  8
0
 10
62.78981440310801
 20
157.9836060095832
 30
0.0
  0
VERTEX
  5
106A2
  8
0
 10
62.75373796276273
 20
157.9714447857339
 30
0.0
  0
VERTEX
  5
106A3
  8
0
 10
62.71765462664329
 20
157.9592580757543
 30
0.0
  0
VERTEX
  5
106A4
  8
0
 10
62.68156426418282
 20
157.9470458367119
 30
0.0
  0
VERTEX
  5
106A5
  8
0
 10
62.64546674572215
 20
157.9348080254464
 30
0.0
  0
VERTEX
  5
106A6
  8
0
 10
62.60936194251455
 20
157.9225445985703
 30
0.0
  0
VERTEX
  5
106A7
  8
0
 10
62.57324972673057
 20
157.9102555124718
 30
0.0
  0
VERTEX
  5
106A8
  8
0
 10
62.53712997146298
 20
157.897940723316
 30
0.0
  0
VERTEX
  5
106A9
  8
0
 10
62.50100255073149
 20
157.8856001870466
 30
0.0
  0
VERTEX
  5
106AA
  8
0
 10
62.46486733948772
 20
157.8732338593882
 30
0.0
  0
VERTEX
  5
106AB
  8
0
 10
62.42872421361995
 20
157.8608416958477
 30
0.0
  0
VERTEX
  5
106AC
  8
0
 10
62.39257304995792
 20
157.8484236517162
 30
0.0
  0
VERTEX
  5
106AD
  8
0
 10
62.35641372627791
 20
157.835979682071
 30
0.0
  0
VERTEX
  5
106AE
  8
0
 10
62.32024612130721
 20
157.8235097417767
 30
0.0
  0
VERTEX
  5
106AF
  8
0
 10
62.28407011472935
 20
157.8110137854883
 30
0.0
  0
VERTEX
  5
106B0
  8
0
 10
62.2478855871887
 20
157.7984917676516
 30
0.0
  0
VERTEX
  5
106B1
  8
0
 10
62.21169242029533
 20
157.7859436425057
 30
0.0
  0
VERTEX
  5
106B2
  8
0
 10
62.17549049662996
 20
157.7733693640849
 30
0.0
  0
VERTEX
  5
106B3
  8
0
 10
62.13927969974873
 20
157.7607688862202
 30
0.0
  0
VERTEX
  5
106B4
  8
0
 10
62.10305991418804
 20
157.7481421625412
 30
0.0
  0
VERTEX
  5
106B5
  8
0
 10
62.06683102546943
 20
157.735489146478
 30
0.0
  0
VERTEX
  5
106B6
  8
0
 10
62.03059292010441
 20
157.7228097912626
 30
0.0
  0
VERTEX
  5
106B7
  8
0
 10
61.99434548559928
 20
157.7101040499314
 30
0.0
  0
VERTEX
  5
106B8
  8
0
 10
61.95808861046
 20
157.6973718753263
 30
0.0
  0
VERTEX
  5
106B9
  8
0
 10
61.921822184197
 20
157.684613220097
 30
0.0
  0
VERTEX
  5
106BA
  8
0
 10
61.88554609733012
 20
157.6718280367025
 30
0.0
  0
VERTEX
  5
106BB
  8
0
 10
61.84926024139328
 20
157.6590162774129
 30
0.0
  0
VERTEX
  5
106BC
  8
0
 10
61.81296450893949
 20
157.6461778943115
 30
0.0
  0
VERTEX
  5
106BD
  8
0
 10
61.77665879354562
 20
157.6333128392963
 30
0.0
  0
VERTEX
  5
106BE
  8
0
 10
61.74034298981724
 20
157.6204210640816
 30
0.0
  0
VERTEX
  5
106BF
  8
0
 10
61.70401699339347
 20
157.6075025202007
 30
0.0
  0
VERTEX
  5
106C0
  8
0
 10
61.66768070095182
 20
157.5945571590065
 30
0.0
  0
VERTEX
  5
106C1
  8
0
 10
61.63133401021308
 20
157.5815849316743
 30
0.0
  0
VERTEX
  5
106C2
  8
0
 10
61.5949768199461
 20
157.5685857892028
 30
0.0
  0
VERTEX
  5
106C3
  8
0
 10
61.55860902997264
 20
157.5555596824167
 30
0.0
  0
VERTEX
  5
106C4
  8
0
 10
61.52223054117205
 20
157.5425065619681
 30
0.0
  0
SEQEND
  5
11842
  8
0
  0
POLYLINE
  5
135
  8
0
 66
     1
 10
0.0
 20
0.0
 30
0.0
  0
VERTEX
  5
106C5
  8
0
 10
60.86055206653599
 20
156.5758809081931
 30
0.0
  0
VERTEX
  5
106C6
  8
0
 10
60.86025996181758
 20
156.5932945357171
 30
0.0
  0
VERTEX
  5
106C7
  8
0
 10
60.86027105175051
 20
156.6106971605599
 30
0.0
  0
VERTEX
  5
106C8
  8
0
 10
60.86058467291196
 20
156.6280848999254
 30
0.0
  0
VERTEX
  5
106C9
  8
0
 10
60.86120016187898
 20
156.645453871018
 30
0.0
  0
VERTEX
  5
106CA
  8
0
 10
60.86211685522876
 20
156.6628001910421
 30
0.0
  0
VERTEX
  5
106CB
  8
0
 10
60.86333408953836
 20
156.6801199772018
 30
0.0
  0
VERTEX
  5
106CC
  8
0
 10
60.86485120138493
 20
156.6974093467013
 30
0.0
  0
VERTEX
  5
106CD
  8
0
 10
60.86666752734558
 20
156.7146644167451
 30
0.0
  0
VERTEX
  5
106CE
  8
0
 10
60.86878240399744
 20
156.7318813045372
 30
0.0
  0
VERTEX
  5
106CF
  8
0
 10
60.87119516791766
 20
156.749056127282
 30
0.0
  0
VERTEX
  5
106D0
  8
0
 10
60.87390515568331
 20
156.7661850021838
 30
0.0
  0
VERTEX
  5
106D1
  8
0
 10
60.87691170387154
 20
156.7832640464468
 30
0.0
  0
VERTEX
  5
106D2
  8
0
 10
60.88021414905946
 20
156.8002893772752
 30
0.0
  0
VERTEX
  5
106D3
  8
0
 10
60.88381182782419
 20
156.8172571118733
 30
0.0
  0
VERTEX
  5
106D4
  8
0
 10
60.88770407674286
 20
156.8341633674454
 30
0.0
  0
VERTEX
  5
106D5
  8
0
 10
60.89189023239258
 20
156.8510042611958
 30
0.0
  0
VERTEX
  5
106D6
  8
0
 10
60.89636963135048
 20
156.8677759103286
 30
0.0
  0
VERTEX
  5
106D7
  8
0
 10
60.90114161019369
 20
156.8844744320483
 30
0.0
  0
VERTEX
  5
106D8
  8
0
 10
60.9062055054993
 20
156.9010959435589
 30
0.0
  0
VERTEX
  5
106D9
  8
0
 10
60.91156065384446
 20
156.9176365620648
 30
0.0
  0
VERTEX
  5
106DA
  8
0
 10
60.91720639180628
 20
156.9340924047702
 30
0.0
  0
VERTEX
  5
106DB
  8
0
 10
60.92314205596189
 20
156.9504595888795
 30
0.0
  0
VERTEX
  5
106DC
  8
0
 10
60.92936516083613
 20
156.9667295869543
 30
0.0
  0
VERTEX
  5
106DD
  8
0
 10
60.93586637897045
 20
156.9828781657461
 30
0.0
  0
VERTEX
  5
106DE
  8
0
 10
60.94264270463193
 20
156.998899522217
 30
0.0
  0
VERTEX
  5
106DF
  8
0
 10
60.94969204996329
 20
157.0147903161448
 30
0.0
  0
VERTEX
  5
106E0
  8
0
 10
60.95701232710724
 20
157.0305472073073
 30
0.0
  0
VERTEX
  5
106E1
  8
0
 10
60.96460144820653
 20
157.046166855482
 30
0.0
  0
VERTEX
  5
106E2
  8
0
 10
60.97245732540383
 20
157.0616459204468
 30
0.0
  0
VERTEX
  5
106E3
  8
0
 10
60.98057787084195
 20
157.0769810619795
 30
0.0
  0
VERTEX
  5
106E4
  8
0
 10
60.98896099666351
 20
157.0921689398578
 30
0.0
  0
VERTEX
  5
106E5
  8
0
 10
60.99760461501133
 20
157.1072062138595
 30
0.0
  0
VERTEX
  5
106E6
  8
0
 10
61.00650663802805
 20
157.1220895437622
 30
0.0
  0
VERTEX
  5
106E7
  8
0
 10
61.01566497785645
 20
157.1368155893439
 30
0.0
  0
VERTEX
  5
106E8
  8
0
 10
61.02507754663924
 20
157.1513810103822
 30
0.0
  0
VERTEX
  5
106E9
  8
0
 10
61.03474225651912
 20
157.1657824666547
 30
0.0
  0
VERTEX
  5
106EA
  8
0
 10
61.04465701963883
 20
157.1800166179395
 30
0.0
  0
VERTEX
  5
106EB
  8
0
 10
61.0548197481411
 20
157.1940801240142
 30
0.0
  0
VERTEX
  5
106EC
  8
0
 10
61.06522835416865
 20
157.2079696446564
 30
0.0
  0
VERTEX
  5
106ED
  8
0
 10
61.07588074986418
 20
157.221681839644
 30
0.0
  0
VERTEX
  5
106EE
  8
0
 10
61.08677484737044
 20
157.2352133687548
 30
0.0
  0
VERTEX
  5
106EF
  8
0
 10
61.09790855883013
 20
157.2485608917665
 30
0.0
  0
VERTEX
  5
106F0
  8
0
 10
61.10927979638599
 20
157.2617210684568
 30
0.0
  0
VERTEX
  5
106F1
  8
0
 10
61.12088647218074
 20
157.2746905586034
 30
0.0
  0
VERTEX
  5
106F2
  8
0
 10
61.13272629185684
 20
157.2874658030078
 30
0.0
  0
VERTEX
  5
106F3
  8
0
 10
61.14478658937864
 20
157.3000326449258
 30
0.0
  0
VERTEX
  5
106F4
  8
0
 10
61.15705865940465
 20
157.3123823061867
 30
0.0
  0
VERTEX
  5
106F5
  8
0
 10
61.16953947385357
 20
157.3245122400101
 30
0.0
  0
VERTEX
  5
106F6
  8
0
 10
61.18222600464405
 20
157.3364198996156
 30
0.0
  0
VERTEX
  5
106F7
  8
0
 10
61.19511522369475
 20
157.3481027382229
 30
0.0
  0
VERTEX
  5
106F8
  8
0
 10
61.20820410292438
 20
157.3595582090518
 30
0.0
  0
VERTEX
  5
106F9
  8
0
 10
61.2214896142516
 20
157.3707837653216
 30
0.0
  0
VERTEX
  5
106FA
  8
0
 10
61.23496872959507
 20
157.3817768602524
 30
0.0
  0
VERTEX
  5
106FB
  8
0
 10
61.24863842087348
 20
157.3925349470635
 30
0.0
  0
VERTEX
  5
106FC
  8
0
 10
61.26249566000551
 20
157.4030554789748
 30
0.0
  0
VERTEX
  5
106FD
  8
0
 10
61.27653741890982
 20
157.4133359092058
 30
0.0
  0
VERTEX
  5
106FE
  8
0
 10
61.2907606695051
 20
157.4233736909762
 30
0.0
  0
VERTEX
  5
106FF
  8
0
 10
61.30516238371
 20
157.4331662775057
 30
0.0
  0
VERTEX
  5
10700
  8
0
 10
61.31973699498913
 20
157.4427094910418
 30
0.0
  0
VERTEX
  5
10701
  8
0
 10
61.3344700168372
 20
157.451993883704
 30
0.0
  0
VERTEX
  5
10702
  8
0
 10
61.34935658688075
 20
157.4610168062831
 30
0.0
  0
VERTEX
  5
10703
  8
0
 10
61.36439316492014
 20
157.4697764917609
 30
0.0
  0
VERTEX
  5
10704
  8
0
 10
61.37957621075584
 20
157.4782711731194
 30
0.0
  0
VERTEX
  5
10705
  8
0
 10
61.39490218418815
 20
157.4864990833402
 30
0.0
  0
VERTEX
  5
10706
  8
0
 10
61.4103675450175
 20
157.4944584554052
 30
0.0
  0
VERTEX
  5
10707
  8
0
 10
61.42596875304426
 20
157.5021475222961
 30
0.0
  0
VERTEX
  5
10708
  8
0
 10
61.44170226806882
 20
157.5095645169948
 30
0.0
  0
VERTEX
  5
10709
  8
0
 10
61.45756454989156
 20
157.5167076724831
 30
0.0
  0
VERTEX
  5
1070A
  8
0
 10
61.47355205831288
 20
157.5235752217428
 30
0.0
  0
VERTEX
  5
1070B
  8
0
 10
61.48966125313314
 20
157.5301653977556
 30
0.0
  0
VERTEX
  5
1070C
  8
0
 10
61.50588859415274
 20
157.5364764335035
 30
0.0
  0
VERTEX
  5
1070D
  8
0
 10
61.52223054117206
 20
157.5425065619681
 30
0.0
  0
SEQEND
  5
11843
  8
0
  0
ARC
  5
136
  8
0
 10
58.86120132230168
 20
156.5249240486964
 30
0.0
 40
2.000000000000012
 50
-137.3106441921454
 51
1.459964478345092
  0
POLYLINE
  5
137
  8
0
 66
     1
 10
0.0
 20
0.0
 30
0.0
  0
VERTEX
  5
1070E
  8
0
 10
56.2436895032158
 20
155.4018620143247
 30
0.0
  0
VERTEX
  5
1070F
  8
0
 10
56.25960883464652
 20
155.4089020009029
 30
0.0
  0
VERTEX
  5
10710
  8
0
 10
56.27563587023138
 20
155.4156587105433
 30
0.0
  0
VERTEX
  5
10711
  8
0
 10
56.29176678128555
 20
155.4221312453029
 30
0.0
  0
VERTEX
  5
10712
  8
0
 10
56.30799773912425
 20
155.4283187072383
 30
0.0
  0
VERTEX
  5
10713
  8
0
 10
56.32432491506268
 20
155.4342201984065
 30
0.0
  0
VERTEX
  5
10714
  8
0
 10
56.34074448041606
 20
155.4398348208643
 30
0.0
  0
VERTEX
  5
10715
  8
0
 10
56.35725260649959
 20
155.4451616766687
 30
0.0
  0
VERTEX
  5
10716
  8
0
 10
56.37384546462843
 20
155.4501998678763
 30
0.0
  0
VERTEX
  5
10717
  8
0
 10
56.39051922611785
 20
155.4549484965442
 30
0.0
  0
VERTEX
  5
10718
  8
0
 10
56.40727006228303
 20
155.459406664729
 30
0.0
  0
VERTEX
  5
10719
  8
0
 10
56.42409414443915
 20
155.4635734744879
 30
0.0
  0
VERTEX
  5
1071A
  8
0
 10
56.44098764390144
 20
155.4674480278775
 30
0.0
  0
VERTEX
  5
1071B
  8
0
 10
56.45794673198508
 20
155.4710294269545
 30
0.0
  0
VERTEX
  5
1071C
  8
0
 10
56.47496758000531
 20
155.4743167737762
 30
0.0
  0
VERTEX
  5
1071D
  8
0
 10
56.4920463592773
 20
155.4773091703991
 30
0.0
  0
VERTEX
  5
1071E
  8
0
 10
56.50917924111627
 20
155.4800057188802
 30
0.0
  0
VERTEX
  5
1071F
  8
0
 10
56.52636239683741
 20
155.4824055212762
 30
0.0
  0
VERTEX
  5
10720
  8
0
 10
56.54359199775595
 20
155.4845076796442
 30
0.0
  0
VERTEX
  5
10721
  8
0
 10
56.56086421518705
 20
155.4863112960408
 30
0.0
  0
VERTEX
  5
10722
  8
0
 10
56.57817522044596
 20
155.4878154725231
 30
0.0
  0
VERTEX
  5
10723
  8
0
 10
56.59552118484787
 20
155.4890193111478
 30
0.0
  0
VERTEX
  5
10724
  8
0
 10
56.61289827970796
 20
155.4899219139717
 30
0.0
  0
VERTEX
  5
10725
  8
0
 10
56.63029790405873
 20
155.4905222590982
 30
0.0
  0
VERTEX
  5
10726
  8
0
 10
56.64769408251156
 20
155.4908194963948
 30
0.0
  0
VERTEX
  5
10727
  8
0
 10
56.66508015308257
 20
155.4908141289844
 30
0.0
  0
VERTEX
  5
10728
  8
0
 10
56.68245223283596
 20
155.4905067797143
 30
0.0
  0
VERTEX
  5
10729
  8
0
 10
56.69980643883596
 20
155.4898980714319
 30
0.0
  0
VERTEX
  5
1072A
  8
0
 10
56.71713888814681
 20
155.4889886269847
 30
0.0
  0
VERTEX
  5
1072B
  8
0
 10
56.73444569783269
 20
155.4877790692201
 30
0.0
  0
VERTEX
  5
1072C
  8
0
 10
56.75172298495787
 20
155.4862700209855
 30
0.0
  0
VERTEX
  5
1072D
  8
0
 10
56.76896686658655
 20
155.4844621051283
 30
0.0
  0
VERTEX
  5
1072E
  8
0
 10
56.78617345978291
 20
155.4823559444959
 30
0.0
  0
VERTEX
  5
1072F
  8
0
 10
56.80333888161124
 20
155.4799521619358
 30
0.0
  0
VERTEX
  5
10730
  8
0
 10
56.82045924913573
 20
155.4772513802954
 30
0.0
  0
VERTEX
  5
10731
  8
0
 10
56.83753067942061
 20
155.4742542224221
 30
0.0
  0
VERTEX
  5
10732
  8
0
 10
56.85454928953009
 20
155.4709613111633
 30
0.0
  0
VERTEX
  5
10733
  8
0
 10
56.8715111965284
 20
155.4673732693664
 30
0.0
  0
VERTEX
  5
10734
  8
0
 10
56.88841251747976
 20
155.4634907198789
 30
0.0
  0
VERTEX
  5
10735
  8
0
 10
56.90524936944839
 20
155.4593142855482
 30
0.0
  0
VERTEX
  5
10736
  8
0
 10
56.92201786949852
 20
155.4548445892216
 30
0.0
  0
VERTEX
  5
10737
  8
0
 10
56.93871413469437
 20
155.4500822537467
 30
0.0
  0
VERTEX
  5
10738
  8
0
 10
56.95533428210014
 20
155.4450279019707
 30
0.0
  0
VERTEX
  5
10739
  8
0
 10
56.97187442878008
 20
155.4396821567413
 30
0.0
  0
VERTEX
  5
1073A
  8
0
 10
56.9883306917984
 20
155.4340456409057
 30
0.0
  0
VERTEX
  5
1073B
  8
0
 10
57.00469898723303
 20
155.4281190520614
 30
0.0
  0
VERTEX
  5
1073C
  8
0
 10
57.02096175922259
 20
155.4219083786259
 30
0.0
  0
VERTEX
  5
1073D
  8
0
 10
57.03710707967779
 20
155.41541837995
 30
0.0
  0
VERTEX
  5
1073E
  8
0
 10
57.0531314298697
 20
155.4086508511903
 30
0.0
  0
VERTEX
  5
1073F
  8
0
 10
57.06903129106946
 20
155.401607587504
 30
0.0
  0
VERTEX
  5
10740
  8
0
 10
57.0848031445482
 20
155.3942903840481
 30
0.0
  0
VERTEX
  5
10741
  8
0
 10
57.10044347157707
 20
155.3867010359796
 30
0.0
  0
VERTEX
  5
10742
  8
0
 10
57.11594875342713
 20
155.3788413384553
 30
0.0
  0
VERTEX
  5
10743
  8
0
 10
57.13131547136955
 20
155.3707130866324
 30
0.0
  0
VERTEX
  5
10744
  8
0
 10
57.14654010667546
 20
155.3623180756678
 30
0.0
  0
VERTEX
  5
10745
  8
0
 10
57.16161914061596
 20
155.3536581007184
 30
0.0
  0
VERTEX
  5
10746
  8
0
 10
57.17654905446219
 20
155.3447349569414
 30
0.0
  0
VERTEX
  5
10747
  8
0
 10
57.19132632948525
 20
155.3355504394935
 30
0.0
  0
VERTEX
  5
10748
  8
0
 10
57.2059474469563
 20
155.3261063435319
 30
0.0
  0
VERTEX
  5
10749
  8
0
 10
57.22040650813437
 20
155.3164060908965
 30
0.0
  0
VERTEX
  5
1074A
  8
0
 10
57.23468917215992
 20
155.3064593344735
 30
0.0
  0
VERTEX
  5
1074B
  8
0
 10
57.24879103457697
 20
155.2962695660465
 30
0.0
  0
VERTEX
  5
1074C
  8
0
 10
57.26270909388376
 20
155.2858393536944
 30
0.0
  0
VERTEX
  5
1074D
  8
0
 10
57.27644034857866
 20
155.2751712654961
 30
0.0
  0
VERTEX
  5
1074E
  8
0
 10
57.2899817971599
 20
155.2642678695304
 30
0.0
  0
VERTEX
  5
1074F
  8
0
 10
57.30333043812583
 20
155.2531317338763
 30
0.0
  0
VERTEX
  5
10750
  8
0
 10
57.31648326997474
 20
155.2417654266125
 30
0.0
  0
VERTEX
  5
10751
  8
0
 10
57.32943729120493
 20
155.230171515818
 30
0.0
  0
VERTEX
  5
10752
  8
0
 10
57.34218950031467
 20
155.2183525695716
 30
0.0
  0
VERTEX
  5
10753
  8
0
 10
57.3547368958023
 20
155.2063111559522
 30
0.0
  0
VERTEX
  5
10754
  8
0
 10
57.3670764761661
 20
155.1940498430386
 30
0.0
  0
VERTEX
  5
10755
  8
0
 10
57.37920523990437
 20
155.1815711989097
 30
0.0
  0
VERTEX
  5
10756
  8
0
 10
57.39112018551541
 20
155.1688777916443
 30
0.0
  0
SEQEND
  5
11844
  8
0
  0
POLYLINE
  5
138
  8
0
 66
     1
 10
0.0
 20
0.0
 30
0.0
  0
VERTEX
  5
10757
  8
0
 10
56.24368950321579
 20
155.4018620143247
 30
0.0
  0
VERTEX
  5
10758
  8
0
 10
56.18900122349465
 20
155.3770786177818
 30
0.0
  0
VERTEX
  5
10759
  8
0
 10
56.13428576990368
 20
155.3522280520519
 30
0.0
  0
VERTEX
  5
1075A
  8
0
 10
56.07954333017209
 20
155.3273102632463
 30
0.0
  0
VERTEX
  5
1075B
  8
0
 10
56.0247740970563
 20
155.302325199728
 30
0.0
  0
VERTEX
  5
1075C
  8
0
 10
55.96997826836886
 20
155.2772728121575
 30
0.0
  0
VERTEX
  5
1075D
  8
0
 10
55.91515604700712
 20
155.2521530535376
 30
0.0
  0
VERTEX
  5
1075E
  8
0
 10
55.86030764098215
 20
155.2269658792584
 30
0.0
  0
VERTEX
  5
1075F
  8
0
 10
55.80543326344736
 20
155.2017112471429
 30
0.0
  0
VERTEX
  5
10760
  8
0
 10
55.75053313272733
 20
155.1763891174921
 30
0.0
  0
VERTEX
  5
10761
  8
0
 10
55.69560747234661
 20
155.1509994531296
 30
0.0
  0
VERTEX
  5
10762
  8
0
 10
55.64065651105847
 20
155.1255422194476
 30
0.0
  0
VERTEX
  5
10763
  8
0
 10
55.58568048287361
 20
155.1000173844513
 30
0.0
  0
VERTEX
  5
10764
  8
0
 10
55.53067962708904
 20
155.0744249188047
 30
0.0
  0
VERTEX
  5
10765
  8
0
 10
55.47565418831677
 20
155.0487647958753
 30
0.0
  0
VERTEX
  5
10766
  8
0
 10
55.4206044165126
 20
155.0230369917793
 30
0.0
  0
VERTEX
  5
10767
  8
0
 10
55.36553056700495
 20
154.9972414854273
 30
0.0
  0
VERTEX
  5
10768
  8
0
 10
55.31043290052352
 20
154.9713782585686
 30
0.0
  0
VERTEX
  5
10769
  8
0
 10
55.25531168322814
 20
154.9454472958371
 30
0.0
  0
VERTEX
  5
1076A
  8
0
 10
55.20016718673754
 20
154.9194485847963
 30
0.0
  0
VERTEX
  5
1076B
  8
0
 10
55.1449996881581
 20
154.893382115984
 30
0.0
  0
VERTEX
  5
1076C
  8
0
 10
55.08980947011259
 20
154.8672478829579
 30
0.0
  0
VERTEX
  5
1076D
  8
0
 10
55.03459682076902
 20
154.8410458823409
 30
0.0
  0
VERTEX
  5
1076E
  8
0
 10
54.97936203386934
 20
154.8147761138658
 30
0.0
  0
VERTEX
  5
1076F
  8
0
 10
54.92410540875826
 20
154.7884385804209
 30
0.0
  0
VERTEX
  5
10770
  8
0
 10
54.86882725041195
 20
154.7620332880947
 30
0.0
  0
VERTEX
  5
10771
  8
0
 10
54.81352786946693
 20
154.7355602462216
 30
0.0
  0
VERTEX
  5
10772
  8
0
 10
54.7582075822487
 20
154.7090194674267
 30
0.0
  0
VERTEX
  5
10773
  8
0
 10
54.70286671080063
 20
154.6824109676708
 30
0.0
  0
VERTEX
  5
10774
  8
0
 10
54.64750558291271
 20
154.6557347662963
 30
0.0
  0
VERTEX
  5
10775
  8
0
 10
54.59212453215021
 20
154.6289908860715
 30
0.0
  0
VERTEX
  5
10776
  8
0
 10
54.53672389788259
 20
154.6021793532363
 30
0.0
  0
VERTEX
  5
10777
  8
0
 10
54.48130402531221
 20
154.5753001975471
 30
0.0
  0
VERTEX
  5
10778
  8
0
 10
54.42586526550311
 20
154.5483534523221
 30
0.0
  0
VERTEX
  5
10779
  8
0
 10
54.37040797540977
 20
154.5213391544866
 30
0.0
  0
VERTEX
  5
1077A
  8
0
 10
54.3149325179059
 20
154.4942573446178
 30
0.0
  0
VERTEX
  5
1077B
  8
0
 10
54.25943926181318
 20
154.4671080669902
 30
0.0
  0
VERTEX
  5
1077C
  8
0
 10
54.2039285819301
 20
154.4398913696207
 30
0.0
  0
VERTEX
  5
1077D
  8
0
 10
54.14840085906062
 20
154.412607304314
 30
0.0
  0
VERTEX
  5
1077E
  8
0
 10
54.09285648004303
 20
154.3852559267071
 30
0.0
  0
VERTEX
  5
1077F
  8
0
 10
54.03729583777873
 20
154.3578372963154
 30
0.0
  0
VERTEX
  5
10780
  8
0
 10
53.98171933126093
 20
154.3303514765772
 30
0.0
  0
VERTEX
  5
10781
  8
0
 10
53.92612736560333
 20
154.3027985348986
 30
0.0
  0
VERTEX
  5
10782
  8
0
 10
53.87052035206078
 20
154.2751785426931
 30
0.0
  0
VERTEX
  5
10783
  8
0
 10
53.8148987080147
 20
154.2474915753908
 30
0.0
  0
VERTEX
  5
10784
  8
0
 10
53.75926285693525
 20
154.2197377124314
 30
0.0
  0
VERTEX
  5
10785
  8
0
 10
53.70361322834179
 20
154.1919170372535
 30
0.0
  0
VERTEX
  5
10786
  8
0
 10
53.64795025776307
 20
154.1640296372857
 30
0.0
  0
VERTEX
  5
10787
  8
0
 10
53.59227438669742
 20
154.1360756039362
 30
0.0
  0
SEQEND
  5
11845
  8
0
  0
POLYLINE
  5
139
  8
0
 66
     1
 10
0.0
 20
0.0
 30
0.0
  0
VERTEX
  5
10788
  8
0
 10
53.05197676958031
 20
153.0972873360242
 30
0.0
  0
VERTEX
  5
10789
  8
0
 10
53.04959744265438
 20
153.1145313764754
 30
0.0
  0
VERTEX
  5
1078A
  8
0
 10
53.0475201379315
 20
153.1318008678615
 30
0.0
  0
VERTEX
  5
1078B
  8
0
 10
53.04574466318945
 20
153.1490918816943
 30
0.0
  0
VERTEX
  5
1078C
  8
0
 10
53.04427082620593
 20
153.1664004894852
 30
0.0
  0
VERTEX
  5
1078D
  8
0
 10
53.04309843475876
 20
153.1837227627457
 30
0.0
  0
VERTEX
  5
1078E
  8
0
 10
53.04222729662572
 20
153.2010547729874
 30
0.0
  0
VERTEX
  5
1078F
  8
0
 10
53.04165721958454
 20
153.2183925917218
 30
0.0
  0
VERTEX
  5
10790
  8
0
 10
53.041388011413
 20
153.2357322904604
 30
0.0
  0
VERTEX
  5
10791
  8
0
 10
53.04141947988889
 20
153.2530699407148
 30
0.0
  0
VERTEX
  5
10792
  8
0
 10
53.04175143278996
 20
153.2704016139964
 30
0.0
  0
VERTEX
  5
10793
  8
0
 10
53.04238367789399
 20
153.2877233818169
 30
0.0
  0
VERTEX
  5
10794
  8
0
 10
53.04331602297873
 20
153.3050313156876
 30
0.0
  0
VERTEX
  5
10795
  8
0
 10
53.04454827582197
 20
153.3223214871203
 30
0.0
  0
VERTEX
  5
10796
  8
0
 10
53.04608024420147
 20
153.3395899676263
 30
0.0
  0
VERTEX
  5
10797
  8
0
 10
53.04791173589499
 20
153.3568328287172
 30
0.0
  0
VERTEX
  5
10798
  8
0
 10
53.05004255868033
 20
153.3740461419046
 30
0.0
  0
VERTEX
  5
10799
  8
0
 10
53.05247252033521
 20
153.3912259787
 30
0.0
  0
VERTEX
  5
1079A
  8
0
 10
53.05520142863743
 20
153.4083684106148
 30
0.0
  0
VERTEX
  5
1079B
  8
0
 10
53.05822909136477
 20
153.4254695091606
 30
0.0
  0
VERTEX
  5
1079C
  8
0
 10
53.06155531629496
 20
153.442525345849
 30
0.0
  0
VERTEX
  5
1079D
  8
0
 10
53.0651799112058
 20
153.4595319921916
 30
0.0
  0
VERTEX
  5
1079E
  8
0
 10
53.06910268387504
 20
153.4764855196996
 30
0.0
  0
VERTEX
  5
1079F
  8
0
 10
53.07332224062364
 20
153.4933773587571
 30
0.0
  0
VERTEX
  5
107A0
  8
0
 10
53.0778322378547
 20
153.5101823079861
 30
0.0
  0
VERTEX
  5
107A1
  8
0
 10
53.08263035874244
 20
153.5268941159474
 30
0.0
  0
VERTEX
  5
107A2
  8
0
 10
53.08771493400421
 20
153.5435092212554
 30
0.0
  0
VERTEX
  5
107A3
  8
0
 10
53.09308429435735
 20
153.5600240625247
 30
0.0
  0
VERTEX
  5
107A4
  8
0
 10
53.09873677051917
 20
153.5764350783698
 30
0.0
  0
VERTEX
  5
107A5
  8
0
 10
53.10467069320703
 20
153.5927387074053
 30
0.0
  0
VERTEX
  5
107A6
  8
0
 10
53.11088439313824
 20
153.6089313882456
 30
0.0
  0
VERTEX
  5
107A7
  8
0
 10
53.1173762010302
 20
153.6250095595054
 30
0.0
  0
VERTEX
  5
107A8
  8
0
 10
53.12414444760015
 20
153.6409696597991
 30
0.0
  0
VERTEX
  5
107A9
  8
0
 10
53.13118746356548
 20
153.6568081277412
 30
0.0
  0
VERTEX
  5
107AA
  8
0
 10
53.13850357964355
 20
153.6725214019465
 30
0.0
  0
VERTEX
  5
107AB
  8
0
 10
53.14609112655163
 20
153.6881059210292
 30
0.0
  0
VERTEX
  5
107AC
  8
0
 10
53.1539484350071
 20
153.703558123604
 30
0.0
  0
VERTEX
  5
107AD
  8
0
 10
53.16207383572728
 20
153.7188744482854
 30
0.0
  0
VERTEX
  5
107AE
  8
0
 10
53.17046565942951
 20
153.7340513336879
 30
0.0
  0
VERTEX
  5
107AF
  8
0
 10
53.17912223683113
 20
153.7490852184261
 30
0.0
  0
VERTEX
  5
107B0
  8
0
 10
53.18804189864945
 20
153.7639725411145
 30
0.0
  0
VERTEX
  5
107B1
  8
0
 10
53.19722297560185
 20
153.7787097403676
 30
0.0
  0
VERTEX
  5
107B2
  8
0
 10
53.20666379840563
 20
153.7932932548001
 30
0.0
  0
VERTEX
  5
107B3
  8
0
 10
53.21636269777813
 20
153.8077195230262
 30
0.0
  0
VERTEX
  5
107B4
  8
0
 10
53.22631800443669
 20
153.8219849836607
 30
0.0
  0
VERTEX
  5
107B5
  8
0
 10
53.23652791733848
 20
153.8360858966264
 30
0.0
  0
VERTEX
  5
107B6
  8
0
 10
53.24698181371497
 20
153.8500070026697
 30
0.0
  0
VERTEX
  5
107B7
  8
0
 10
53.2576718570382
 20
153.863738185565
 30
0.0
  0
VERTEX
  5
107B8
  8
0
 10
53.2685953513162
 20
153.8772765573145
 30
0.0
  0
VERTEX
  5
107B9
  8
0
 10
53.27974960055702
 20
153.8906192299202
 30
0.0
  0
VERTEX
  5
107BA
  8
0
 10
53.2911319087687
 20
153.9037633153844
 30
0.0
  0
VERTEX
  5
107BB
  8
0
 10
53.30273957995923
 20
153.9167059257091
 30
0.0
  0
VERTEX
  5
107BC
  8
0
 10
53.3145699181367
 20
153.9294441728965
 30
0.0
  0
VERTEX
  5
107BD
  8
0
 10
53.32662022730914
 20
153.9419751689485
 30
0.0
  0
VERTEX
  5
107BE
  8
0
 10
53.33888781148453
 20
153.9542960258675
 30
0.0
  0
VERTEX
  5
107BF
  8
0
 10
53.35136997467095
 20
153.9664038556554
 30
0.0
  0
VERTEX
  5
107C0
  8
0
 10
53.36406402087642
 20
153.9782957703144
 30
0.0
  0
VERTEX
  5
107C1
  8
0
 10
53.37696725410898
 20
153.9899688818467
 30
0.0
  0
VERTEX
  5
107C2
  8
0
 10
53.39007697837665
 20
154.0014203022543
 30
0.0
  0
VERTEX
  5
107C3
  8
0
 10
53.40338826817701
 20
154.0126452961815
 30
0.0
  0
VERTEX
  5
107C4
  8
0
 10
53.41688788995445
 20
154.0236327394883
 30
0.0
  0
VERTEX
  5
107C5
  8
0
 10
53.4305712790378
 20
154.034379366363
 30
0.0
  0
VERTEX
  5
107C6
  8
0
 10
53.44443513887305
 20
154.0448829992757
 30
0.0
  0
VERTEX
  5
107C7
  8
0
 10
53.45847617290621
 20
154.0551414606967
 30
0.0
  0
VERTEX
  5
107C8
  8
0
 10
53.47269108458322
 20
154.065152573096
 30
0.0
  0
VERTEX
  5
107C9
  8
0
 10
53.48707657735012
 20
154.074914158944
 30
0.0
  0
VERTEX
  5
107CA
  8
0
 10
53.50162935465285
 20
154.0844240407108
 30
0.0
  0
VERTEX
  5
107CB
  8
0
 10
53.51634611993744
 20
154.0936800408665
 30
0.0
  0
VERTEX
  5
107CC
  8
0
 10
53.53122357664984
 20
154.1026799818814
 30
0.0
  0
VERTEX
  5
107CD
  8
0
 10
53.54625842823606
 20
154.1114216862256
 30
0.0
  0
VERTEX
  5
107CE
  8
0
 10
53.56144737814207
 20
154.1199029763694
 30
0.0
  0
VERTEX
  5
107CF
  8
0
 10
53.57678712981387
 20
154.1281216747828
 30
0.0
  0
VERTEX
  5
107D0
  8
0
 10
53.59227438669744
 20
154.1360756039362
 30
0.0
  0
SEQEND
  5
11846
  8
0
  0
ARC
  5
140
  8
0
 10
51.07320196186944
 20
152.8066840663097
 30
0.0000000000000089
 40
2.000000000000008
 50
-130.392368875738
 51
8.354746580947973
  0
POLYLINE
  5
141
  8
0
 66
     1
 10
0.0
 20
0.0
 30
0.0
  0
VERTEX
  5
107D1
  8
0
 10
48.60906834162081
 20
151.3759288356545
 30
0.0
  0
VERTEX
  5
107D2
  8
0
 10
48.62402724877468
 20
151.3848597201036
 30
0.0
  0
VERTEX
  5
107D3
  8
0
 10
48.63912774798878
 20
151.3935220396642
 30
0.0
  0
VERTEX
  5
107D4
  8
0
 10
48.65436613819963
 20
151.401914433968
 30
0.0
  0
VERTEX
  5
107D5
  8
0
 10
48.66973871834369
 20
151.4100355426462
 30
0.0
  0
VERTEX
  5
107D6
  8
0
 10
48.6852417873575
 20
151.4178840053306
 30
0.0
  0
VERTEX
  5
107D7
  8
0
 10
48.70087164417754
 20
151.4254584616526
 30
0.0
  0
VERTEX
  5
107D8
  8
0
 10
48.71662458774033
 20
151.4327575512438
 30
0.0
  0
VERTEX
  5
107D9
  8
0
 10
48.73249691698237
 20
151.4397799137357
 30
0.0
  0
VERTEX
  5
107DA
  8
0
 10
48.74848493084017
 20
151.4465241887599
 30
0.0
  0
VERTEX
  5
107DB
  8
0
 10
48.76458492825021
 20
151.4529890159478
 30
0.0
  0
VERTEX
  5
107DC
  8
0
 10
48.78079320814902
 20
151.459173034931
 30
0.0
  0
VERTEX
  5
107DD
  8
0
 10
48.79710606947311
 20
151.4650748853412
 30
0.0
  0
VERTEX
  5
107DE
  8
0
 10
48.81351981115896
 20
151.4706932068098
 30
0.0
  0
VERTEX
  5
107DF
  8
0
 10
48.83003073214309
 20
151.4760266389682
 30
0.0
  0
VERTEX
  5
107E0
  8
0
 10
48.84663513136199
 20
151.4810738214481
 30
0.0
  0
VERTEX
  5
107E1
  8
0
 10
48.86332930775217
 20
151.4858333938811
 30
0.0
  0
VERTEX
  5
107E2
  8
0
 10
48.88010956025015
 20
151.4903039958986
 30
0.0
  0
VERTEX
  5
107E3
  8
0
 10
48.89697218779243
 20
151.4944842671322
 30
0.0
  0
VERTEX
  5
107E4
  8
0
 10
48.91391348931549
 20
151.4983728472133
 30
0.0
  0
VERTEX
  5
107E5
  8
0
 10
48.93092976375584
 20
151.5019683757736
 30
0.0
  0
VERTEX
  5
107E6
  8
0
 10
48.94801731005002
 20
151.5052694924447
 30
0.0
  0
VERTEX
  5
107E7
  8
0
 10
48.96517242713448
 20
151.5082748368578
 30
0.0
  0
VERTEX
  5
107E8
  8
0
 10
48.98238634236208
 20
151.5109822952066
 30
0.0
  0
VERTEX
  5
107E9
  8
0
 10
48.99963341430919
 20
151.5133878952937
 30
0.0
  0
VERTEX
  5
107EA
  8
0
 10
49.01690720277697
 20
151.5154913685339
 30
0.0
  0
VERTEX
  5
107EB
  8
0
 10
49.03420376733597
 20
151.5172928615194
 30
0.0
  0
VERTEX
  5
107EC
  8
0
 10
49.05151916755676
 20
151.5187925208426
 30
0.0
  0
VERTEX
  5
107ED
  8
0
 10
49.06884946300995
 20
151.519990493096
 30
0.0
  0
VERTEX
  5
107EE
  8
0
 10
49.08619071326609
 20
151.5208869248719
 30
0.0
  0
VERTEX
  5
107EF
  8
0
 10
49.10353897789577
 20
151.5214819627627
 30
0.0
  0
VERTEX
  5
107F0
  8
0
 10
49.12089031646955
 20
151.5217757533608
 30
0.0
  0
VERTEX
  5
107F1
  8
0
 10
49.13824078855804
 20
151.5217684432587
 30
0.0
  0
VERTEX
  5
107F2
  8
0
 10
49.15558645373179
 20
151.5214601790486
 30
0.0
  0
VERTEX
  5
107F3
  8
0
 10
49.17292337156138
 20
151.520851107323
 30
0.0
  0
VERTEX
  5
107F4
  8
0
 10
49.19024760161741
 20
151.5199413746741
 30
0.0
  0
VERTEX
  5
107F5
  8
0
 10
49.20755520347045
 20
151.5187311276947
 30
0.0
  0
VERTEX
  5
107F6
  8
0
 10
49.22484223669106
 20
151.5172205129769
 30
0.0
  0
VERTEX
  5
107F7
  8
0
 10
49.24210476084983
 20
151.5154096771131
 30
0.0
  0
VERTEX
  5
107F8
  8
0
 10
49.25933883551735
 20
151.5132987666958
 30
0.0
  0
VERTEX
  5
107F9
  8
0
 10
49.27654052026419
 20
151.5108879283173
 30
0.0
  0
VERTEX
  5
107FA
  8
0
 10
49.29370587466092
 20
151.50817730857
 30
0.0
  0
VERTEX
  5
107FB
  8
0
 10
49.31083095827812
 20
151.5051670540463
 30
0.0
  0
VERTEX
  5
107FC
  8
0
 10
49.32791183068638
 20
151.5018573113387
 30
0.0
  0
VERTEX
  5
107FD
  8
0
 10
49.34494455145627
 20
151.4982482270394
 30
0.0
  0
VERTEX
  5
107FE
  8
0
 10
49.36192482712088
 20
151.4943400322252
 30
0.0
  0
VERTEX
  5
107FF
  8
0
 10
49.37883381559763
 20
151.4901367302923
 30
0.0
  0
VERTEX
  5
10800
  8
0
 10
49.39565985806522
 20
151.4856414360211
 30
0.0
  0
VERTEX
  5
10801
  8
0
 10
49.41239923410365
 20
151.480855508169
 30
0.0
  0
VERTEX
  5
10802
  8
0
 10
49.42904822329298
 20
151.4757803054936
 30
0.0
  0
VERTEX
  5
10803
  8
0
 10
49.44560310521323
 20
151.4704171867522
 30
0.0
  0
VERTEX
  5
10804
  8
0
 10
49.46206015944447
 20
151.4647675107024
 30
0.0
  0
VERTEX
  5
10805
  8
0
 10
49.4784156655667
 20
151.4588326361015
 30
0.0
  0
VERTEX
  5
10806
  8
0
 10
49.49466590315998
 20
151.4526139217069
 30
0.0
  0
VERTEX
  5
10807
  8
0
 10
49.51080715180432
 20
151.4461127262761
 30
0.0
  0
VERTEX
  5
10808
  8
0
 10
49.52683569107979
 20
151.4393304085666
 30
0.0
  0
VERTEX
  5
10809
  8
0
 10
49.54274780056639
 20
151.4322683273357
 30
0.0
  0
VERTEX
  5
1080A
  8
0
 10
49.55853975984419
 20
151.424927841341
 30
0.0
  0
VERTEX
  5
1080B
  8
0
 10
49.57420784849322
 20
151.4173103093398
 30
0.0
  0
VERTEX
  5
1080C
  8
0
 10
49.58974559124999
 20
151.4094185193917
 30
0.0
  0
VERTEX
  5
1080D
  8
0
 10
49.60513758164689
 20
151.4012603354599
 30
0.0
  0
VERTEX
  5
1080E
  8
0
 10
49.62037914774499
 20
151.3928386330478
 30
0.0
  0
VERTEX
  5
1080F
  8
0
 10
49.63546699113881
 20
151.3841556049317
 30
0.0
  0
VERTEX
  5
10810
  8
0
 10
49.65039781342291
 20
151.3752134438882
 30
0.0
  0
VERTEX
  5
10811
  8
0
 10
49.66516831619178
 20
151.3660143426934
 30
0.0
  0
VERTEX
  5
10812
  8
0
 10
49.67977520104
 20
151.3565604941236
 30
0.0
  0
VERTEX
  5
10813
  8
0
 10
49.69421516956208
 20
151.346854090955
 30
0.0
  0
VERTEX
  5
10814
  8
0
 10
49.70848492335254
 20
151.336897325964
 30
0.0
  0
VERTEX
  5
10815
  8
0
 10
49.72258116400594
 20
151.3266923919268
 30
0.0
  0
VERTEX
  5
10816
  8
0
 10
49.7365005931168
 20
151.3162414816199
 30
0.0
  0
VERTEX
  5
10817
  8
0
 10
49.75023991227966
 20
151.3055467878193
 30
0.0
  0
VERTEX
  5
10818
  8
0
 10
49.76379582308905
 20
151.2946105033016
 30
0.0
  0
VERTEX
  5
10819
  8
0
 10
49.7771650271395
 20
151.2834348208428
 30
0.0
  0
SEQEND
  5
11847
  8
0
  0
POLYLINE
  5
142
  8
0
 66
     1
 10
0.0
 20
0.0
 30
0.0
  0
VERTEX
  5
1081A
  8
0
 10
48.60906834162083
 20
151.3759288356545
 30
0.0
  0
VERTEX
  5
1081B
  8
0
 10
48.57463737003062
 20
151.3549493343772
 30
0.0
  0
VERTEX
  5
1081C
  8
0
 10
48.54022691961356
 20
151.333953788715
 30
0.0
  0
VERTEX
  5
1081D
  8
0
 10
48.50583725424834
 20
151.3129423473266
 30
0.0
  0
VERTEX
  5
1081E
  8
0
 10
48.47146863921851
 20
151.2919151601726
 30
0.0
  0
VERTEX
  5
1081F
  8
0
 10
48.43712134115811
 20
151.2708723784756
 30
0.0
  0
VERTEX
  5
10820
  8
0
 10
48.40279562799712
 20
151.2498141546793
 30
0.0
  0
VERTEX
  5
10821
  8
0
 10
48.3684917689068
 20
151.2287406424079
 30
0.0
  0
VERTEX
  5
10822
  8
0
 10
48.3342100342453
 20
151.2076519964263
 30
0.0
  0
VERTEX
  5
10823
  8
0
 10
48.29995069550291
 20
151.1865483725987
 30
0.0
  0
VERTEX
  5
10824
  8
0
 10
48.26571402524775
 20
151.1654299278492
 30
0.0
  0
VERTEX
  5
10825
  8
0
 10
48.23150029707104
 20
151.1442968201204
 30
0.0
  0
VERTEX
  5
10826
  8
0
 10
48.19730978553257
 20
151.1231492083333
 30
0.0
  0
VERTEX
  5
10827
  8
0
 10
48.16314276610629
 20
151.1019872523471
 30
0.0
  0
VERTEX
  5
10828
  8
0
 10
48.12899951512557
 20
151.0808111129186
 30
0.0
  0
VERTEX
  5
10829
  8
0
 10
48.09488030972877
 20
151.0596209516611
 30
0.0
  0
VERTEX
  5
1082A
  8
0
 10
48.06078542780471
 20
151.0384169310052
 30
0.0
  0
VERTEX
  5
1082B
  8
0
 10
48.02671514793801
 20
151.0171992141571
 30
0.0
  0
VERTEX
  5
1082C
  8
0
 10
47.99266974935465
 20
150.9959679650588
 30
0.0
  0
VERTEX
  5
1082D
  8
0
 10
47.95864951186736
 20
150.9747233483478
 30
0.0
  0
VERTEX
  5
1082E
  8
0
 10
47.92465471582111
 20
150.9534655293159
 30
0.0
  0
VERTEX
  5
1082F
  8
0
 10
47.89068564203852
 20
150.9321946738693
 30
0.0
  0
VERTEX
  5
10830
  8
0
 10
47.85674257176533
 20
150.9109109484883
 30
0.0
  0
VERTEX
  5
10831
  8
0
 10
47.82282578661589
 20
150.8896145201863
 30
0.0
  0
VERTEX
  5
10832
  8
0
 10
47.78893556851856
 20
150.8683055564696
 30
0.0
  0
VERTEX
  5
10833
  8
0
 10
47.75507219966116
 20
150.8469842252972
 30
0.0
  0
VERTEX
  5
10834
  8
0
 10
47.72123596243643
 20
150.8256506950397
 30
0.0
  0
VERTEX
  5
10835
  8
0
 10
47.68742713938754
 20
150.8043051344395
 30
0.0
  0
VERTEX
  5
10836
  8
0
 10
47.65364601315347
 20
150.78294771257
 30
0.0
  0
VERTEX
  5
10837
  8
0
 10
47.61989286641446
 20
150.7615785987952
 30
0.0
  0
VERTEX
  5
10838
  8
0
 10
47.58616798183751
 20
150.7401979627292
 30
0.0
  0
VERTEX
  5
10839
  8
0
 10
47.55247164202178
 20
150.7188059741957
 30
0.0
  0
VERTEX
  5
1083A
  8
0
 10
47.51880412944411
 20
150.6974028031879
 30
0.0
  0
VERTEX
  5
1083B
  8
0
 10
47.48516572640441
 20
150.6759886198275
 30
0.0
  0
VERTEX
  5
1083C
  8
0
 10
47.4515567149711
 20
150.6545635943246
 30
0.0
  0
VERTEX
  5
1083D
  8
0
 10
47.41797737692664
 20
150.633127896937
 30
0.0
  0
VERTEX
  5
1083E
  8
0
 10
47.38442799371289
 20
150.6116816979302
 30
0.0
  0
VERTEX
  5
1083F
  8
0
 10
47.35090884637665
 20
150.5902251675362
 30
0.0
  0
VERTEX
  5
10840
  8
0
 10
47.31742021551503
 20
150.5687584759138
 30
0.0
  0
VERTEX
  5
10841
  8
0
 10
47.28396238122094
 20
150.5472817931076
 30
0.0
  0
VERTEX
  5
10842
  8
0
 10
47.25053562302831
 20
150.5257952890077
 30
0.0
  0
SEQEND
  5
11848
  8
0
  0
POLYLINE
  5
143
  8
0
 66
     1
 10
0.0
 20
0.0
 30
0.0000000000000089
  0
VERTEX
  5
10843
  8
0
 10
46.82408948517707
 20
149.4316293247283
 30
0.0000000000000089
  0
VERTEX
  5
10844
  8
0
 10
46.8198158789014
 20
149.448564876651
 30
0.0000000000000089
  0
VERTEX
  5
10845
  8
0
 10
46.81584169160737
 20
149.4655592950706
 30
0.0000000000000089
  0
VERTEX
  5
10846
  8
0
 10
46.81216716634823
 20
149.4826086140752
 30
0.0000000000000089
  0
VERTEX
  5
10847
  8
0
 10
46.80879254617722
 20
149.499708867753
 30
0.0000000000000089
  0
VERTEX
  5
10848
  8
0
 10
46.80571807414752
 20
149.5168560901919
 30
0.0000000000000089
  0
VERTEX
  5
10849
  8
0
 10
46.80294399331243
 20
149.5340463154803
 30
0.0000000000000089
  0
VERTEX
  5
1084A
  8
0
 10
46.80047054672514
 20
149.5512755777061
 30
0.0000000000000089
  0
VERTEX
  5
1084B
  8
0
 10
46.7982979774389
 20
149.5685399109576
 30
0.0000000000000089
  0
VERTEX
  5
1084C
  8
0
 10
46.79642652850697
 20
149.5858353493228
 30
0.0000000000000089
  0
VERTEX
  5
1084D
  8
0
 10
46.79485644298254
 20
149.6031579268898
 30
0.0000000000000089
  0
VERTEX
  5
1084E
  8
0
 10
46.79358796391886
 20
149.6205036777467
 30
0.0000000000000089
  0
VERTEX
  5
1084F
  8
0
 10
46.79262133436917
 20
149.6378686359817
 30
0.0000000000000089
  0
VERTEX
  5
10850
  8
0
 10
46.7919567973867
 20
149.6552488356829
 30
0.0000000000000089
  0
VERTEX
  5
10851
  8
0
 10
46.79159459602469
 20
149.6726403109384
 30
0.0000000000000089
  0
VERTEX
  5
10852
  8
0
 10
46.79153497333638
 20
149.6900390958363
 30
0.0000000000000089
  0
VERTEX
  5
10853
  8
0
 10
46.79177817237498
 20
149.7074412244648
 30
0.0000000000000089
  0
VERTEX
  5
10854
  8
0
 10
46.79232443619374
 20
149.7248427309119
 30
0.0000000000000089
  0
VERTEX
  5
10855
  8
0
 10
46.79317400784591
 20
149.7422396492658
 30
0.0000000000000089
  0
VERTEX
  5
10856
  8
0
 10
46.79432713038469
 20
149.7596280136145
 30
0.0000000000000089
  0
VERTEX
  5
10857
  8
0
 10
46.79578404686333
 20
149.7770038580462
 30
0.0000000000000089
  0
VERTEX
  5
10858
  8
0
 10
46.79754500033508
 20
149.7943632166491
 30
0.0000000000000089
  0
VERTEX
  5
10859
  8
0
 10
46.79961023385314
 20
149.8117021235112
 30
0.0000000000000089
  0
VERTEX
  5
1085A
  8
0
 10
46.80197909726682
 20
149.8290104763441
 30
0.0000000000000089
  0
VERTEX
  5
1085B
  8
0
 10
46.80464800718663
 20
149.8462628299867
 30
0.0000000000000089
  0
VERTEX
  5
1085C
  8
0
 10
46.80761544230328
 20
149.8634535455809
 30
0.0000000000000089
  0
VERTEX
  5
1085D
  8
0
 10
46.81088012181267
 20
149.8805788618673
 30
0.0000000000000089
  0
VERTEX
  5
1085E
  8
0
 10
46.81444076491077
 20
149.8976350175865
 30
0.0000000000000089
  0
VERTEX
  5
1085F
  8
0
 10
46.81829609079349
 20
149.9146182514789
 30
0.0000000000000089
  0
VERTEX
  5
10860
  8
0
 10
46.82244481865678
 20
149.9315248022851
 30
0.0000000000000089
  0
VERTEX
  5
10861
  8
0
 10
46.82688566769657
 20
149.9483509087455
 30
0.0000000000000089
  0
VERTEX
  5
10862
  8
0
 10
46.83161735710878
 20
149.9650928096007
 30
0.0000000000000089
  0
VERTEX
  5
10863
  8
0
 10
46.83663860608937
 20
149.9817467435913
 30
0.0000000000000089
  0
VERTEX
  5
10864
  8
0
 10
46.84194813383424
 20
149.9983089494576
 30
0.0000000000000089
  0
VERTEX
  5
10865
  8
0
 10
46.84754465953935
 20
150.0147756659404
 30
0.0000000000000089
  0
VERTEX
  5
10866
  8
0
 10
46.85342690240062
 20
150.03114313178
 30
0.0000000000000089
  0
VERTEX
  5
10867
  8
0
 10
46.85959358161399
 20
150.0474075857169
 30
0.0000000000000089
  0
VERTEX
  5
10868
  8
0
 10
46.86604341637539
 20
150.0635652664918
 30
0.0000000000000089
  0
VERTEX
  5
10869
  8
0
 10
46.87277512588076
 20
150.0796124128452
 30
0.0000000000000089
  0
VERTEX
  5
1086A
  8
0
 10
46.87978742932602
 20
150.0955452635175
 30
0.0000000000000089
  0
VERTEX
  5
1086B
  8
0
 10
46.88707904590711
 20
150.1113600572492
 30
0.0000000000000089
  0
VERTEX
  5
1086C
  8
0
 10
46.89464869481998
 20
150.1270530327809
 30
0.0000000000000089
  0
VERTEX
  5
1086D
  8
0
 10
46.90249509526054
 20
150.1426204288531
 30
0.0000000000000089
  0
VERTEX
  5
1086E
  8
0
 10
46.91061696642474
 20
150.1580584842064
 30
0.0000000000000089
  0
VERTEX
  5
1086F
  8
0
 10
46.91901302750848
 20
150.1733634375811
 30
0.0000000000000089
  0
VERTEX
  5
10870
  8
0
 10
46.92768149430153
 20
150.1885306643532
 30
0.0000000000000089
  0
VERTEX
  5
10871
  8
0
 10
46.93661223351995
 20
150.2035419031283
 30
0.0000000000000089
  0
VERTEX
  5
10872
  8
0
 10
46.94579987922526
 20
150.21838864491
 30
0.0000000000000089
  0
VERTEX
  5
10873
  8
0
 10
46.95524204167726
 20
150.2330676932998
 30
0.0000000000000089
  0
VERTEX
  5
10874
  8
0
 10
46.96493633113582
 20
150.2475758518991
 30
0.0000000000000089
  0
VERTEX
  5
10875
  8
0
 10
46.9748803578608
 20
150.2619099243097
 30
0.0000000000000089
  0
VERTEX
  5
10876
  8
0
 10
46.985071732112
 20
150.2760667141327
 30
0.0000000000000089
  0
VERTEX
  5
10877
  8
0
 10
46.99550806414928
 20
150.2900430249698
 30
0.0000000000000089
  0
VERTEX
  5
10878
  8
0
 10
47.00618696423248
 20
150.3038356604224
 30
0.0000000000000089
  0
VERTEX
  5
10879
  8
0
 10
47.01710604262142
 20
150.317441424092
 30
0.0000000000000089
  0
VERTEX
  5
1087A
  8
0
 10
47.02826290957595
 20
150.3308571195801
 30
0.0000000000000089
  0
VERTEX
  5
1087B
  8
0
 10
47.03965517535592
 20
150.3440795504882
 30
0.0000000000000089
  0
VERTEX
  5
1087C
  8
0
 10
47.05128045022117
 20
150.3571055204177
 30
0.0000000000000089
  0
VERTEX
  5
1087D
  8
0
 10
47.06313634443151
 20
150.3699318329701
 30
0.0000000000000089
  0
VERTEX
  5
1087E
  8
0
 10
47.07521783157895
 20
150.3825525847009
 30
0.0000000000000089
  0
VERTEX
  5
1087F
  8
0
 10
47.08751294383044
 20
150.3949553576288
 30
0.0000000000000089
  0
VERTEX
  5
10880
  8
0
 10
47.10001781447035
 20
150.4071367690808
 30
0.0000000000000089
  0
VERTEX
  5
10881
  8
0
 10
47.11272936719758
 20
150.419094276579
 30
0.0000000000000089
  0
VERTEX
  5
10882
  8
0
 10
47.12564452571103
 20
150.4308253376459
 30
0.0000000000000089
  0
VERTEX
  5
10883
  8
0
 10
47.13876021370958
 20
150.4423274098036
 30
0.0000000000000089
  0
VERTEX
  5
10884
  8
0
 10
47.15207335489212
 20
150.4535979505744
 30
0.0000000000000089
  0
VERTEX
  5
10885
  8
0
 10
47.16558087295752
 20
150.4646344174806
 30
0.0000000000000089
  0
VERTEX
  5
10886
  8
0
 10
47.17927969160471
 20
150.4754342680444
 30
0.0000000000000089
  0
VERTEX
  5
10887
  8
0
 10
47.19316673453255
 20
150.4859949597882
 30
0.0000000000000089
  0
VERTEX
  5
10888
  8
0
 10
47.20723892543994
 20
150.4963139502341
 30
0.0000000000000089
  0
VERTEX
  5
10889
  8
0
 10
47.22149318802578
 20
150.5063886969045
 30
0.0000000000000089
  0
VERTEX
  5
1088A
  8
0
 10
47.23592644598894
 20
150.5162166573216
 30
0.0000000000000089
  0
VERTEX
  5
1088B
  8
0
 10
47.25053562302833
 20
150.5257952890077
 30
0.0000000000000089
  0
SEQEND
  5
11849
  8
0
  0
ARC
  5
144
  8
0
 10
44.88922693390357
 20
148.9253617001665
 30
0.0
 40
2.000000000000004
 50
-123.1711190892139
 51
14.66303285926513
  0
POLYLINE
  5
145
  8
0
 66
     1
 10
0.0
 20
0.0
 30
0.0
  0
VERTEX
  5
1088C
  8
0
 10
42.61430118901964
 20
147.1879824011014
 30
0.0
  0
VERTEX
  5
1088D
  8
0
 10
42.62802011945234
 20
147.1990145172352
 30
0.0
  0
VERTEX
  5
1088E
  8
0
 10
42.64192021706862
 20
147.2097950938367
 30
0.0
  0
VERTEX
  5
1088F
  8
0
 10
42.65599789486306
 20
147.2203222113631
 30
0.0
  0
VERTEX
  5
10890
  8
0
 10
42.67024956583023
 20
147.2305939502712
 30
0.0
  0
VERTEX
  5
10891
  8
0
 10
42.68467164296472
 20
147.2406083910184
 30
0.0
  0
VERTEX
  5
10892
  8
0
 10
42.69926053926112
 20
147.2503636140616
 30
0.0
  0
VERTEX
  5
10893
  8
0
 10
42.71401266771397
 20
147.2598576998578
 30
0.0
  0
VERTEX
  5
10894
  8
0
 10
42.72892444131787
 20
147.2690887288643
 30
0.0
  0
VERTEX
  5
10895
  8
0
 10
42.74399227306739
 20
147.2780547815378
 30
0.0
  0
VERTEX
  5
10896
  8
0
 10
42.75921257595711
 20
147.2867539383358
 30
0.0
  0
VERTEX
  5
10897
  8
0
 10
42.77458176298161
 20
147.295184279715
 30
0.0
  0
VERTEX
  5
10898
  8
0
 10
42.79009624713546
 20
147.3033438861327
 30
0.0
  0
VERTEX
  5
10899
  8
0
 10
42.80575244141323
 20
147.3112308380459
 30
0.0
  0
VERTEX
  5
1089A
  8
0
 10
42.8215467588095
 20
147.3188432159116
 30
0.0
  0
VERTEX
  5
1089B
  8
0
 10
42.83747561231885
 20
147.3261791001869
 30
0.0
  0
VERTEX
  5
1089C
  8
0
 10
42.85353541493586
 20
147.3332365713289
 30
0.0
  0
VERTEX
  5
1089D
  8
0
 10
42.86972257965509
 20
147.3400137097947
 30
0.0
  0
VERTEX
  5
1089E
  8
0
 10
42.88603351947113
 20
147.3465085960413
 30
0.0
  0
VERTEX
  5
1089F
  8
0
 10
42.90246464737857
 20
147.3527193105258
 30
0.0
  0
VERTEX
  5
108A0
  8
0
 10
42.91901237637195
 20
147.3586439337053
 30
0.0
  0
VERTEX
  5
108A1
  8
0
 10
42.93567311944587
 20
147.3642805460368
 30
0.0
  0
VERTEX
  5
108A2
  8
0
 10
42.95244328959491
 20
147.3696272279773
 30
0.0
  0
VERTEX
  5
108A3
  8
0
 10
42.9693095078894
 20
147.3746792178381
 30
0.0
  0
VERTEX
  5
108A4
  8
0
 10
42.986249035945
 20
147.3794299416496
 30
0.0
  0
VERTEX
  5
108A5
  8
0
 10
43.00325735367076
 20
147.3838788392288
 30
0.0
  0
VERTEX
  5
108A6
  8
0
 10
43.020330413865
 20
147.388025496557
 30
0.0
  0
VERTEX
  5
108A7
  8
0
 10
43.03746416932608
 20
147.3918694996152
 30
0.0
  0
VERTEX
  5
108A8
  8
0
 10
43.05465457285231
 20
147.3954104343845
 30
0.0
  0
VERTEX
  5
108A9
  8
0
 10
43.07189757724203
 20
147.3986478868461
 30
0.0
  0
VERTEX
  5
108AA
  8
0
 10
43.08918913529358
 20
147.401581442981
 30
0.0
  0
VERTEX
  5
108AB
  8
0
 10
43.10652519980529
 20
147.4042106887704
 30
0.0
  0
VERTEX
  5
108AC
  8
0
 10
43.12390172357549
 20
147.4065352101953
 30
0.0
  0
VERTEX
  5
108AD
  8
0
 10
43.14131465940251
 20
147.4085545932369
 30
0.0
  0
VERTEX
  5
108AE
  8
0
 10
43.15875996008469
 20
147.4102684238762
 30
0.0
  0
VERTEX
  5
108AF
  8
0
 10
43.17623357842037
 20
147.4116762880943
 30
0.0
  0
VERTEX
  5
108B0
  8
0
 10
43.19373146720786
 20
147.4127777718725
 30
0.0
  0
VERTEX
  5
108B1
  8
0
 10
43.21124957924552
 20
147.4135724611916
 30
0.0
  0
VERTEX
  5
108B2
  8
0
 10
43.22878386733166
 20
147.414059942033
 30
0.0
  0
VERTEX
  5
108B3
  8
0
 10
43.24633028426463
 20
147.4142398003776
 30
0.0
  0
VERTEX
  5
108B4
  8
0
 10
43.26388478284275
 20
147.4141116222065
 30
0.0
  0
VERTEX
  5
108B5
  8
0
 10
43.28144331586438
 20
147.413674993501
 30
0.0
  0
VERTEX
  5
108B6
  8
0
 10
43.29900183612781
 20
147.4129295002419
 30
0.0
  0
VERTEX
  5
108B7
  8
0
 10
43.31655629643141
 20
147.4118747284106
 30
0.0
  0
VERTEX
  5
108B8
  8
0
 10
43.3341026495735
 20
147.410510263988
 30
0.0
  0
VERTEX
  5
108B9
  8
0
 10
43.35163184595254
 20
147.4088362143294
 30
0.0
  0
VERTEX
  5
108BA
  8
0
 10
43.36912195261212
 20
147.406854606451
 30
0.0
  0
VERTEX
  5
108BB
  8
0
 10
43.38656737781503
 20
147.4045664479985
 30
0.0
  0
VERTEX
  5
108BC
  8
0
 10
43.40396412913009
 20
147.4019726079384
 30
0.0
  0
VERTEX
  5
108BD
  8
0
 10
43.42130821412608
 20
147.3990739552371
 30
0.0
  0
VERTEX
  5
108BE
  8
0
 10
43.4385956403718
 20
147.3958713588611
 30
0.0
  0
VERTEX
  5
108BF
  8
0
 10
43.45582241543607
 20
147.3923656877765
 30
0.0
  0
VERTEX
  5
108C0
  8
0
 10
43.47298454688767
 20
147.3885578109498
 30
0.0
  0
VERTEX
  5
108C1
  8
0
 10
43.49007804229542
 20
147.3844485973474
 30
0.0
  0
VERTEX
  5
108C2
  8
0
 10
43.50709890922811
 20
147.3800389159356
 30
0.0
  0
VERTEX
  5
108C3
  8
0
 10
43.52404315525456
 20
147.375329635681
 30
0.0
  0
VERTEX
  5
108C4
  8
0
 10
43.54090678794356
 20
147.3703216255497
 30
0.0
  0
VERTEX
  5
108C5
  8
0
 10
43.55768581486392
 20
147.3650157545082
 30
0.0
  0
VERTEX
  5
108C6
  8
0
 10
43.57437624358442
 20
147.3594128915229
 30
0.0
  0
VERTEX
  5
108C7
  8
0
 10
43.59096812335143
 20
147.3535160817375
 30
0.0
  0
VERTEX
  5
108C8
  8
0
 10
43.6074461429067
 20
147.3473309100418
 30
0.0
  0
VERTEX
  5
108C9
  8
0
 10
43.62380634531723
 20
147.3408592814107
 30
0.0
  0
VERTEX
  5
108CA
  8
0
 10
43.64004506469582
 20
147.33410300025
 30
0.0
  0
VERTEX
  5
108CB
  8
0
 10
43.65615863515524
 20
147.3270638709654
 30
0.0
  0
VERTEX
  5
108CC
  8
0
 10
43.67214339080827
 20
147.3197436979629
 30
0.0
  0
VERTEX
  5
108CD
  8
0
 10
43.68799566576771
 20
147.3121442856483
 30
0.0
  0
VERTEX
  5
108CE
  8
0
 10
43.70371179414635
 20
147.3042674384273
 30
0.0
  0
VERTEX
  5
108CF
  8
0
 10
43.71928811005698
 20
147.2961149607058
 30
0.0
  0
VERTEX
  5
108D0
  8
0
 10
43.73472094761238
 20
147.2876886568896
 30
0.0
  0
VERTEX
  5
108D1
  8
0
 10
43.75000664092535
 20
147.2789903313846
 30
0.0
  0
VERTEX
  5
108D2
  8
0
 10
43.76514152410866
 20
147.2700217885965
 30
0.0
  0
VERTEX
  5
108D3
  8
0
 10
43.7801219312751
 20
147.2607848329312
 30
0.0
  0
VERTEX
  5
108D4
  8
0
 10
43.79494419653745
 20
147.2512812687945
 30
0.0
  0
SEQEND
  5
1184A
  8
0
  0
POLYLINE
  5
146
  8
0
 66
     1
 10
0.0
 20
0.0
 30
0.0
  0
VERTEX
  5
108D5
  8
0
 10
42.61430118901968
 20
147.1879824011014
 30
0.0
  0
VERTEX
  5
108D6
  8
0
 10
42.57901376440348
 20
147.1590558639713
 30
0.0
  0
VERTEX
  5
108D7
  8
0
 10
42.54381782553354
 20
147.1301344269997
 30
0.0
  0
VERTEX
  5
108D8
  8
0
 10
42.50871331340699
 20
147.1012180879466
 30
0.0
  0
VERTEX
  5
108D9
  8
0
 10
42.47370016449869
 20
147.0723068432547
 30
0.0
  0
VERTEX
  5
108DA
  8
0
 10
42.43877831082123
 20
147.0434006881187
 30
0.0
  0
VERTEX
  5
108DB
  8
0
 10
42.4039476799847
 20
147.0144996165553
 30
0.0
  0
VERTEX
  5
108DC
  8
0
 10
42.36920819525674
 20
146.9856036214736
 30
0.0
  0
VERTEX
  5
108DD
  8
0
 10
42.33455977562242
 20
146.9567126947448
 30
0.0
  0
VERTEX
  5
108DE
  8
0
 10
42.30000233584417
 20
146.9278268272716
 30
0.0
  0
VERTEX
  5
108DF
  8
0
 10
42.26553578652167
 20
146.8989460090596
 30
0.0
  0
VERTEX
  5
108E0
  8
0
 10
42.23116003415183
 20
146.8700702292855
 30
0.0
  0
VERTEX
  5
108E1
  8
0
 10
42.19687498118868
 20
146.8411994763687
 30
0.0
  0
VERTEX
  5
108E2
  8
0
 10
42.16268052610326
 20
146.8123337380399
 30
0.0
  0
VERTEX
  5
108E3
  8
0
 10
42.12857656344362
 20
146.7834730014121
 30
0.0
  0
VERTEX
  5
108E4
  8
0
 10
42.0945629838947
 20
146.75461725305
 30
0.0
  0
VERTEX
  5
108E5
  8
0
 10
42.0606396743382
 20
146.7257664790399
 30
0.0
  0
VERTEX
  5
108E6
  8
0
 10
42.02680651791264
 20
146.6969206650603
 30
0.0
  0
VERTEX
  5
108E7
  8
0
 10
41.99306339407313
 20
146.668079796451
 30
0.0
  0
VERTEX
  5
108E8
  8
0
 10
41.95941017865137
 20
146.6392438582839
 30
0.0
  0
VERTEX
  5
108E9
  8
0
 10
41.92584674391563
 20
146.6104128354322
 30
0.0
  0
VERTEX
  5
108EA
  8
0
 10
41.89237295862909
 20
146.5815867126383
 30
0.0
  0
VERTEX
  5
108EB
  8
0
 10
41.85898868809345
 20
146.5527654745527
 30
0.0
  0
VERTEX
  5
108EC
  8
0
 10
41.825693794172
 20
146.5239491057357
 30
0.0
  0
VERTEX
  5
108ED
  8
0
 10
41.79248813530855
 20
146.4951375906501
 30
0.0
  0
VERTEX
  5
108EE
  8
0
 10
41.7593715665464
 20
146.4663309136558
 30
0.0
  0
VERTEX
  5
108EF
  8
0
 10
41.72634393954724
 20
146.4375290590022
 30
0.0
  0
VERTEX
  5
108F0
  8
0
 10
41.69340510261013
 20
146.4087320108225
 30
0.0
  0
VERTEX
  5
108F1
  8
0
 10
41.66055490069035
 20
146.3799397531266
 30
0.0
  0
VERTEX
  5
108F2
  8
0
 10
41.62779317541838
 20
146.3511522697948
 30
0.0
  0
VERTEX
  5
108F3
  8
0
 10
41.59511976511886
 20
146.3223695445714
 30
0.0
  0
VERTEX
  5
108F4
  8
0
 10
41.56253450482938
 20
146.2935915610577
 30
0.0
  0
VERTEX
  5
108F5
  8
0
 10
41.53003722631957
 20
146.2648183027061
 30
0.0
  0
VERTEX
  5
108F6
  8
0
 10
41.49762775810994
 20
146.236049752813
 30
0.0
  0
VERTEX
  5
108F7
  8
0
 10
41.46530592549082
 20
146.2072858945127
 30
0.0
  0
VERTEX
  5
108F8
  8
0
 10
41.4330715505413
 20
146.1785267107703
 30
0.0
  0
VERTEX
  5
108F9
  8
0
 10
41.40092445214813
 20
146.1497721843761
 30
0.0
  0
VERTEX
  5
108FA
  8
0
 10
41.36886444602469
 20
146.121022297938
 30
0.0
  0
VERTEX
  5
108FB
  8
0
 10
41.33689134472989
 20
146.0922770338757
 30
0.0
  0
VERTEX
  5
108FC
  8
0
 10
41.30500495768709
 20
146.0635363744139
 30
0.0
  0
VERTEX
  5
108FD
  8
0
 10
41.27320509120304
 20
146.0348003015757
 30
0.0
  0
VERTEX
  5
108FE
  8
0
 10
41.24149154848683
 20
146.0060687971763
 30
0.0
  0
VERTEX
  5
108FF
  8
0
 10
41.20986412966878
 20
145.9773418428163
 30
0.0
  0
VERTEX
  5
10900
  8
0
 10
41.17832263181937
 20
145.948619419875
 30
0.0
  0
VERTEX
  5
10901
  8
0
 10
41.1468668489682
 20
145.9199015095043
 30
0.0
  0
VERTEX
  5
10902
  8
0
 10
41.11549657212289
 20
145.8911880926219
 30
0.0
  0
VERTEX
  5
10903
  8
0
 10
41.084211589288
 20
145.8624791499047
 30
0.0
  0
VERTEX
  5
10904
  8
0
 10
41.05301168548399
 20
145.8337746617822
 30
0.0
  0
VERTEX
  5
10905
  8
0
 10
41.02189664276634
 20
145.8050746084307
 30
0.0
  0
SEQEND
  5
1184B
  8
0
  0
POLYLINE
  5
147
  8
0
 66
     1
 10
0.0
 20
0.0
 30
0.0
  0
VERTEX
  5
10906
  8
0
 10
40.80032420389688
 20
144.634662768238
 30
0.0
  0
VERTEX
  5
10907
  8
0
 10
40.79272775840386
 20
144.650713735822
 30
0.0
  0
VERTEX
  5
10908
  8
0
 10
40.78542317069859
 20
144.6668843006463
 30
0.0
  0
VERTEX
  5
10909
  8
0
 10
40.77841149893356
 20
144.6831704233931
 30
0.0
  0
VERTEX
  5
1090A
  8
0
 10
40.77169380126131
 20
144.6995680647446
 30
0.0
  0
VERTEX
  5
1090B
  8
0
 10
40.76527113583435
 20
144.716073185383
 30
0.0
  0
VERTEX
  5
1090C
  8
0
 10
40.75914456080518
 20
144.7326817459906
 30
0.0
  0
VERTEX
  5
1090D
  8
0
 10
40.75331513432634
 20
144.7493897072494
 30
0.0
  0
VERTEX
  5
1090E
  8
0
 10
40.74778391455031
 20
144.7661930298418
 30
0.0
  0
VERTEX
  5
1090F
  8
0
 10
40.74255195962964
 20
144.7830876744499
 30
0.0
  0
VERTEX
  5
10910
  8
0
 10
40.73762032771681
 20
144.800069601756
 30
0.0
  0
VERTEX
  5
10911
  8
0
 10
40.73299007696436
 20
144.8171347724422
 30
0.0
  0
VERTEX
  5
10912
  8
0
 10
40.72866226552479
 20
144.8342791471908
 30
0.0
  0
VERTEX
  5
10913
  8
0
 10
40.72463795155063
 20
144.8514986866839
 30
0.0
  0
VERTEX
  5
10914
  8
0
 10
40.72091819319437
 20
144.8687893516038
 30
0.0
  0
VERTEX
  5
10915
  8
0
 10
40.71750404860855
 20
144.8861471026327
 30
0.0
  0
VERTEX
  5
10916
  8
0
 10
40.71439657594566
 20
144.9035679004527
 30
0.0
  0
VERTEX
  5
10917
  8
0
 10
40.71159683335823
 20
144.9210477057461
 30
0.0
  0
VERTEX
  5
10918
  8
0
 10
40.70910587899877
 20
144.9385824791951
 30
0.0
  0
VERTEX
  5
10919
  8
0
 10
40.70692477101981
 20
144.9561681814819
 30
0.0
  0
VERTEX
  5
1091A
  8
0
 10
40.70505456757383
 20
144.9738007732887
 30
0.0
  0
VERTEX
  5
1091B
  8
0
 10
40.70349632681338
 20
144.9914762152977
 30
0.0
  0
VERTEX
  5
1091C
  8
0
 10
40.70225110700701
 20
145.0091904663002
 30
0.0
  0
VERTEX
  5
1091D
  8
0
 10
40.70132065871805
 20
145.0269237128543
 30
0.0
  0
VERTEX
  5
1091E
  8
0
 10
40.70070561583179
 20
145.0446567526605
 30
0.0
  0
VERTEX
  5
1091F
  8
0
 10
40.70040542374839
 20
145.0623854470968
 30
0.0
  0
VERTEX
  5
10920
  8
0
 10
40.70041952786806
 20
145.0801056575408
 30
0.0
  0
VERTEX
  5
10921
  8
0
 10
40.70074737359099
 20
145.0978132453703
 30
0.0
  0
VERTEX
  5
10922
  8
0
 10
40.70138840631734
 20
145.115504071963
 30
0.0
  0
VERTEX
  5
10923
  8
0
 10
40.70234207144731
 20
145.1331739986968
 30
0.0
  0
VERTEX
  5
10924
  8
0
 10
40.70360781438108
 20
145.1508188869493
 30
0.0
  0
VERTEX
  5
10925
  8
0
 10
40.70518508051884
 20
145.1684345980984
 30
0.0
  0
VERTEX
  5
10926
  8
0
 10
40.70707331526076
 20
145.1860169935218
 30
0.0
  0
VERTEX
  5
10927
  8
0
 10
40.70927196400704
 20
145.2035619345972
 30
0.0
  0
VERTEX
  5
10928
  8
0
 10
40.71178047215785
 20
145.2210652827025
 30
0.0
  0
VERTEX
  5
10929
  8
0
 10
40.71459828511338
 20
145.2385228992154
 30
0.0
  0
VERTEX
  5
1092A
  8
0
 10
40.71772484827382
 20
145.2559306455136
 30
0.0
  0
VERTEX
  5
1092B
  8
0
 10
40.72115960703935
 20
145.2732843829749
 30
0.0
  0
VERTEX
  5
1092C
  8
0
 10
40.72490200681015
 20
145.2905799729771
 30
0.0
  0
VERTEX
  5
1092D
  8
0
 10
40.72895149298641
 20
145.3078132768979
 30
0.0
  0
VERTEX
  5
1092E
  8
0
 10
40.73330751096831
 20
145.3249801561151
 30
0.0
  0
VERTEX
  5
1092F
  8
0
 10
40.73796950615603
 20
145.3420764720065
 30
0.0
  0
VERTEX
  5
10930
  8
0
 10
40.74293692394977
 20
145.3590980859498
 30
0.0
  0
VERTEX
  5
10931
  8
0
 10
40.7482092097497
 20
145.3760408593228
 30
0.0
  0
VERTEX
  5
10932
  8
0
 10
40.75378580695692
 20
145.3929006476345
 30
0.0
  0
VERTEX
  5
10933
  8
0
 10
40.75966168652016
 20
145.4096608937382
 30
0.0
  0
VERTEX
  5
10934
  8
0
 10
40.76583132288837
 20
145.4263063274001
 30
0.0
  0
VERTEX
  5
10935
  8
0
 10
40.7722928838219
 20
145.442833176983
 30
0.0
  0
VERTEX
  5
10936
  8
0
 10
40.77904453708119
 20
145.4592376708505
 30
0.0
  0
VERTEX
  5
10937
  8
0
 10
40.7860844504266
 20
145.4755160373655
 30
0.0
  0
VERTEX
  5
10938
  8
0
 10
40.79341079161854
 20
145.4916645048913
 30
0.0
  0
VERTEX
  5
10939
  8
0
 10
40.8010217284174
 20
145.5076793017911
 30
0.0
  0
VERTEX
  5
1093A
  8
0
 10
40.80891542858357
 20
145.523556656428
 30
0.0
  0
VERTEX
  5
1093B
  8
0
 10
40.81709005987746
 20
145.5392927971653
 30
0.0
  0
VERTEX
  5
1093C
  8
0
 10
40.82554379005946
 20
145.5548839523661
 30
0.0
  0
VERTEX
  5
1093D
  8
0
 10
40.83427478688996
 20
145.5703263503937
 30
0.0
  0
VERTEX
  5
1093E
  8
0
 10
40.84328121812936
 20
145.5856162196112
 30
0.0
  0
VERTEX
  5
1093F
  8
0
 10
40.85256125153805
 20
145.6007497883819
 30
0.0
  0
VERTEX
  5
10940
  8
0
 10
40.86211305421915
 20
145.6157232840583
 30
0.0
  0
VERTEX
  5
10941
  8
0
 10
40.87192916824967
 20
145.6305246113348
 30
0.0
  0
VERTEX
  5
10942
  8
0
 10
40.88200179008113
 20
145.6451424146686
 30
0.0
  0
VERTEX
  5
10943
  8
0
 10
40.89232821581862
 20
145.6595734891733
 30
0.0
  0
VERTEX
  5
10944
  8
0
 10
40.9029057415671
 20
145.6738146299623
 30
0.0
  0
VERTEX
  5
10945
  8
0
 10
40.91373166343167
 20
145.6878626321489
 30
0.0
  0
VERTEX
  5
10946
  8
0
 10
40.92480327751733
 20
145.7017142908465
 30
0.0
  0
VERTEX
  5
10947
  8
0
 10
40.93611787992912
 20
145.7153664011686
 30
0.0
  0
VERTEX
  5
10948
  8
0
 10
40.94767276677208
 20
145.7288157582284
 30
0.0
  0
VERTEX
  5
10949
  8
0
 10
40.95946523415125
 20
145.7420591571394
 30
0.0
  0
VERTEX
  5
1094A
  8
0
 10
40.97149257817165
 20
145.755093393015
 30
0.0
  0
VERTEX
  5
1094B
  8
0
 10
40.98375209493832
 20
145.7679152609686
 30
0.0
  0
VERTEX
  5
1094C
  8
0
 10
40.99624108055632
 20
145.7805215561134
 30
0.0
  0
VERTEX
  5
1094D
  8
0
 10
41.00895683113065
 20
145.792909073563
 30
0.0
  0
VERTEX
  5
1094E
  8
0
 10
41.02189664276635
 20
145.8050746084307
 30
0.0
  0
SEQEND
  5
1184C
  8
0
  0
ARC
  5
148
  8
0
 10
39.00022692851997
 20
143.763083856618
 30
0.0000000000000089
 40
2.000000000000002
 50
-110.5539666420392
 51
25.83553881963682
  0
POLYLINE
  5
149
  8
0
 66
     1
 10
0.0
 20
0.0
 30
0.0
  0
VERTEX
  5
1094F
  8
0
 10
37.1622096913478
 20
141.5738720298185
 30
0.0
  0
VERTEX
  5
10950
  8
0
 10
37.17320714506251
 20
141.5875475136406
 30
0.0
  0
VERTEX
  5
10951
  8
0
 10
37.18443406604125
 20
141.6010174951317
 30
0.0
  0
VERTEX
  5
10952
  8
0
 10
37.19588739182086
 20
141.614279354868
 30
0.0
  0
VERTEX
  5
10953
  8
0
 10
37.20756405993827
 20
141.6273304734261
 30
0.0
  0
VERTEX
  5
10954
  8
0
 10
37.21946100793032
 20
141.6401682313823
 30
0.0
  0
VERTEX
  5
10955
  8
0
 10
37.23157517333389
 20
141.6527900093132
 30
0.0
  0
VERTEX
  5
10956
  8
0
 10
37.2439034936859
 20
141.6651931877951
 30
0.0
  0
VERTEX
  5
10957
  8
0
 10
37.25644290652317
 20
141.6773751474044
 30
0.0
  0
VERTEX
  5
10958
  8
0
 10
37.2691903493826
 20
141.6893332687175
 30
0.0
  0
VERTEX
  5
10959
  8
0
 10
37.28214275980108
 20
141.7010649323108
 30
0.0
  0
VERTEX
  5
1095A
  8
0
 10
37.29529707531549
 20
141.7125675187609
 30
0.0
  0
VERTEX
  5
1095B
  8
0
 10
37.30865023346268
 20
141.7238384086439
 30
0.0
  0
VERTEX
  5
1095C
  8
0
 10
37.32219917177955
 20
141.7348749825365
 30
0.0
  0
VERTEX
  5
1095D
  8
0
 10
37.33594082780298
 20
141.745674621015
 30
0.0
  0
VERTEX
  5
1095E
  8
0
 10
37.34987213906984
 20
141.7562347046558
 30
0.0
  0
VERTEX
  5
1095F
  8
0
 10
37.36399004311701
 20
141.7665526140353
 30
0.0
  0
VERTEX
  5
10960
  8
0
 10
37.37829147748136
 20
141.77662572973
 30
0.0
  0
VERTEX
  5
10961
  8
0
 10
37.39277337969978
 20
141.7864514323162
 30
0.0
  0
VERTEX
  5
10962
  8
0
 10
37.40743268730915
 20
141.7960271023705
 30
0.0
  0
VERTEX
  5
10963
  8
0
 10
37.42226633784633
 20
141.8053501204691
 30
0.0
  0
VERTEX
  5
10964
  8
0
 10
37.43727126884821
 20
141.8144178671885
 30
0.0
  0
VERTEX
  5
10965
  8
0
 10
37.45244441785168
 20
141.8232277231052
 30
0.0
  0
VERTEX
  5
10966
  8
0
 10
37.46777529066185
 20
141.8317730091378
 30
0.0
  0
VERTEX
  5
10967
  8
0
 10
37.48324221669033
 20
141.8400418470168
 30
0.0
  0
VERTEX
  5
10968
  8
0
 10
37.49884054320265
 20
141.8480325067531
 30
0.0
  0
VERTEX
  5
10969
  8
0
 10
37.51456644255706
 20
141.8557437277045
 30
0.0
  0
VERTEX
  5
1096A
  8
0
 10
37.53041608711176
 20
141.863174249229
 30
0.0
  0
VERTEX
  5
1096B
  8
0
 10
37.54638564922499
 20
141.8703228106841
 30
0.0
  0
VERTEX
  5
1096C
  8
0
 10
37.56247130125495
 20
141.8771881514278
 30
0.0
  0
VERTEX
  5
1096D
  8
0
 10
37.57866921555991
 20
141.883769010818
 30
0.0
  0
VERTEX
  5
1096E
  8
0
 10
37.59497556449805
 20
141.8900641282121
 30
0.0
  0
VERTEX
  5
1096F
  8
0
 10
37.61138652042764
 20
141.8960722429684
 30
0.0
  0
VERTEX
  5
10970
  8
0
 10
37.62789825570687
 20
141.9017920944444
 30
0.0
  0
VERTEX
  5
10971
  8
0
 10
37.64450694269399
 20
141.9072224219979
 30
0.0
  0
VERTEX
  5
10972
  8
0
 10
37.6612087537472
 20
141.9123619649869
 30
0.0
  0
VERTEX
  5
10973
  8
0
 10
37.67799986122476
 20
141.917209462769
 30
0.0
  0
VERTEX
  5
10974
  8
0
 10
37.69487643748487
 20
141.9217636547022
 30
0.0
  0
VERTEX
  5
10975
  8
0
 10
37.71183465488576
 20
141.9260232801441
 30
0.0
  0
VERTEX
  5
10976
  8
0
 10
37.72887068578568
 20
141.9299870784527
 30
0.0
  0
VERTEX
  5
10977
  8
0
 10
37.74598070254282
 20
141.9336537889856
 30
0.0
  0
VERTEX
  5
10978
  8
0
 10
37.76316087751544
 20
141.9370221511008
 30
0.0
  0
VERTEX
  5
10979
  8
0
 10
37.78040738306174
 20
141.940090904156
 30
0.0
  0
VERTEX
  5
1097A
  8
0
 10
37.79771639153996
 20
141.942858787509
 30
0.0
  0
VERTEX
  5
1097B
  8
0
 10
37.81508407530832
 20
141.9453245405176
 30
0.0
  0
VERTEX
  5
1097C
  8
0
 10
37.83250359609601
 20
141.9474865552868
 30
0.0
  0
VERTEX
  5
1097D
  8
0
 10
37.84995285920225
 20
141.9493419409855
 30
0.0
  0
VERTEX
  5
1097E
  8
0
 10
37.86742477530974
 20
141.950890281547
 30
0.0
  0
VERTEX
  5
1097F
  8
0
 10
37.88491529694251
 20
141.9521315652054
 30
0.0
  0
VERTEX
  5
10980
  8
0
 10
37.90242037662462
 20
141.953065780195
 30
0.0
  0
VERTEX
  5
10981
  8
0
 10
37.91993596688007
 20
141.9536929147495
 30
0.0
  0
VERTEX
  5
10982
  8
0
 10
37.93745802023296
 20
141.9540129571033
 30
0.0
  0
VERTEX
  5
10983
  8
0
 10
37.9549824892073
 20
141.9540258954905
 30
0.0
  0
VERTEX
  5
10984
  8
0
 10
37.97250532632714
 20
141.953731718145
 30
0.0
  0
VERTEX
  5
10985
  8
0
 10
37.99002248411652
 20
141.9531304133011
 30
0.0
  0
VERTEX
  5
10986
  8
0
 10
38.0075299150995
 20
141.9522219691928
 30
0.0
  0
VERTEX
  5
10987
  8
0
 10
38.02502357180011
 20
141.9510063740541
 30
0.0
  0
VERTEX
  5
10988
  8
0
 10
38.04249940674239
 20
141.9494836161194
 30
0.0
  0
VERTEX
  5
10989
  8
0
 10
38.05995337245039
 20
141.9476536836224
 30
0.0
  0
VERTEX
  5
1098A
  8
0
 10
38.07737624106336
 20
141.9455172457393
 30
0.0
  0
VERTEX
  5
1098B
  8
0
 10
38.09475132431827
 20
141.9430764529142
 30
0.0
  0
VERTEX
  5
1098C
  8
0
 10
38.11207410706103
 20
141.9403323263165
 30
0.0
  0
VERTEX
  5
1098D
  8
0
 10
38.12934065607039
 20
141.9372858209177
 30
0.0
  0
VERTEX
  5
1098E
  8
0
 10
38.14654703812506
 20
141.9339378916891
 30
0.0
  0
VERTEX
  5
1098F
  8
0
 10
38.16368932000378
 20
141.9302894936024
 30
0.0
  0
VERTEX
  5
10990
  8
0
 10
38.18076356848525
 20
141.9263415816287
 30
0.0
  0
VERTEX
  5
10991
  8
0
 10
38.19776585034822
 20
141.9220951107397
 30
0.0
  0
VERTEX
  5
10992
  8
0
 10
38.21469223237142
 20
141.9175510359069
 30
0.0
  0
VERTEX
  5
10993
  8
0
 10
38.23153878133355
 20
141.9127103121015
 30
0.0
  0
VERTEX
  5
10994
  8
0
 10
38.24830156401337
 20
141.9075738942952
 30
0.0
  0
VERTEX
  5
10995
  8
0
 10
38.26497664718958
 20
141.9021427374592
 30
0.0
  0
VERTEX
  5
10996
  8
0
 10
38.28156009764092
 20
141.8964177965652
 30
0.0
  0
VERTEX
  5
10997
  8
0
 10
38.29804798214611
 20
141.8904000265844
 30
0.0
  0
SEQEND
  5
1184D
  8
0
  0
POLYLINE
  5
150
  8
0
 66
     1
 10
0.0
 20
0.0
 30
0.0
  0
VERTEX
  5
10998
  8
0
 10
37.1622096913478
 20
141.5738720298185
 30
0.0
  0
VERTEX
  5
10999
  8
0
 10
37.13897045681495
 20
141.5444316537261
 30
0.0
  0
VERTEX
  5
1099A
  8
0
 10
37.11577819498947
 20
141.5150170059088
 30
0.0
  0
VERTEX
  5
1099B
  8
0
 10
37.0926325184014
 20
141.4856282463055
 30
0.0
  0
VERTEX
  5
1099C
  8
0
 10
37.06953303659435
 20
141.4562655236911
 30
0.0
  0
VERTEX
  5
1099D
  8
0
 10
37.04647935607064
 20
141.4269289754328
 30
0.0
  0
VERTEX
  5
1099E
  8
0
 10
37.02347108023653
 20
141.3976187272455
 30
0.0
  0
VERTEX
  5
1099F
  8
0
 10
37.00050780934738
 20
141.3683348929474
 30
0.0
  0
VERTEX
  5
109A0
  8
0
 10
36.97758914045288
 20
141.3390775742162
 30
0.0
  0
VERTEX
  5
109A1
  8
0
 10
36.95471466734215
 20
141.3098468603445
 30
0.0
  0
VERTEX
  5
109A2
  8
0
 10
36.93188398048899
 20
141.280642827996
 30
0.0
  0
VERTEX
  5
109A3
  8
0
 10
36.90909666699704
 20
141.2514655409607
 30
0.0
  0
VERTEX
  5
109A4
  8
0
 10
36.88635231054495
 20
141.2223150499109
 30
0.0
  0
VERTEX
  5
109A5
  8
0
 10
36.86365049133158
 20
141.1931913921574
 30
0.0
  0
VERTEX
  5
109A6
  8
0
 10
36.84099078602115
 20
141.1640945914045
 30
0.0
  0
VERTEX
  5
109A7
  8
0
 10
36.81837276768852
 20
141.1350246575064
 30
0.0
  0
VERTEX
  5
109A8
  8
0
 10
36.7957960057642
 20
141.1059815862226
 30
0.0
  0
VERTEX
  5
109A9
  8
0
 10
36.77326006597972
 20
141.0769653589737
 30
0.0
  0
VERTEX
  5
109AA
  8
0
 10
36.75076451031269
 20
141.0479759425976
 30
0.0
  0
VERTEX
  5
109AB
  8
0
 10
36.72830889693201
 20
141.0190132891044
 30
0.0
  0
VERTEX
  5
109AC
  8
0
 10
36.7058927801431
 20
140.9900773354333
 30
0.0
  0
VERTEX
  5
109AD
  8
0
 10
36.68351571033298
 20
140.9611680032072
 30
0.0
  0
VERTEX
  5
109AE
  8
0
 10
36.66117723391557
 20
140.9322851984894
 30
0.0
  0
VERTEX
  5
109AF
  8
0
 10
36.63887689327679
 20
140.9034288115388
 30
0.0
  0
VERTEX
  5
109B0
  8
0
 10
36.6166142267198
 20
140.8745987165659
 30
0.0
  0
VERTEX
  5
109B1
  8
0
 10
36.59438876841013
 20
140.8457947714886
 30
0.0
  0
VERTEX
  5
109B2
  8
0
 10
36.57220004832089
 20
140.8170168176877
 30
0.0
  0
VERTEX
  5
109B3
  8
0
 10
36.55004759217793
 20
140.788264679763
 30
0.0
  0
VERTEX
  5
109B4
  8
0
 10
36.52793092140507
 20
140.759538165289
 30
0.0
  0
VERTEX
  5
109B5
  8
0
 10
36.50584955306925
 20
140.7308370645703
 30
0.0
  0
VERTEX
  5
109B6
  8
0
 10
36.4838029998257
 20
140.702161150398
 30
0.0
  0
VERTEX
  5
109B7
  8
0
 10
36.46179076986314
 20
140.6735101778049
 30
0.0
  0
VERTEX
  5
109B8
  8
0
 10
36.43981236684898
 20
140.6448838838216
 30
0.0
  0
VERTEX
  5
109B9
  8
0
 10
36.41786728987447
 20
140.6162819872322
 30
0.0
  0
VERTEX
  5
109BA
  8
0
 10
36.39595503339987
 20
140.5877041883298
 30
0.0
  0
VERTEX
  5
109BB
  8
0
 10
36.37407508719971
 20
140.5591501686726
 30
0.0
  0
VERTEX
  5
109BC
  8
0
 10
36.35222693630789
 20
140.5306195908397
 30
0.0
  0
VERTEX
  5
109BD
  8
0
 10
36.33041006096287
 20
140.5021120981867
 30
0.0
  0
VERTEX
  5
109BE
  8
0
 10
36.30862393655293
 20
140.4736273146012
 30
0.0
  0
VERTEX
  5
109BF
  8
0
 10
36.28686803356125
 20
140.4451648442592
 30
0.0
  0
VERTEX
  5
109C0
  8
0
 10
36.26514181751116
 20
140.4167242713803
 30
0.0
  0
VERTEX
  5
109C1
  8
0
 10
36.24344474891132
 20
140.3883051599839
 30
0.0
  0
VERTEX
  5
109C2
  8
0
 10
36.22177628320085
 20
140.3599070536446
 30
0.0
  0
VERTEX
  5
109C3
  8
0
 10
36.20013587069803
 20
140.3315294752578
 30
0.0
  0
VERTEX
  5
109C4
  8
0
 10
36.17852295661061
 20
140.3031719269766
 30
0.0
  0
VERTEX
  5
109C5
  8
0
 10
36.15693698116788
 20
140.2748338904872
 30
0.0
  0
VERTEX
  5
109C6
  8
0
 10
36.1353773797901
 20
140.2465148273883
 30
0.0
  0
VERTEX
  5
109C7
  8
0
 10
36.11384358325878
 20
140.2182141795727
 30
0.0
  0
VERTEX
  5
109C8
  8
0
 10
36.09233501788693
 20
140.1899313696092
 30
0.0
  0
SEQEND
  5
1184E
  8
0
  0
POLYLINE
  5
151
  8
0
 66
     1
 10
0.0
 20
0.0
 30
-0.0000000000000089
  0
VERTEX
  5
109C9
  8
0
 10
36.05873537519591
 20
139.0264326680569
 30
-0.0000000000000089
  0
VERTEX
  5
109CA
  8
0
 10
36.0492077948125
 20
139.0408593487261
 30
-0.0000000000000089
  0
VERTEX
  5
109CB
  8
0
 10
36.03993807817633
 20
139.055437339839
 30
-0.0000000000000089
  0
VERTEX
  5
109CC
  8
0
 10
36.03092771730827
 20
139.0701630886537
 30
-0.0000000000000089
  0
VERTEX
  5
109CD
  8
0
 10
36.02217820422924
 20
139.0850330424284
 30
-0.0000000000000089
  0
VERTEX
  5
109CE
  8
0
 10
36.01369103096012
 20
139.1000436484214
 30
-0.0000000000000089
  0
VERTEX
  5
109CF
  8
0
 10
36.00546768952181
 20
139.115191353891
 30
-0.0000000000000089
  0
VERTEX
  5
109D0
  8
0
 10
35.99750967193523
 20
139.1304726060955
 30
-0.0000000000000089
  0
VERTEX
  5
109D1
  8
0
 10
35.98981847022125
 20
139.1458838522931
 30
-0.0000000000000089
  0
VERTEX
  5
109D2
  8
0
 10
35.98239557640078
 20
139.161421539742
 30
-0.0000000000000089
  0
VERTEX
  5
109D3
  8
0
 10
35.97524248249471
 20
139.1770821157006
 30
-0.0000000000000089
  0
VERTEX
  5
109D4
  8
0
 10
35.96836068052396
 20
139.1928620274273
 30
-0.0000000000000089
  0
VERTEX
  5
109D5
  8
0
 10
35.9617516625094
 20
139.20875772218
 30
-0.0000000000000089
  0
VERTEX
  5
109D6
  8
0
 10
35.95541692047195
 20
139.2247656472173
 30
-0.0000000000000089
  0
VERTEX
  5
109D7
  8
0
 10
35.94935794643251
 20
139.2408822497972
 30
-0.0000000000000089
  0
VERTEX
  5
109D8
  8
0
 10
35.94357623241196
 20
139.2571039771782
 30
-0.0000000000000089
  0
VERTEX
  5
109D9
  8
0
 10
35.93807327043121
 20
139.2734272766184
 30
-0.0000000000000089
  0
VERTEX
  5
109DA
  8
0
 10
35.93285055251116
 20
139.2898485953762
 30
-0.0000000000000089
  0
VERTEX
  5
109DB
  8
0
 10
35.9279095706727
 20
139.3063643807097
 30
-0.0000000000000089
  0
VERTEX
  5
109DC
  8
0
 10
35.92325181693673
 20
139.3229710798773
 30
-0.0000000000000089
  0
VERTEX
  5
109DD
  8
0
 10
35.91887878332416
 20
139.3396651401373
 30
-0.0000000000000089
  0
VERTEX
  5
109DE
  8
0
 10
35.91479196185586
 20
139.3564430087479
 30
-0.0000000000000089
  0
VERTEX
  5
109DF
  8
0
 10
35.91099284455277
 20
139.3733011329673
 30
-0.0000000000000089
  0
VERTEX
  5
109E0
  8
0
 10
35.90748341270708
 20
139.3902334939518
 30
-0.0000000000000089
  0
VERTEX
  5
109E1
  8
0
 10
35.90426890411718
 20
139.4072151044011
 30
-0.0000000000000089
  0
VERTEX
  5
109E2
  8
0
 10
35.90135041115073
 20
139.4242372020135
 30
-0.0000000000000089
  0
VERTEX
  5
109E3
  8
0
 10
35.89872796532133
 20
139.4412959335943
 30
-0.0000000000000089
  0
VERTEX
  5
109E4
  8
0
 10
35.89640159814265
 20
139.4583874459493
 30
-0.0000000000000089
  0
VERTEX
  5
109E5
  8
0
 10
35.89437134112833
 20
139.475507885884
 30
-0.0000000000000089
  0
VERTEX
  5
109E6
  8
0
 10
35.89263722579198
 20
139.492653400204
 30
-0.0000000000000089
  0
VERTEX
  5
109E7
  8
0
 10
35.8911992836473
 20
139.509820135715
 30
-0.0000000000000089
  0
VERTEX
  5
109E8
  8
0
 10
35.89005754620788
 20
139.5270042392226
 30
-0.0000000000000089
  0
VERTEX
  5
109E9
  8
0
 10
35.8892120449874
 20
139.5442018575323
 30
-0.0000000000000089
  0
VERTEX
  5
109EA
  8
0
 10
35.8886628114995
 20
139.5614091374498
 30
-0.0000000000000089
  0
VERTEX
  5
109EB
  8
0
 10
35.8884098772578
 20
139.5786222257805
 30
-0.0000000000000089
  0
VERTEX
  5
109EC
  8
0
 10
35.88845327377595
 20
139.5958372693303
 30
-0.0000000000000089
  0
VERTEX
  5
109ED
  8
0
 10
35.88879303256761
 20
139.6130504149047
 30
-0.0000000000000089
  0
VERTEX
  5
109EE
  8
0
 10
35.8894291851464
 20
139.6302578093092
 30
-0.0000000000000089
  0
VERTEX
  5
109EF
  8
0
 10
35.89036176302599
 20
139.6474555993494
 30
-0.0000000000000089
  0
VERTEX
  5
109F0
  8
0
 10
35.89159079772
 20
139.664639931831
 30
-0.0000000000000089
  0
VERTEX
  5
109F1
  8
0
 10
35.89311632074208
 20
139.6818069535596
 30
-0.0000000000000089
  0
VERTEX
  5
109F2
  8
0
 10
35.89493836360588
 20
139.6989528113408
 30
-0.0000000000000089
  0
VERTEX
  5
109F3
  8
0
 10
35.89705695782504
 20
139.7160736519801
 30
-0.0000000000000089
  0
VERTEX
  5
109F4
  8
0
 10
35.89947213491318
 20
139.7331656222832
 30
-0.0000000000000089
  0
VERTEX
  5
109F5
  8
0
 10
35.90218392638398
 20
139.7502248690557
 30
-0.0000000000000089
  0
VERTEX
  5
109F6
  8
0
 10
35.90519236375107
 20
139.7672475391031
 30
-0.0000000000000089
  0
VERTEX
  5
109F7
  8
0
 10
35.90849588071875
 20
139.7842219231464
 30
-0.0000000000000089
  0
VERTEX
  5
109F8
  8
0
 10
35.91209086165466
 20
139.8011295694749
 30
-0.0000000000000089
  0
VERTEX
  5
109F9
  8
0
 10
35.91597609124451
 20
139.8179664464334
 30
-0.0000000000000089
  0
VERTEX
  5
109FA
  8
0
 10
35.92015041663747
 20
139.8347288587316
 30
-0.0000000000000089
  0
VERTEX
  5
109FB
  8
0
 10
35.92461268498268
 20
139.8514131110786
 30
-0.0000000000000089
  0
VERTEX
  5
109FC
  8
0
 10
35.92936174342933
 20
139.8680155081841
 30
-0.0000000000000089
  0
VERTEX
  5
109FD
  8
0
 10
35.93439643912657
 20
139.8845323547573
 30
-0.0000000000000089
  0
VERTEX
  5
109FE
  8
0
 10
35.93971561922356
 20
139.9009599555078
 30
-0.0000000000000089
  0
VERTEX
  5
109FF
  8
0
 10
35.94531813086946
 20
139.917294615145
 30
-0.0000000000000089
  0
VERTEX
  5
10A00
  8
0
 10
35.95120282121343
 20
139.9335326383781
 30
-0.0000000000000089
  0
VERTEX
  5
10A01
  8
0
 10
35.95736853740464
 20
139.9496703299168
 30
-0.0000000000000089
  0
VERTEX
  5
10A02
  8
0
 10
35.96381412659224
 20
139.9657039944704
 30
-0.0000000000000089
  0
VERTEX
  5
10A03
  8
0
 10
35.9705384359254
 20
139.9816299367484
 30
-0.0000000000000089
  0
VERTEX
  5
10A04
  8
0
 10
35.97753969725671
 20
139.9974431034109
 30
-0.0000000000000089
  0
VERTEX
  5
10A05
  8
0
 10
35.98481116206631
 20
140.0131281718302
 30
-0.0000000000000089
  0
VERTEX
  5
10A06
  8
0
 10
35.99234967720002
 20
140.028679076688
 30
-0.0000000000000089
  0
VERTEX
  5
10A07
  8
0
 10
36.00015327186351
 20
140.0440924862866
 30
-0.0000000000000089
  0
VERTEX
  5
10A08
  8
0
 10
36.00821997526246
 20
140.059365068929
 30
-0.0000000000000089
  0
VERTEX
  5
10A09
  8
0
 10
36.01654781660257
 20
140.0744934929175
 30
-0.0000000000000089
  0
VERTEX
  5
10A0A
  8
0
 10
36.02513482508952
 20
140.0894744265551
 30
-0.0000000000000089
  0
VERTEX
  5
10A0B
  8
0
 10
36.03397902992897
 20
140.1043045381441
 30
-0.0000000000000089
  0
VERTEX
  5
10A0C
  8
0
 10
36.04307846032663
 20
140.1189804959873
 30
-0.0000000000000089
  0
VERTEX
  5
10A0D
  8
0
 10
36.05243114548818
 20
140.1334989683874
 30
-0.0000000000000089
  0
VERTEX
  5
10A0E
  8
0
 10
36.06203511461931
 20
140.147856623647
 30
-0.0000000000000089
  0
VERTEX
  5
10A0F
  8
0
 10
36.07188839692569
 20
140.1620501300687
 30
-0.0000000000000089
  0
VERTEX
  5
10A10
  8
0
 10
36.081989021613
 20
140.1760761559552
 30
-0.0000000000000089
  0
VERTEX
  5
10A11
  8
0
 10
36.09233501788695
 20
140.1899313696092
 30
-0.0000000000000089
  0
SEQEND
  5
1184F
  8
0
  0
ARC
  5
152
  8
0
 10
34.39942426664263
 20
137.9098814399299
 30
0.0
 40
1.999999999999982
 50
-104.9578659579935
 51
33.93662865611275
  0
POLYLINE
  5
153
  8
0
 66
     1
 10
0.0
 20
0.0
 30
-0.0000000000000089
  0
VERTEX
  5
10A12
  8
0
 10
32.78522415590465
 20
135.5543149436451
 30
-0.0000000000000089
  0
VERTEX
  5
10A13
  8
0
 10
32.79485572219805
 20
135.5689359925476
 30
-0.0000000000000089
  0
VERTEX
  5
10A14
  8
0
 10
32.80473403306414
 20
135.5833750236425
 30
-0.0000000000000089
  0
VERTEX
  5
10A15
  8
0
 10
32.81485630699354
 20
135.5976291595267
 30
-0.0000000000000089
  0
VERTEX
  5
10A16
  8
0
 10
32.82521976247685
 20
135.6116955227972
 30
-0.0000000000000089
  0
VERTEX
  5
10A17
  8
0
 10
32.83582161800471
 20
135.6255712360509
 30
-0.0000000000000089
  0
VERTEX
  5
10A18
  8
0
 10
32.8466590920677
 20
135.6392534218846
 30
-0.0000000000000089
  0
VERTEX
  5
10A19
  8
0
 10
32.85772940315646
 20
135.6527392028954
 30
-0.0000000000000089
  0
VERTEX
  5
10A1A
  8
0
 10
32.86902976976161
 20
135.6660257016803
 30
-0.0000000000000089
  0
VERTEX
  5
10A1B
  8
0
 10
32.88055741037374
 20
135.6791100408362
 30
-0.0000000000000089
  0
VERTEX
  5
10A1C
  8
0
 10
32.89230954348348
 20
135.6919893429599
 30
-0.0000000000000089
  0
VERTEX
  5
10A1D
  8
0
 10
32.90428338758143
 20
135.7046607306486
 30
-0.0000000000000089
  0
VERTEX
  5
10A1E
  8
0
 10
32.91647616115824
 20
135.7171213264991
 30
-0.0000000000000089
  0
VERTEX
  5
10A1F
  8
0
 10
32.92888508270448
 20
135.7293682531083
 30
-0.0000000000000089
  0
VERTEX
  5
10A20
  8
0
 10
32.94150737071079
 20
135.7413986330733
 30
-0.0000000000000089
  0
VERTEX
  5
10A21
  8
0
 10
32.95434024366777
 20
135.753209588991
 30
-0.0000000000000089
  0
VERTEX
  5
10A22
  8
0
 10
32.96738092006605
 20
135.7647982434583
 30
-0.0000000000000089
  0
VERTEX
  5
10A23
  8
0
 10
32.98062661839623
 20
135.7761617190722
 30
-0.0000000000000089
  0
VERTEX
  5
10A24
  8
0
 10
32.99407455714893
 20
135.7872971384296
 30
-0.0000000000000089
  0
VERTEX
  5
10A25
  8
0
 10
33.00772195481477
 20
135.7982016241275
 30
-0.0000000000000089
  0
VERTEX
  5
10A26
  8
0
 10
33.02156602988435
 20
135.8088722987628
 30
-0.0000000000000089
  0
VERTEX
  5
10A27
  8
0
 10
33.03560400084831
 20
135.8193062849325
 30
-0.0000000000000089
  0
VERTEX
  5
10A28
  8
0
 10
33.04983308619724
 20
135.8295007052334
 30
-0.0000000000000089
  0
VERTEX
  5
10A29
  8
0
 10
33.06424445368989
 20
135.8394485813213
 30
-0.0000000000000089
  0
VERTEX
  5
10A2A
  8
0
 10
33.0788172202897
 20
135.8491356658543
 30
-0.0000000000000089
  0
VERTEX
  5
10A2B
  8
0
 10
33.09354659725777
 20
135.8585595631844
 30
-0.0000000000000089
  0
VERTEX
  5
10A2C
  8
0
 10
33.10842891892903
 20
135.8677186673405
 30
-0.0000000000000089
  0
VERTEX
  5
10A2D
  8
0
 10
33.1234605196385
 20
135.876611372352
 30
-0.0000000000000089
  0
VERTEX
  5
10A2E
  8
0
 10
33.1386377337211
 20
135.8852360722477
 30
-0.0000000000000089
  0
VERTEX
  5
10A2F
  8
0
 10
33.15395689551183
 20
135.8935911610567
 30
-0.0000000000000089
  0
VERTEX
  5
10A30
  8
0
 10
33.16941433934567
 20
135.9016750328081
 30
-0.0000000000000089
  0
VERTEX
  5
10A31
  8
0
 10
33.18500639955755
 20
135.909486081531
 30
-0.0000000000000089
  0
VERTEX
  5
10A32
  8
0
 10
33.20072941048247
 20
135.9170227012544
 30
-0.0000000000000089
  0
VERTEX
  5
10A33
  8
0
 10
33.21657970645538
 20
135.9242832860073
 30
-0.0000000000000089
  0
VERTEX
  5
10A34
  8
0
 10
33.23255362181126
 20
135.9312662298188
 30
-0.0000000000000089
  0
VERTEX
  5
10A35
  8
0
 10
33.24864749088507
 20
135.9379699267181
 30
-0.0000000000000089
  0
VERTEX
  5
10A36
  8
0
 10
33.26485764801178
 20
135.9443927707341
 30
-0.0000000000000089
  0
VERTEX
  5
10A37
  8
0
 10
33.28118042752638
 20
135.9505331558959
 30
-0.0000000000000089
  0
VERTEX
  5
10A38
  8
0
 10
33.2976121637638
 20
135.9563894762326
 30
-0.0000000000000089
  0
VERTEX
  5
10A39
  8
0
 10
33.31414919105904
 20
135.9619601257733
 30
-0.0000000000000089
  0
VERTEX
  5
10A3A
  8
0
 10
33.33078784374706
 20
135.9672434985468
 30
-0.0000000000000089
  0
VERTEX
  5
10A3B
  8
0
 10
33.34752445616283
 20
135.9722379885825
 30
-0.0000000000000089
  0
VERTEX
  5
10A3C
  8
0
 10
33.36435536264131
 20
135.9769419899094
 30
-0.0000000000000089
  0
VERTEX
  5
10A3D
  8
0
 10
33.38127689751748
 20
135.9813538965563
 30
-0.0000000000000089
  0
VERTEX
  5
10A3E
  8
0
 10
33.39828539512631
 20
135.9854721025525
 30
-0.0000000000000089
  0
VERTEX
  5
10A3F
  8
0
 10
33.41537533852935
 20
135.9892946046458
 30
-0.0000000000000089
  0
VERTEX
  5
10A40
  8
0
 10
33.43252544101964
 20
135.9928164316663
 30
-0.0000000000000089
  0
VERTEX
  5
10A41
  8
0
 10
33.4497273901057
 20
135.9960361851375
 30
-0.0000000000000089
  0
VERTEX
  5
10A42
  8
0
 10
33.46697718559326
 20
135.9989534701853
 30
-0.0000000000000089
  0
VERTEX
  5
10A43
  8
0
 10
33.4842708272881
 20
136.0015678919355
 30
-0.0000000000000089
  0
VERTEX
  5
10A44
  8
0
 10
33.50160431499597
 20
136.003879055514
 30
-0.0000000000000089
  0
VERTEX
  5
10A45
  8
0
 10
33.51897364852265
 20
136.0058865660467
 30
-0.0000000000000089
  0
VERTEX
  5
10A46
  8
0
 10
33.5363748276739
 20
136.0075900286593
 30
-0.0000000000000089
  0
VERTEX
  5
10A47
  8
0
 10
33.55380385225548
 20
136.0089890484778
 30
-0.0000000000000089
  0
VERTEX
  5
10A48
  8
0
 10
33.57125672207317
 20
136.0100832306281
 30
-0.0000000000000089
  0
VERTEX
  5
10A49
  8
0
 10
33.58872943693272
 20
136.0108721802359
 30
-0.0000000000000089
  0
VERTEX
  5
10A4A
  8
0
 10
33.60621799663989
 20
136.0113555024271
 30
-0.0000000000000089
  0
VERTEX
  5
10A4B
  8
0
 10
33.62371840100046
 20
136.0115328023277
 30
-0.0000000000000089
  0
VERTEX
  5
10A4C
  8
0
 10
33.6412266498202
 20
136.0114036850633
 30
-0.0000000000000089
  0
VERTEX
  5
10A4D
  8
0
 10
33.65873426276147
 20
136.0109679061544
 30
-0.0000000000000089
  0
VERTEX
  5
10A4E
  8
0
 10
33.67622416105613
 20
136.0102259715676
 30
-0.0000000000000089
  0
VERTEX
  5
10A4F
  8
0
 10
33.69369152325053
 20
136.009178460779
 30
-0.0000000000000089
  0
VERTEX
  5
10A50
  8
0
 10
33.71113236973713
 20
136.0078259396536
 30
-0.0000000000000089
  0
VERTEX
  5
10A51
  8
0
 10
33.72854272090841
 20
136.0061689740566
 30
-0.0000000000000089
  0
VERTEX
  5
10A52
  8
0
 10
33.74591859715681
 20
136.0042081298531
 30
-0.0000000000000089
  0
VERTEX
  5
10A53
  8
0
 10
33.76325601887477
 20
136.0019439729081
 30
-0.0000000000000089
  0
VERTEX
  5
10A54
  8
0
 10
33.78055100645479
 20
135.9993770690868
 30
-0.0000000000000089
  0
VERTEX
  5
10A55
  8
0
 10
33.79779958028928
 20
135.9965079842542
 30
-0.0000000000000089
  0
VERTEX
  5
10A56
  8
0
 10
33.81499776077072
 20
135.9933372842754
 30
-0.0000000000000089
  0
VERTEX
  5
10A57
  8
0
 10
33.83214156829158
 20
135.9898655350156
 30
-0.0000000000000089
  0
VERTEX
  5
10A58
  8
0
 10
33.84922702324428
 20
135.9860933023397
 30
-0.0000000000000089
  0
VERTEX
  5
10A59
  8
0
 10
33.8662501460213
 20
135.982021152113
 30
-0.0000000000000089
  0
VERTEX
  5
10A5A
  8
0
 10
33.8832069570151
 20
135.9776496502005
 30
-0.0000000000000089
  0
SEQEND
  5
11850
  8
0
  0
POLYLINE
  5
154
  8
0
 66
     1
 10
0.0
 20
0.0
 30
-0.0000000000000089
  0
VERTEX
  5
10A5B
  8
0
 10
32.78522415590465
 20
135.5543149436451
 30
-0.0000000000000089
  0
VERTEX
  5
10A5C
  8
0
 10
32.7788079303651
 20
135.5443840762986
 30
-0.0000000000000089
  0
VERTEX
  5
10A5D
  8
0
 10
32.77238983377026
 20
135.534444901228
 30
-0.0000000000000089
  0
VERTEX
  5
10A5E
  8
0
 10
32.765969874063
 20
135.5244974147991
 30
-0.0000000000000089
  0
VERTEX
  5
10A5F
  8
0
 10
32.75954805926001
 20
135.5145416134898
 30
-0.0000000000000089
  0
VERTEX
  5
10A60
  8
0
 10
32.75312439745101
 20
135.5045774938905
 30
-0.0000000000000089
  0
VERTEX
  5
10A61
  8
0
 10
32.74669889679807
 20
135.4946050527035
 30
-0.0000000000000089
  0
VERTEX
  5
10A62
  8
0
 10
32.74027156553477
 20
135.4846242867424
 30
-0.0000000000000089
  0
VERTEX
  5
10A63
  8
0
 10
32.73384241196547
 20
135.4746351929324
 30
-0.0000000000000089
  0
VERTEX
  5
10A64
  8
0
 10
32.72741144446462
 20
135.4646377683093
 30
-0.0000000000000089
  0
VERTEX
  5
10A65
  8
0
 10
32.72097867147593
 20
135.4546320100201
 30
-0.0000000000000089
  0
VERTEX
  5
10A66
  8
0
 10
32.71454410151158
 20
135.4446179153217
 30
-0.0000000000000089
  0
VERTEX
  5
10A67
  8
0
 10
32.70810774315164
 20
135.4345954815814
 30
-0.0000000000000089
  0
VERTEX
  5
10A68
  8
0
 10
32.70166960504306
 20
135.4245647062761
 30
-0.0000000000000089
  0
VERTEX
  5
10A69
  8
0
 10
32.69522969589914
 20
135.4145255869922
 30
-0.0000000000000089
  0
VERTEX
  5
10A6A
  8
0
 10
32.68878802449868
 20
135.4044781214253
 30
-0.0000000000000089
  0
VERTEX
  5
10A6B
  8
0
 10
32.68234459968518
 20
135.39442230738
 30
-0.0000000000000089
  0
VERTEX
  5
10A6C
  8
0
 10
32.67589943036618
 20
135.3843581427691
 30
-0.0000000000000089
  0
VERTEX
  5
10A6D
  8
0
 10
32.66945252551243
 20
135.3742856256143
 30
-0.0000000000000089
  0
VERTEX
  5
10A6E
  8
0
 10
32.66300389415719
 20
135.3642047540446
 30
-0.0000000000000089
  0
VERTEX
  5
10A6F
  8
0
 10
32.65655354539543
 20
135.3541155262972
 30
-0.0000000000000089
  0
VERTEX
  5
10A70
  8
0
 10
32.65010148838307
 20
135.3440179407165
 30
-0.0000000000000089
  0
VERTEX
  5
10A71
  8
0
 10
32.64364773233631
 20
135.3339119957538
 30
-0.0000000000000089
  0
VERTEX
  5
10A72
  8
0
 10
32.63719228653078
 20
135.3237976899674
 30
-0.0000000000000089
  0
VERTEX
  5
10A73
  8
0
 10
32.63073516030077
 20
135.3136750220219
 30
-0.0000000000000089
  0
VERTEX
  5
10A74
  8
0
 10
32.6242763630386
 20
135.3035439906883
 30
-0.0000000000000089
  0
VERTEX
  5
10A75
  8
0
 10
32.61781590419375
 20
135.2934045948433
 30
-0.0000000000000089
  0
VERTEX
  5
10A76
  8
0
 10
32.61135379327212
 20
135.2832568334692
 30
-0.0000000000000089
  0
VERTEX
  5
10A77
  8
0
 10
32.60489003983532
 20
135.2731007056535
 30
-0.0000000000000089
  0
VERTEX
  5
10A78
  8
0
 10
32.5984246534999
 20
135.262936210589
 30
-0.0000000000000089
  0
VERTEX
  5
10A79
  8
0
 10
32.59195764393656
 20
135.2527633475728
 30
-0.0000000000000089
  0
VERTEX
  5
10A7A
  8
0
 10
32.58548902086943
 20
135.2425821160064
 30
-0.0000000000000089
  0
VERTEX
  5
10A7B
  8
0
 10
32.5790187940753
 20
135.2323925153957
 30
-0.0000000000000089
  0
VERTEX
  5
10A7C
  8
0
 10
32.57254697338288
 20
135.22219454535
 30
-0.0000000000000089
  0
VERTEX
  5
10A7D
  8
0
 10
32.56607356867202
 20
135.2119882055823
 30
-0.0000000000000089
  0
VERTEX
  5
10A7E
  8
0
 10
32.55959858987297
 20
135.2017734959087
 30
-0.0000000000000089
  0
VERTEX
  5
10A7F
  8
0
 10
32.55312204696563
 20
135.1915504162481
 30
-0.0000000000000089
  0
VERTEX
  5
10A80
  8
0
 10
32.54664394997878
 20
135.181318966622
 30
-0.0000000000000089
  0
VERTEX
  5
10A81
  8
0
 10
32.54016430898933
 20
135.1710791471543
 30
-0.0000000000000089
  0
VERTEX
  5
10A82
  8
0
 10
32.53368313412159
 20
135.1608309580707
 30
-0.0000000000000089
  0
VERTEX
  5
10A83
  8
0
 10
32.52720043554645
 20
135.1505743996987
 30
-0.0000000000000089
  0
SEQEND
  5
11851
  8
0
  0
POLYLINE
  5
155
  8
0
 66
     1
 10
0.0
 20
0.0
 30
-0.0000000000000089
  0
VERTEX
  5
10A84
  8
0
 10
32.60703665488229
 20
133.9730189586601
 30
-0.0000000000000089
  0
VERTEX
  5
10A85
  8
0
 10
32.59585186913665
 20
133.9865671870137
 30
-0.0000000000000089
  0
VERTEX
  5
10A86
  8
0
 10
32.58491525573371
 20
134.0002990537834
 30
-0.0000000000000089
  0
VERTEX
  5
10A87
  8
0
 10
32.57422876812083
 20
134.0142110186688
 30
-0.0000000000000089
  0
VERTEX
  5
10A88
  8
0
 10
32.56379435974542
 20
134.02829954137
 30
-0.0000000000000089
  0
VERTEX
  5
10A89
  8
0
 10
32.55361398405482
 20
134.0425610815865
 30
-0.0000000000000089
  0
VERTEX
  5
10A8A
  8
0
 10
32.54368959449643
 20
134.0569920990181
 30
-0.0000000000000089
  0
VERTEX
  5
10A8B
  8
0
 10
32.53402314451764
 20
134.0715890533647
 30
-0.0000000000000089
  0
VERTEX
  5
10A8C
  8
0
 10
32.52461658756582
 20
134.0863484043259
 30
-0.0000000000000089
  0
VERTEX
  5
10A8D
  8
0
 10
32.51547187708836
 20
134.1012666116015
 30
-0.0000000000000089
  0
VERTEX
  5
10A8E
  8
0
 10
32.50659096653262
 20
134.1163401348913
 30
-0.0000000000000089
  0
VERTEX
  5
10A8F
  8
0
 10
32.49797580934599
 20
134.131565433895
 30
-0.0000000000000089
  0
VERTEX
  5
10A90
  8
0
 10
32.48962835897587
 20
134.1469389683125
 30
-0.0000000000000089
  0
VERTEX
  5
10A91
  8
0
 10
32.48155056886962
 20
134.1624571978435
 30
-0.0000000000000089
  0
VERTEX
  5
10A92
  8
0
 10
32.47374439247463
 20
134.1781165821876
 30
-0.0000000000000089
  0
VERTEX
  5
10A93
  8
0
 10
32.46621178323828
 20
134.1939135810448
 30
-0.0000000000000089
  0
VERTEX
  5
10A94
  8
0
 10
32.45895469460795
 20
134.2098446541148
 30
-0.0000000000000089
  0
VERTEX
  5
10A95
  8
0
 10
32.451975080031
 20
134.2259062610972
 30
-0.0000000000000089
  0
VERTEX
  5
10A96
  8
0
 10
32.44527489295485
 20
134.2420948616919
 30
-0.0000000000000089
  0
VERTEX
  5
10A97
  8
0
 10
32.43885608682686
 20
134.2584069155987
 30
-0.0000000000000089
  0
VERTEX
  5
10A98
  8
0
 10
32.4327206150944
 20
134.2748388825173
 30
-0.0000000000000089
  0
VERTEX
  5
10A99
  8
0
 10
32.42687043120488
 20
134.2913872221474
 30
-0.0000000000000089
  0
VERTEX
  5
10A9A
  8
0
 10
32.42130748860565
 20
134.308048394189
 30
-0.0000000000000089
  0
VERTEX
  5
10A9B
  8
0
 10
32.41603638527152
 20
134.3248101911202
 30
-0.0000000000000089
  0
VERTEX
  5
10A9C
  8
0
 10
32.41106424951948
 20
134.3416493001984
 30
-0.0000000000000089
  0
VERTEX
  5
10A9D
  8
0
 10
32.40639178234901
 20
134.3585609705124
 30
-0.0000000000000089
  0
VERTEX
  5
10A9E
  8
0
 10
32.40201944687667
 20
134.3755411851971
 30
-0.0000000000000089
  0
VERTEX
  5
10A9F
  8
0
 10
32.39794770621905
 20
134.3925859273874
 30
-0.0000000000000089
  0
VERTEX
  5
10AA0
  8
0
 10
32.39417702349268
 20
134.4096911802181
 30
-0.0000000000000089
  0
VERTEX
  5
10AA1
  8
0
 10
32.39070786181414
 20
134.4268529268241
 30
-0.0000000000000089
  0
VERTEX
  5
10AA2
  8
0
 10
32.38754068429999
 20
134.4440671503403
 30
-0.0000000000000089
  0
VERTEX
  5
10AA3
  8
0
 10
32.38467595406679
 20
134.4613298339015
 30
-0.0000000000000089
  0
VERTEX
  5
10AA4
  8
0
 10
32.3821141342311
 20
134.4786369606425
 30
-0.0000000000000089
  0
VERTEX
  5
10AA5
  8
0
 10
32.3798556879095
 20
134.4959845136984
 30
-0.0000000000000089
  0
VERTEX
  5
10AA6
  8
0
 10
32.37790107821852
 20
134.5133684762038
 30
-0.0000000000000089
  0
VERTEX
  5
10AA7
  8
0
 10
32.37625076827474
 20
134.5307848312938
 30
-0.0000000000000089
  0
VERTEX
  5
10AA8
  8
0
 10
32.37490522119474
 20
134.5482295621032
 30
-0.0000000000000089
  0
VERTEX
  5
10AA9
  8
0
 10
32.37386490009507
 20
134.5656986517668
 30
-0.0000000000000089
  0
VERTEX
  5
10AAA
  8
0
 10
32.37313026809228
 20
134.5831880834195
 30
-0.0000000000000089
  0
VERTEX
  5
10AAB
  8
0
 10
32.37270178830295
 20
134.6006938401961
 30
-0.0000000000000089
  0
VERTEX
  5
10AAC
  8
0
 10
32.37257992384364
 20
134.6182119052316
 30
-0.0000000000000089
  0
VERTEX
  5
10AAD
  8
0
 10
32.3727651378309
 20
134.6357382616608
 30
-0.0000000000000089
  0
VERTEX
  5
10AAE
  8
0
 10
32.3732578933813
 20
134.6532688926185
 30
-0.0000000000000089
  0
VERTEX
  5
10AAF
  8
0
 10
32.37405865361141
 20
134.6707997812397
 30
-0.0000000000000089
  0
VERTEX
  5
10AB0
  8
0
 10
32.37516788163777
 20
134.6883269106593
 30
-0.0000000000000089
  0
VERTEX
  5
10AB1
  8
0
 10
32.37658571196535
 20
134.7058425986768
 30
-0.0000000000000089
  0
VERTEX
  5
10AB2
  8
0
 10
32.37831046397373
 20
134.7233246053746
 30
-0.0000000000000089
  0
VERTEX
  5
10AB3
  8
0
 10
32.38034114769277
 20
134.7407664604671
 30
-0.0000000000000089
  0
VERTEX
  5
10AB4
  8
0
 10
32.38267695303664
 20
134.758164184505
 30
-0.0000000000000089
  0
VERTEX
  5
10AB5
  8
0
 10
32.38531706991954
 20
134.775513798039
 30
-0.0000000000000089
  0
VERTEX
  5
10AB6
  8
0
 10
32.38826068825563
 20
134.7928113216198
 30
-0.0000000000000089
  0
VERTEX
  5
10AB7
  8
0
 10
32.39150699795909
 20
134.8100527757981
 30
-0.0000000000000089
  0
VERTEX
  5
10AB8
  8
0
 10
32.39505518894409
 20
134.8272341811244
 30
-0.0000000000000089
  0
VERTEX
  5
10AB9
  8
0
 10
32.39890445112481
 20
134.8443515581496
 30
-0.0000000000000089
  0
VERTEX
  5
10ABA
  8
0
 10
32.40305397441544
 20
134.8614009274242
 30
-0.0000000000000089
  0
VERTEX
  5
10ABB
  8
0
 10
32.40750294873014
 20
134.878378309499
 30
-0.0000000000000089
  0
VERTEX
  5
10ABC
  8
0
 10
32.4122505639831
 20
134.8952797249247
 30
-0.0000000000000089
  0
VERTEX
  5
10ABD
  8
0
 10
32.41729601008849
 20
134.9121011942518
 30
-0.0000000000000089
  0
VERTEX
  5
10ABE
  8
0
 10
32.42263847696049
 20
134.9288387380312
 30
-0.0000000000000089
  0
VERTEX
  5
10ABF
  8
0
 10
32.42827530970878
 20
134.9454830814094
 30
-0.0000000000000089
  0
VERTEX
  5
10AC0
  8
0
 10
32.43420105543044
 20
134.9620184798078
 30
-0.0000000000000089
  0
VERTEX
  5
10AC1
  8
0
 10
32.44041382552248
 20
134.9784408099317
 30
-0.0000000000000089
  0
VERTEX
  5
10AC2
  8
0
 10
32.4469118805813
 20
134.9947464020767
 30
-0.0000000000000089
  0
VERTEX
  5
10AC3
  8
0
 10
32.45369348120328
 20
135.0109315865383
 30
-0.0000000000000089
  0
VERTEX
  5
10AC4
  8
0
 10
32.4607568879848
 20
135.026992693612
 30
-0.0000000000000089
  0
VERTEX
  5
10AC5
  8
0
 10
32.46810036152225
 20
135.0429260535932
 30
-0.0000000000000089
  0
VERTEX
  5
10AC6
  8
0
 10
32.475722162412
 20
135.0587279967777
 30
-0.0000000000000089
  0
VERTEX
  5
10AC7
  8
0
 10
32.48362055125046
 20
135.0743948534607
 30
-0.0000000000000089
  0
VERTEX
  5
10AC8
  8
0
 10
32.49179378863398
 20
135.089922953938
 30
-0.0000000000000089
  0
VERTEX
  5
10AC9
  8
0
 10
32.50024013515896
 20
135.1053086285049
 30
-0.0000000000000089
  0
VERTEX
  5
10ACA
  8
0
 10
32.50895785142178
 20
135.1205482074569
 30
-0.0000000000000089
  0
VERTEX
  5
10ACB
  8
0
 10
32.51794519801882
 20
135.1356380210897
 30
-0.0000000000000089
  0
VERTEX
  5
10ACC
  8
0
 10
32.52720043554648
 20
135.1505743996987
 30
-0.0000000000000089
  0
SEQEND
  5
11852
  8
0
  0
ARC
  5
156
  8
0
 10
31.07595360524961
 20
132.6862459813532
 30
0.0
 40
2.000000000000013
 50
-97.99201853843697
 51
40.04480745608165
  0
POLYLINE
  5
157
  8
0
 66
     1
 10
0.0
 20
0.0
 30
0.0
  0
VERTEX
  5
10ACD
  8
0
 10
29.76318926714166
 20
130.1601253310346
 30
0.0
  0
VERTEX
  5
10ACE
  8
0
 10
29.77105705618694
 20
130.1756302866522
 30
0.0
  0
VERTEX
  5
10ACF
  8
0
 10
29.77918686240526
 20
130.1909843087736
 30
0.0
  0
VERTEX
  5
10AD0
  8
0
 10
29.78757629645719
 20
130.2061842906109
 30
0.0
  0
VERTEX
  5
10AD1
  8
0
 10
29.79622296900331
 20
130.221227125376
 30
0.0
  0
VERTEX
  5
10AD2
  8
0
 10
29.8051244907042
 20
130.2361097062808
 30
0.0
  0
VERTEX
  5
10AD3
  8
0
 10
29.81427847222042
 20
130.2508289265372
 30
0.0
  0
VERTEX
  5
10AD4
  8
0
 10
29.82368252421257
 20
130.2653816793574
 30
0.0
  0
VERTEX
  5
10AD5
  8
0
 10
29.8333342573412
 20
130.2797648579531
 30
0.0
  0
VERTEX
  5
10AD6
  8
0
 10
29.8432312822669
 20
130.2939753555364
 30
0.0
  0
VERTEX
  5
10AD7
  8
0
 10
29.85337120965022
 20
130.3080100653192
 30
0.0
  0
VERTEX
  5
10AD8
  8
0
 10
29.86375165015178
 20
130.3218658805135
 30
0.0
  0
VERTEX
  5
10AD9
  8
0
 10
29.87437021443211
 20
130.3355396943311
 30
0.0
  0
VERTEX
  5
10ADA
  8
0
 10
29.88522451315182
 20
130.3490283999841
 30
0.0
  0
VERTEX
  5
10ADB
  8
0
 10
29.89631215697145
 20
130.3623288906845
 30
0.0
  0
VERTEX
  5
10ADC
  8
0
 10
29.90763075655161
 20
130.3754380596442
 30
0.0
  0
VERTEX
  5
10ADD
  8
0
 10
29.91917792255285
 20
130.388352800075
 30
0.0
  0
VERTEX
  5
10ADE
  8
0
 10
29.93095126563576
 20
130.4010700051891
 30
0.0
  0
VERTEX
  5
10ADF
  8
0
 10
29.94294839646089
 20
130.4135865681983
 30
0.0
  0
VERTEX
  5
10AE0
  8
0
 10
29.95516692568885
 20
130.4258993823146
 30
0.0
  0
VERTEX
  5
10AE1
  8
0
 10
29.9676044639802
 20
130.43800534075
 30
0.0
  0
VERTEX
  5
10AE2
  8
0
 10
29.9802586219955
 20
130.4499013367163
 30
0.0
  0
VERTEX
  5
10AE3
  8
0
 10
29.99312701039534
 20
130.4615842634256
 30
0.0
  0
VERTEX
  5
10AE4
  8
0
 10
30.00620394574627
 20
130.473048175588
 30
0.0
  0
VERTEX
  5
10AE5
  8
0
 10
30.01946985218932
 20
130.4842759500911
 30
0.0
  0
VERTEX
  5
10AE6
  8
0
 10
30.03291901978974
 20
130.4952635507075
 30
0.0
  0
VERTEX
  5
10AE7
  8
0
 10
30.04654805860462
 20
130.5060090103677
 30
0.0
  0
VERTEX
  5
10AE8
  8
0
 10
30.06035357869104
 20
130.5165103620025
 30
0.0
  0
VERTEX
  5
10AE9
  8
0
 10
30.07433219010609
 20
130.5267656385425
 30
0.0
  0
VERTEX
  5
10AEA
  8
0
 10
30.08848050290685
 20
130.5367728729182
 30
0.0
  0
VERTEX
  5
10AEB
  8
0
 10
30.1027951271504
 20
130.5465300980605
 30
0.0
  0
VERTEX
  5
10AEC
  8
0
 10
30.11727267289383
 20
130.5560353468998
 30
0.0
  0
VERTEX
  5
10AED
  8
0
 10
30.1319097501942
 20
130.5652866523669
 30
0.0
  0
VERTEX
  5
10AEE
  8
0
 10
30.14670296910863
 20
130.5742820473924
 30
0.0
  0
VERTEX
  5
10AEF
  8
0
 10
30.16164893969417
 20
130.5830195649068
 30
0.0
  0
VERTEX
  5
10AF0
  8
0
 10
30.17674427200792
 20
130.5914972378409
 30
0.0
  0
VERTEX
  5
10AF1
  8
0
 10
30.19198557610697
 20
130.5997130991254
 30
0.0
  0
VERTEX
  5
10AF2
  8
0
 10
30.20736946204838
 20
130.6076651816907
 30
0.0
  0
VERTEX
  5
10AF3
  8
0
 10
30.22289253988925
 20
130.6153515184677
 30
0.0
  0
VERTEX
  5
10AF4
  8
0
 10
30.23855141968666
 20
130.6227701423868
 30
0.0
  0
VERTEX
  5
10AF5
  8
0
 10
30.25434271149769
 20
130.6299190863788
 30
0.0
  0
VERTEX
  5
10AF6
  8
0
 10
30.27026302537942
 20
130.6367963833743
 30
0.0
  0
VERTEX
  5
10AF7
  8
0
 10
30.28630897138895
 20
130.6434000663039
 30
0.0
  0
VERTEX
  5
10AF8
  8
0
 10
30.30247715958334
 20
130.6497281680983
 30
0.0
  0
VERTEX
  5
10AF9
  8
0
 10
30.31876420001969
 20
130.6557787216881
 30
0.0
  0
VERTEX
  5
10AFA
  8
0
 10
30.33516662411169
 20
130.6615497330984
 30
0.0
  0
VERTEX
  5
10AFB
  8
0
 10
30.35166800529937
 20
130.6670350276014
 30
0.0
  0
VERTEX
  5
10AFC
  8
0
 10
30.36825513531717
 20
130.6722303883292
 30
0.0
  0
VERTEX
  5
10AFD
  8
0
 10
30.3849241665523
 20
130.6771349813706
 30
0.0
  0
VERTEX
  5
10AFE
  8
0
 10
30.40167125139196
 20
130.6817479728146
 30
0.0
  0
VERTEX
  5
10AFF
  8
0
 10
30.4184925422233
 20
130.6860685287501
 30
0.0
  0
VERTEX
  5
10B00
  8
0
 10
30.43538419143352
 20
130.690095815266
 30
0.0
  0
VERTEX
  5
10B01
  8
0
 10
30.4523423514098
 20
130.6938289984512
 30
0.0
  0
VERTEX
  5
10B02
  8
0
 10
30.46936317453934
 20
130.6972672443946
 30
0.0
  0
VERTEX
  5
10B03
  8
0
 10
30.48644281320932
 20
130.7004097191851
 30
0.0
  0
VERTEX
  5
10B04
  8
0
 10
30.5035774198069
 20
130.7032555889117
 30
0.0
  0
VERTEX
  5
10B05
  8
0
 10
30.5207631467193
 20
130.7058040196632
 30
0.0
  0
VERTEX
  5
10B06
  8
0
 10
30.53799614633368
 20
130.7080541775285
 30
0.0
  0
VERTEX
  5
10B07
  8
0
 10
30.55527257103723
 20
130.7100052285967
 30
0.0
  0
VERTEX
  5
10B08
  8
0
 10
30.57258596500764
 20
130.7116561129567
 30
0.0
  0
VERTEX
  5
10B09
  8
0
 10
30.58991915151361
 20
130.7130052092582
 30
0.0
  0
VERTEX
  5
10B0A
  8
0
 10
30.60726633299494
 20
130.7140524097516
 30
0.0
  0
VERTEX
  5
10B0B
  8
0
 10
30.62462357344662
 20
130.7147978004401
 30
0.0
  0
VERTEX
  5
10B0C
  8
0
 10
30.64198693686361
 20
130.7152414673265
 30
0.0
  0
VERTEX
  5
10B0D
  8
0
 10
30.65935248724089
 20
130.7153834964136
 30
0.0
  0
VERTEX
  5
10B0E
  8
0
 10
30.67671628857341
 20
130.7152239737043
 30
0.0
  0
VERTEX
  5
10B0F
  8
0
 10
30.69407440485617
 20
130.7147629852016
 30
0.0
  0
VERTEX
  5
10B10
  8
0
 10
30.71142290008412
 20
130.7140006169084
 30
0.0
  0
VERTEX
  5
10B11
  8
0
 10
30.72875783825224
 20
130.7129369548276
 30
0.0
  0
VERTEX
  5
10B12
  8
0
 10
30.7460752833555
 20
130.711572084962
 30
0.0
  0
VERTEX
  5
10B13
  8
0
 10
30.76337129938887
 20
130.7099060933146
 30
0.0
  0
VERTEX
  5
10B14
  8
0
 10
30.78064195034733
 20
130.7079390658882
 30
0.0
  0
VERTEX
  5
10B15
  8
0
 10
30.79788330022583
 20
130.7056710886859
 30
0.0
  0
SEQEND
  5
11853
  8
0
  0
POLYLINE
  5
158
  8
0
 66
     1
 10
0.0
 20
0.0
 30
0.0
  0
VERTEX
  5
10B16
  8
0
 10
29.76318926714167
 20
130.1601253310346
 30
0.0
  0
VERTEX
  5
10B17
  8
0
 10
29.75512394744131
 20
130.1438790963778
 30
0.0
  0
VERTEX
  5
10B18
  8
0
 10
29.74706031662366
 20
130.1276290830415
 30
0.0
  0
VERTEX
  5
10B19
  8
0
 10
29.73899837615894
 20
130.1113753346657
 30
0.0
  0
VERTEX
  5
10B1A
  8
0
 10
29.7309381274895
 20
130.0951178949096
 30
0.0
  0
VERTEX
  5
10B1B
  8
0
 10
29.72287957202992
 20
130.0788568074508
 30
0.0
  0
VERTEX
  5
10B1C
  8
0
 10
29.71482271116712
 20
130.0625921159843
 30
0.0
  0
VERTEX
  5
10B1D
  8
0
 10
29.70676754626052
 20
130.0463238642224
 30
0.0
  0
VERTEX
  5
10B1E
  8
0
 10
29.69871407864212
 20
130.0300520958933
 30
0.0
  0
VERTEX
  5
10B1F
  8
0
 10
29.69066230961666
 20
130.0137768547413
 30
0.0
  0
VERTEX
  5
10B20
  8
0
 10
29.68261224046174
 20
129.9974981845253
 30
0.0
  0
VERTEX
  5
10B21
  8
0
 10
29.67456387242793
 20
129.9812161290184
 30
0.0
  0
VERTEX
  5
10B22
  8
0
 10
29.66651720673891
 20
129.9649307320078
 30
0.0
  0
VERTEX
  5
10B23
  8
0
 10
29.65847224459156
 20
129.948642037293
 30
0.0
  0
VERTEX
  5
10B24
  8
0
 10
29.65042898715614
 20
129.932350088686
 30
0.0
  0
VERTEX
  5
10B25
  8
0
 10
29.64238743557638
 20
129.9160549300103
 30
0.0
  0
VERTEX
  5
10B26
  8
0
 10
29.6343475909696
 20
129.8997566051005
 30
0.0
  0
VERTEX
  5
10B27
  8
0
 10
29.62630945442685
 20
129.8834551578012
 30
0.0
  0
VERTEX
  5
10B28
  8
0
 10
29.61827302701304
 20
129.8671506319664
 30
0.0
  0
VERTEX
  5
10B29
  8
0
 10
29.61023830976704
 20
129.8508430714592
 30
0.0
  0
VERTEX
  5
10B2A
  8
0
 10
29.60220530370182
 20
129.8345325201506
 30
0.0
  0
VERTEX
  5
10B2B
  8
0
 10
29.59417400980459
 20
129.8182190219193
 30
0.0
  0
VERTEX
  5
10B2C
  8
0
 10
29.58614442903691
 20
129.8019026206508
 30
0.0
  0
VERTEX
  5
10B2D
  8
0
 10
29.57811656233476
 20
129.7855833602366
 30
0.0
  0
VERTEX
  5
10B2E
  8
0
 10
29.5700904106088
 20
129.7692612845736
 30
0.0
  0
VERTEX
  5
10B2F
  8
0
 10
29.56206597474434
 20
129.7529364375638
 30
0.0
  0
VERTEX
  5
10B30
  8
0
 10
29.55404325560156
 20
129.7366088631128
 30
0.0
  0
VERTEX
  5
10B31
  8
0
 10
29.54602225401566
 20
129.7202786051302
 30
0.0
  0
VERTEX
  5
10B32
  8
0
 10
29.53800297079686
 20
129.7039457075278
 30
0.0
  0
VERTEX
  5
10B33
  8
0
 10
29.52998540673065
 20
129.6876102142199
 30
0.0
  0
VERTEX
  5
10B34
  8
0
 10
29.52196956257784
 20
129.6712721691217
 30
0.0
  0
VERTEX
  5
10B35
  8
0
 10
29.51395543907474
 20
129.6549316161496
 30
0.0
  0
VERTEX
  5
10B36
  8
0
 10
29.50594303693321
 20
129.6385885992196
 30
0.0
  0
VERTEX
  5
10B37
  8
0
 10
29.49793235684088
 20
129.6222431622475
 30
0.0
  0
VERTEX
  5
10B38
  8
0
 10
29.48992339946117
 20
129.6058953491473
 30
0.0
  0
VERTEX
  5
10B39
  8
0
 10
29.48191616543351
 20
129.5895452038313
 30
0.0
  0
VERTEX
  5
10B3A
  8
0
 10
29.47391065537342
 20
129.5731927702091
 30
0.0
  0
VERTEX
  5
10B3B
  8
0
 10
29.46590686987262
 20
129.5568380921866
 30
0.0
  0
VERTEX
  5
10B3C
  8
0
 10
29.45790480949917
 20
129.5404812136663
 30
0.0
  0
VERTEX
  5
10B3D
  8
0
 10
29.44990447479762
 20
129.5241221785452
 30
0.0
  0
VERTEX
  5
10B3E
  8
0
 10
29.4419058662891
 20
129.5077610307155
 30
0.0
  0
SEQEND
  5
11854
  8
0
  0
POLYLINE
  5
159
  8
0
 66
     1
 10
0.0
 20
0.0
 30
0.0
  0
VERTEX
  5
10B3F
  8
0
 10
29.63127413220693
 20
128.3634608847427
 30
0.0
  0
VERTEX
  5
10B40
  8
0
 10
29.61923801938796
 20
128.375773631452
 30
0.0
  0
VERTEX
  5
10B41
  8
0
 10
29.60742464947214
 20
128.3882821484474
 30
0.0
  0
VERTEX
  5
10B42
  8
0
 10
29.59583613364677
 20
128.4009832685017
 30
0.0
  0
VERTEX
  5
10B43
  8
0
 10
29.58447458309914
 20
128.4138738243883
 30
0.0
  0
VERTEX
  5
10B44
  8
0
 10
29.57334210901658
 20
128.4269506488802
 30
0.0
  0
VERTEX
  5
10B45
  8
0
 10
29.5624408225864
 20
128.4402105747504
 30
0.0
  0
VERTEX
  5
10B46
  8
0
 10
29.5517728349959
 20
128.4536504347721
 30
0.0
  0
VERTEX
  5
10B47
  8
0
 10
29.54134025743241
 20
128.4672670617184
 30
0.0
  0
VERTEX
  5
10B48
  8
0
 10
29.53114520108322
 20
128.4810572883622
 30
0.0
  0
VERTEX
  5
10B49
  8
0
 10
29.52118977713565
 20
128.4950179474769
 30
0.0
  0
VERTEX
  5
10B4A
  8
0
 10
29.511476096777
 20
128.5091458718354
 30
0.0
  0
VERTEX
  5
10B4B
  8
0
 10
29.5020062711946
 20
128.5234378942109
 30
0.0
  0
VERTEX
  5
10B4C
  8
0
 10
29.49278241157575
 20
128.5378908473763
 30
0.0
  0
VERTEX
  5
10B4D
  8
0
 10
29.48380662910776
 20
128.5525015641049
 30
0.0
  0
VERTEX
  5
10B4E
  8
0
 10
29.47508103497793
 20
128.5672668771698
 30
0.0
  0
VERTEX
  5
10B4F
  8
0
 10
29.46660774037359
 20
128.5821836193439
 30
0.0
  0
VERTEX
  5
10B50
  8
0
 10
29.45838885648205
 20
128.5972486234005
 30
0.0
  0
VERTEX
  5
10B51
  8
0
 10
29.4504264944906
 20
128.6124587221126
 30
0.0
  0
VERTEX
  5
10B52
  8
0
 10
29.44272276558657
 20
128.6278107482533
 30
0.0
  0
VERTEX
  5
10B53
  8
0
 10
29.43527978095727
 20
128.6433015345957
 30
0.0
  0
VERTEX
  5
10B54
  8
0
 10
29.42809965178999
 20
128.6589279139128
 30
0.0
  0
VERTEX
  5
10B55
  8
0
 10
29.42118448927206
 20
128.6746867189779
 30
0.0
  0
VERTEX
  5
10B56
  8
0
 10
29.41453697356592
 20
128.6905733896275
 30
0.0
  0
VERTEX
  5
10B57
  8
0
 10
29.40816670929878
 20
128.7065652792316
 30
0.0
  0
VERTEX
  5
10B58
  8
0
 10
29.40207707706503
 20
128.7226525163017
 30
0.0
  0
VERTEX
  5
10B59
  8
0
 10
29.39626882754861
 20
128.7388313692278
 30
0.0
  0
VERTEX
  5
10B5A
  8
0
 10
29.39074271143347
 20
128.7550981064003
 30
0.0
  0
VERTEX
  5
10B5B
  8
0
 10
29.38549947940353
 20
128.7714489962093
 30
0.0
  0
VERTEX
  5
10B5C
  8
0
 10
29.38053988214274
 20
128.7878803070449
 30
0.0
  0
VERTEX
  5
10B5D
  8
0
 10
29.37586467033503
 20
128.8043883072975
 30
0.0
  0
VERTEX
  5
10B5E
  8
0
 10
29.37147459466435
 20
128.8209692653571
 30
0.0
  0
VERTEX
  5
10B5F
  8
0
 10
29.36737040581464
 20
128.837619449614
 30
0.0
  0
VERTEX
  5
10B60
  8
0
 10
29.36355285446983
 20
128.8543351284583
 30
0.0
  0
VERTEX
  5
10B61
  8
0
 10
29.36002269131388
 20
128.8711125702803
 30
0.0
  0
VERTEX
  5
10B62
  8
0
 10
29.3567806670307
 20
128.8879480434702
 30
0.0
  0
VERTEX
  5
10B63
  8
0
 10
29.35382753230425
 20
128.9048378164181
 30
0.0
  0
VERTEX
  5
10B64
  8
0
 10
29.35116403781847
 20
128.9217781575143
 30
0.0
  0
VERTEX
  5
10B65
  8
0
 10
29.34879093425729
 20
128.9387653351489
 30
0.0
  0
VERTEX
  5
10B66
  8
0
 10
29.34670897230465
 20
128.9557956177121
 30
0.0
  0
VERTEX
  5
10B67
  8
0
 10
29.34491890264451
 20
128.9728652735941
 30
0.0
  0
VERTEX
  5
10B68
  8
0
 10
29.34342147596078
 20
128.9899705711852
 30
0.0
  0
VERTEX
  5
10B69
  8
0
 10
29.34221744293741
 20
129.0071077788754
 30
0.0
  0
VERTEX
  5
10B6A
  8
0
 10
29.34130755425835
 20
129.024273165055
 30
0.0
  0
VERTEX
  5
10B6B
  8
0
 10
29.34069256060753
 20
129.0414629981142
 30
0.0
  0
VERTEX
  5
10B6C
  8
0
 10
29.34037321266889
 20
129.0586735464432
 30
0.0
  0
VERTEX
  5
10B6D
  8
0
 10
29.34035022714194
 20
129.0758963011502
 30
0.0
  0
VERTEX
  5
10B6E
  8
0
 10
29.34062370663283
 20
129.0931106833509
 30
0.0
  0
VERTEX
  5
10B6F
  8
0
 10
29.34119324271418
 20
129.1103114307192
 30
0.0
  0
VERTEX
  5
10B70
  8
0
 10
29.34205841254272
 20
129.1274947427189
 30
0.0
  0
VERTEX
  5
10B71
  8
0
 10
29.34321879327511
 20
129.1446568188138
 30
0.0
  0
VERTEX
  5
10B72
  8
0
 10
29.34467396206807
 20
129.1617938584674
 30
0.0
  0
VERTEX
  5
10B73
  8
0
 10
29.34642349607828
 20
129.1789020611436
 30
0.0
  0
VERTEX
  5
10B74
  8
0
 10
29.34846697246246
 20
129.1959776263062
 30
0.0
  0
VERTEX
  5
10B75
  8
0
 10
29.35080396837729
 20
129.2130167534188
 30
0.0
  0
VERTEX
  5
10B76
  8
0
 10
29.35343406097947
 20
129.2300156419451
 30
0.0
  0
VERTEX
  5
10B77
  8
0
 10
29.3563568274257
 20
129.2469704913489
 30
0.0
  0
VERTEX
  5
10B78
  8
0
 10
29.35957184487268
 20
129.2638775010939
 30
0.0
  0
VERTEX
  5
10B79
  8
0
 10
29.3630786904771
 20
129.2807328706438
 30
0.0
  0
VERTEX
  5
10B7A
  8
0
 10
29.36687673941107
 20
129.2975319403873
 30
0.0
  0
VERTEX
  5
10B7B
  8
0
 10
29.37096251975723
 20
129.3142590544242
 30
0.0
  0
VERTEX
  5
10B7C
  8
0
 10
29.37533392490488
 20
129.3309067793612
 30
0.0
  0
VERTEX
  5
10B7D
  8
0
 10
29.37998967949688
 20
129.3474715101551
 30
0.0
  0
VERTEX
  5
10B7E
  8
0
 10
29.38492850817612
 20
129.3639496417627
 30
0.0
  0
VERTEX
  5
10B7F
  8
0
 10
29.39014913558547
 20
129.3803375691408
 30
0.0
  0
VERTEX
  5
10B80
  8
0
 10
29.39565028636781
 20
129.3966316872461
 30
0.0
  0
VERTEX
  5
10B81
  8
0
 10
29.40143068516599
 20
129.4128283910355
 30
0.0
  0
VERTEX
  5
10B82
  8
0
 10
29.40748905662292
 20
129.4289240754656
 30
0.0
  0
VERTEX
  5
10B83
  8
0
 10
29.41382412538145
 20
129.4449151354933
 30
0.0
  0
VERTEX
  5
10B84
  8
0
 10
29.42043461608445
 20
129.4607979660754
 30
0.0
  0
VERTEX
  5
10B85
  8
0
 10
29.42731925337482
 20
129.4765689621686
 30
0.0
  0
VERTEX
  5
10B86
  8
0
 10
29.4344767618954
 20
129.4922245187297
 30
0.0
  0
VERTEX
  5
10B87
  8
0
 10
29.4419058662891
 20
129.5077610307155
 30
0.0
  0
SEQEND
  5
11855
  8
0
  0
ARC
  5
160
  8
0
 10
28.21317489544452
 20
126.9531437024415
 30
0.0
 40
2.000000000000015
 50
-96.39647446800164
 51
44.84235781250162
  0
POLYLINE
  5
161
  8
0
 66
     1
 10
0.0
 20
0.0
 30
0.0
  0
VERTEX
  5
10B88
  8
0
 10
26.9828519165133
 20
124.4156723393533
 30
0.0
  0
VERTEX
  5
10B89
  8
0
 10
26.99053262186924
 20
124.4308529371419
 30
0.0
  0
VERTEX
  5
10B8A
  8
0
 10
26.99846438436105
 20
124.445889338695
 30
0.0
  0
VERTEX
  5
10B8B
  8
0
 10
27.00664496845145
 20
124.4607786312342
 30
0.0
  0
VERTEX
  5
10B8C
  8
0
 10
27.01507213860315
 20
124.475517901981
 30
0.0
  0
VERTEX
  5
10B8D
  8
0
 10
27.02374365927885
 20
124.490104238157
 30
0.0
  0
VERTEX
  5
10B8E
  8
0
 10
27.03265729494124
 20
124.5045347269836
 30
0.0
  0
VERTEX
  5
10B8F
  8
0
 10
27.04181081005305
 20
124.5188064556825
 30
0.0
  0
VERTEX
  5
10B90
  8
0
 10
27.05120196907695
 20
124.532916511475
 30
0.0
  0
VERTEX
  5
10B91
  8
0
 10
27.06082853647569
 20
124.5468619815829
 30
0.0
  0
VERTEX
  5
10B92
  8
0
 10
27.07068827671194
 20
124.5606399532276
 30
0.0
  0
VERTEX
  5
10B93
  8
0
 10
27.08077895424841
 20
124.5742475136305
 30
0.0
  0
VERTEX
  5
10B94
  8
0
 10
27.09109833354781
 20
124.5876817500133
 30
0.0
  0
VERTEX
  5
10B95
  8
0
 10
27.10164417907284
 20
124.6009397495975
 30
0.0
  0
VERTEX
  5
10B96
  8
0
 10
27.11241425528621
 20
124.6140185996046
 30
0.0
  0
VERTEX
  5
10B97
  8
0
 10
27.12340632665063
 20
124.6269153872561
 30
0.0
  0
VERTEX
  5
10B98
  8
0
 10
27.13461815762878
 20
124.6396271997735
 30
0.0
  0
VERTEX
  5
10B99
  8
0
 10
27.1460475126834
 20
124.6521511243785
 30
0.0
  0
VERTEX
  5
10B9A
  8
0
 10
27.15769215627716
 20
124.6644842482925
 30
0.0
  0
VERTEX
  5
10B9B
  8
0
 10
27.16954985287279
 20
124.676623658737
 30
0.0
  0
VERTEX
  5
10B9C
  8
0
 10
27.18161836693297
 20
124.6885664429335
 30
0.0
  0
VERTEX
  5
10B9D
  8
0
 10
27.19389546292044
 20
124.7003096881037
 30
0.0
  0
VERTEX
  5
10B9E
  8
0
 10
27.20637890529787
 20
124.711850481469
 30
0.0
  0
VERTEX
  5
10B9F
  8
0
 10
27.21906643389959
 20
124.7231858886204
 30
0.0
  0
VERTEX
  5
10BA0
  8
0
 10
27.23194401241444
 20
124.7343029786764
 30
0.0
  0
VERTEX
  5
10BA1
  8
0
 10
27.24499895466725
 20
124.7451912657731
 30
0.0
  0
VERTEX
  5
10BA2
  8
0
 10
27.25822808665788
 20
124.7558489039345
 30
0.0
  0
VERTEX
  5
10BA3
  8
0
 10
27.27162823438617
 20
124.7662740471841
 30
0.0
  0
VERTEX
  5
10BA4
  8
0
 10
27.285196223852
 20
124.7764648495457
 30
0.0
  0
VERTEX
  5
10BA5
  8
0
 10
27.29892888105523
 20
124.7864194650429
 30
0.0
  0
VERTEX
  5
10BA6
  8
0
 10
27.31282303199569
 20
124.7961360476995
 30
0.0
  0
VERTEX
  5
10BA7
  8
0
 10
27.32687550267329
 20
124.805612751539
 30
0.0
  0
VERTEX
  5
10BA8
  8
0
 10
27.34108311908785
 20
124.8148477305853
 30
0.0
  0
VERTEX
  5
10BA9
  8
0
 10
27.35544270723926
 20
124.8238391388621
 30
0.0
  0
VERTEX
  5
10BAA
  8
0
 10
27.36995109312734
 20
124.8325851303928
 30
0.0
  0
VERTEX
  5
10BAB
  8
0
 10
27.384605102752
 20
124.8410838592013
 30
0.0
  0
VERTEX
  5
10BAC
  8
0
 10
27.39940156211306
 20
124.8493334793114
 30
0.0
  0
VERTEX
  5
10BAD
  8
0
 10
27.41433729721039
 20
124.8573321447466
 30
0.0
  0
VERTEX
  5
10BAE
  8
0
 10
27.42940913404387
 20
124.8650780095306
 30
0.0
  0
VERTEX
  5
10BAF
  8
0
 10
27.44461389861333
 20
124.8725692276871
 30
0.0
  0
VERTEX
  5
10BB0
  8
0
 10
27.45994841691865
 20
124.87980395324
 30
0.0
  0
VERTEX
  5
10BB1
  8
0
 10
27.47540951495969
 20
124.8867803402126
 30
0.0
  0
VERTEX
  5
10BB2
  8
0
 10
27.4909940187363
 20
124.893496542629
 30
0.0
  0
VERTEX
  5
10BB3
  8
0
 10
27.50669875424835
 20
124.8999507145125
 30
0.0
  0
VERTEX
  5
10BB4
  8
0
 10
27.52252054749569
 20
124.9061410098871
 30
0.0
  0
VERTEX
  5
10BB5
  8
0
 10
27.53845622447818
 20
124.9120655827764
 30
0.0
  0
VERTEX
  5
10BB6
  8
0
 10
27.55450251398092
 20
124.9177225538564
 30
0.0
  0
VERTEX
  5
10BB7
  8
0
 10
27.57064381600378
 20
124.9231060515039
 30
0.0
  0
VERTEX
  5
10BB8
  8
0
 10
27.58686800040289
 20
124.9282121791904
 30
0.0
  0
VERTEX
  5
10BB9
  8
0
 10
27.60317146768023
 20
124.9330401276903
 30
0.0
  0
VERTEX
  5
10BBA
  8
0
 10
27.61955061833779
 20
124.9375890877784
 30
0.0
  0
VERTEX
  5
10BBB
  8
0
 10
27.63600185287755
 20
124.9418582502291
 30
0.0
  0
VERTEX
  5
10BBC
  8
0
 10
27.65252157180151
 20
124.945846805817
 30
0.0
  0
VERTEX
  5
10BBD
  8
0
 10
27.66910617561167
 20
124.9495539453167
 30
0.0
  0
VERTEX
  5
10BBE
  8
0
 10
27.68575206481
 20
124.9529788595029
 30
0.0
  0
VERTEX
  5
10BBF
  8
0
 10
27.7024556398985
 20
124.95612073915
 30
0.0
  0
VERTEX
  5
10BC0
  8
0
 10
27.71921330137916
 20
124.9589787750328
 30
0.0
  0
VERTEX
  5
10BC1
  8
0
 10
27.73602144975396
 20
124.9615521579258
 30
0.0
  0
VERTEX
  5
10BC2
  8
0
 10
27.7528764855249
 20
124.9638400786035
 30
0.0
  0
VERTEX
  5
10BC3
  8
0
 10
27.76977479070089
 20
124.9658417258092
 30
0.0
  0
VERTEX
  5
10BC4
  8
0
 10
27.78670401732531
 20
124.9675554798416
 30
0.0
  0
VERTEX
  5
10BC5
  8
0
 10
27.80365324065513
 20
124.9689804245057
 30
0.0
  0
VERTEX
  5
10BC6
  8
0
 10
27.82061877135105
 20
124.9701165624327
 30
0.0
  0
VERTEX
  5
10BC7
  8
0
 10
27.83759692007371
 20
124.970963896254
 30
0.0
  0
VERTEX
  5
10BC8
  8
0
 10
27.85458399748376
 20
124.9715224286007
 30
0.0
  0
VERTEX
  5
10BC9
  8
0
 10
27.87157631424188
 20
124.971792162104
 30
0.0
  0
VERTEX
  5
10BCA
  8
0
 10
27.88857018100872
 20
124.9717730993953
 30
0.0
  0
VERTEX
  5
10BCB
  8
0
 10
27.90556190844493
 20
124.9714652431058
 30
0.0
  0
VERTEX
  5
10BCC
  8
0
 10
27.92254780721119
 20
124.9708685958666
 30
0.0
  0
VERTEX
  5
10BCD
  8
0
 10
27.93952418796815
 20
124.9699831603091
 30
0.0
  0
VERTEX
  5
10BCE
  8
0
 10
27.95648736137645
 20
124.9688089390645
 30
0.0
  0
VERTEX
  5
10BCF
  8
0
 10
27.97343363809679
 20
124.967345934764
 30
0.0
  0
VERTEX
  5
10BD0
  8
0
 10
27.99035932878979
 20
124.9655941500388
 30
0.0
  0
SEQEND
  5
11856
  8
0
  0
POLYLINE
  5
162
  8
0
 66
     1
 10
0.0
 20
0.0
 30
0.0
  0
VERTEX
  5
10BD1
  8
0
 10
26.98285191651331
 20
124.4156723393533
 30
0.0
  0
VERTEX
  5
10BD2
  8
0
 10
26.88654369716546
 20
124.2216343670987
 30
0.0
  0
VERTEX
  5
10BD3
  8
0
 10
26.79056560351638
 20
124.0290557199868
 30
0.0
  0
VERTEX
  5
10BD4
  8
0
 10
26.69493539002121
 20
123.837953190332
 30
0.0
  0
VERTEX
  5
10BD5
  8
0
 10
26.59967343863026
 20
123.6483369331582
 30
0.0
  0
VERTEX
  5
10BD6
  8
0
 10
26.5048025591914
 20
123.4602105853604
 30
0.0
  0
VERTEX
  5
10BD7
  8
0
 10
26.41034777308456
 20
123.2735714042878
 30
0.0
  0
VERTEX
  5
10BD8
  8
0
 10
26.3163360968316
 20
123.0884104063542
 30
0.0
  0
VERTEX
  5
10BD9
  8
0
 10
26.22279632570635
 20
122.904712505649
 30
0.0
  0
VERTEX
  5
10BDA
  8
0
 10
26.12975881734454
 20
122.7224566525485
 30
0.0
  0
VERTEX
  5
10BDB
  8
0
 10
26.03725527535384
 20
122.5416159723263
 30
0.0
  0
VERTEX
  5
10BDC
  8
0
 10
25.94531853292371
 20
122.3621579037648
 30
0.0
  0
VERTEX
  5
10BDD
  8
0
 10
25.85398233643549
 20
122.1840443377653
 30
0.0
  0
VERTEX
  5
10BDE
  8
0
 10
25.76328112907229
 20
122.00723175596
 30
0.0
  0
VERTEX
  5
10BDF
  8
0
 10
25.67324983320819
 20
121.8316713730798
 30
0.0
  0
VERTEX
  5
10BE0
  8
0
 10
25.58392360335743
 20
121.6573093699433
 30
0.0
  0
VERTEX
  5
10BE1
  8
0
 10
25.49533750785622
 20
121.4840873458138
 30
0.0
  0
VERTEX
  5
10BE2
  8
0
 10
25.40752618377686
 20
121.3119428531518
 30
0.0
  0
VERTEX
  5
10BE3
  8
0
 10
25.3205234908886
 20
121.140809935301
 30
0.0
  0
VERTEX
  5
10BE4
  8
0
 10
25.23436216561842
 20
120.9706196641741
 30
0.0
  0
VERTEX
  5
10BE5
  8
0
 10
25.14907347501195
 20
120.8013006779388
 30
0.0
  0
VERTEX
  5
10BE6
  8
0
 10
25.06468687069431
 20
120.6327797187046
 30
0.0
  0
VERTEX
  5
10BE7
  8
0
 10
24.98122964283089
 20
120.4649821702081
 30
0.0
  0
VERTEX
  5
10BE8
  8
0
 10
24.89872657408829
 20
120.2978325954993
 30
0.0
  0
VERTEX
  5
10BE9
  8
0
 10
24.81719959359512
 20
120.131255274628
 30
0.0
  0
VERTEX
  5
10BEA
  8
0
 10
24.73666743096591
 20
119.9651747422603
 30
0.0
  0
VERTEX
  5
10BEB
  8
0
 10
24.65714529781491
 20
119.7995162951461
 30
0.0
  0
VERTEX
  5
10BEC
  8
0
 10
24.57864480366463
 20
119.6342062425133
 30
0.0
  0
VERTEX
  5
10BED
  8
0
 10
24.50117414327119
 20
119.4691718587849
 30
0.0
  0
VERTEX
  5
10BEE
  8
0
 10
24.42473832959099
 20
119.3043412862387
 30
0.0
  0
VERTEX
  5
10BEF
  8
0
 10
24.34933942706439
 20
119.1396434373192
 30
0.0
  0
VERTEX
  5
10BF0
  8
0
 10
24.27497678489938
 20
118.9750078969499
 30
0.0
  0
VERTEX
  5
10BF1
  8
0
 10
24.20164727035525
 20
118.8103648248456
 30
0.0
  0
VERTEX
  5
10BF2
  8
0
 10
24.12934550202626
 20
118.645644857824
 30
0.0
  0
VERTEX
  5
10BF3
  8
0
 10
24.05806408312535
 20
118.4807790121184
 30
0.0
  0
VERTEX
  5
10BF4
  8
0
 10
23.98779383476771
 20
118.3156985856892
 30
0.0
  0
VERTEX
  5
10BF5
  8
0
 10
23.91852402925459
 20
118.1503350605365
 30
0.0
  0
VERTEX
  5
10BF6
  8
0
 10
23.85024262273082
 20
117.984620005688
 30
0.0
  0
VERTEX
  5
10BF7
  8
0
 10
23.78293645732508
 20
117.8184850131468
 30
0.0
  0
VERTEX
  5
10BF8
  8
0
 10
23.71659135200368
 20
117.6518617540299
 30
0.0
  0
VERTEX
  5
10BF9
  8
0
 10
23.65119213119612
 20
117.484682101915
 30
0.0
  0
VERTEX
  5
10BFA
  8
0
 10
23.5867226493617
 20
117.3168782605696
 30
0.0
  0
VERTEX
  5
10BFB
  8
0
 10
23.52316581555575
 20
117.1483828916827
 30
0.0
  0
VERTEX
  5
10BFC
  8
0
 10
23.46050361799581
 20
116.9791292425941
 30
0.0
  0
VERTEX
  5
10BFD
  8
0
 10
23.39871714862785
 20
116.8090512740257
 30
0.0
  0
VERTEX
  5
10BFE
  8
0
 10
23.3377866276925
 20
116.6380837878115
 30
0.0
  0
VERTEX
  5
10BFF
  8
0
 10
23.27769142829122
 20
116.4661625546284
 30
0.0
  0
VERTEX
  5
10C00
  8
0
 10
23.21841010095258
 20
116.2932244417262
 30
0.0
  0
VERTEX
  5
10C01
  8
0
 10
23.15992039819871
 20
116.1192075406582
 30
0.0
  0
VERTEX
  5
10C02
  8
0
 10
23.10219930108436
 20
115.9440512930288
 30
0.0
  0
VERTEX
  5
10C03
  8
0
 10
23.04522307399533
 20
115.7676965878391
 30
0.0
  0
VERTEX
  5
10C04
  8
0
 10
22.98896736763069
 20
115.5900858104065
 30
0.0
  0
VERTEX
  5
10C05
  8
0
 10
22.9334073345368
 20
115.4111628786686
 30
0.0
  0
VERTEX
  5
10C06
  8
0
 10
22.87851774487451
 20
115.2308732792526
 30
0.0
  0
VERTEX
  5
10C07
  8
0
 10
22.82427310218653
 20
115.0491641035457
 30
0.0
  0
VERTEX
  5
10C08
  8
0
 10
22.77064775916465
 20
114.8659840837641
 30
0.0
  0
VERTEX
  5
10C09
  8
0
 10
22.71761603341701
 20
114.6812836290232
 30
0.0
  0
VERTEX
  5
10C0A
  8
0
 10
22.66515232323543
 20
114.4950148614069
 30
0.0
  0
VERTEX
  5
10C0B
  8
0
 10
22.61323122336261
 20
114.3071316520374
 30
0.0
  0
VERTEX
  5
10C0C
  8
0
 10
22.56182764075947
 20
114.1175896571451
 30
0.0
  0
VERTEX
  5
10C0D
  8
0
 10
22.51091691033955
 20
113.9263463541583
 30
0.0
  0
VERTEX
  5
10C0E
  8
0
 10
22.46047490659501
 20
113.7333610803339
 30
0.0
  0
VERTEX
  5
10C0F
  8
0
 10
22.41047813210313
 20
113.538595085686
 30
0.0
  0
VERTEX
  5
10C10
  8
0
 10
22.36090378698093
 20
113.3420115976946
 30
0.0
  0
VERTEX
  5
10C11
  8
0
 10
22.31172983623581
 20
113.1435758873178
 30
0.0
  0
VERTEX
  5
10C12
  8
0
 10
22.26293507711235
 20
112.9432553350041
 30
0.0
  0
VERTEX
  5
10C13
  8
0
 10
22.21449920643911
 20
112.7410194967065
 30
0.0
  0
VERTEX
  5
10C14
  8
0
 10
22.16640288797545
 20
112.5368401698954
 30
0.0
  0
VERTEX
  5
10C15
  8
0
 10
22.11862781975829
 20
112.3306914595722
 30
0.0
  0
VERTEX
  5
10C16
  8
0
 10
22.07115680144893
 20
112.1225498442824
 30
0.0
  0
VERTEX
  5
10C17
  8
0
 10
22.02397380167981
 20
111.9123942421292
 30
0.0
  0
VERTEX
  5
10C18
  8
0
 10
21.97706402540139
 20
111.7002060767867
 30
0.0
  0
VERTEX
  5
10C19
  8
0
 10
21.93041398040542
 20
111.4859693423741
 30
0.0
  0
VERTEX
  5
10C1A
  8
0
 10
21.88401152249306
 20
111.2696706387916
 30
0.0
  0
VERTEX
  5
10C1B
  8
0
 10
21.83784584651742
 20
111.0512991321883
 30
0.0
  0
VERTEX
  5
10C1C
  8
0
 10
21.79190745613721
 20
110.8308464859837
 30
0.0
  0
VERTEX
  5
10C1D
  8
0
 10
21.74618813275353
 20
110.608306790759
 30
0.0
  0
VERTEX
  5
10C1E
  8
0
 10
21.70068090444681
 20
110.3836764941489
 30
0.0
  0
VERTEX
  5
10C1F
  8
0
 10
21.65538001491363
 20
110.1569543307327
 30
0.0
  0
VERTEX
  5
10C20
  8
0
 10
21.61028089240357
 20
109.928141251926
 30
0.0
  0
VERTEX
  5
10C21
  8
0
 10
21.56538011865608
 20
109.6972403558722
 30
0.0
  0
VERTEX
  5
10C22
  8
0
 10
21.52067539783733
 20
109.4642568173339
 30
0.0
  0
VERTEX
  5
10C23
  8
0
 10
21.47616552547706
 20
109.2291978175843
 30
0.0
  0
VERTEX
  5
10C24
  8
0
 10
21.43185035740559
 20
108.9920724743003
 30
0.0
  0
VERTEX
  5
10C25
  8
0
 10
21.3877307787686
 20
108.7528917721847
 30
0.0
  0
VERTEX
  5
10C26
  8
0
 10
21.34380867374296
 20
108.5116685001714
 30
0.0
  0
VERTEX
  5
10C27
  8
0
 10
21.3000868961012
 20
108.268417196594
 30
0.0
  0
VERTEX
  5
10C28
  8
0
 10
21.25656923992601
 20
108.0231540957649
 30
0.0
  0
VERTEX
  5
10C29
  8
0
 10
21.21326041032605
 20
107.775897074566
 30
0.0
  0
VERTEX
  5
10C2A
  8
0
 10
21.17016599415173
 20
107.5266655990386
 30
0.0
  0
VERTEX
  5
10C2B
  8
0
 10
21.12729243071094
 20
107.2754806709737
 30
0.0
  0
VERTEX
  5
10C2C
  8
0
 10
21.08464698248489
 20
107.0223647745026
 30
0.0
  0
VERTEX
  5
10C2D
  8
0
 10
21.04223770584381
 20
106.7673418226873
 30
0.0
  0
VERTEX
  5
10C2E
  8
0
 10
21.00007342176277
 20
106.5104371041102
 30
0.0
  0
VERTEX
  5
10C2F
  8
0
 10
20.95816368653745
 20
106.2516772294651
 30
0.0
  0
VERTEX
  5
10C30
  8
0
 10
20.91651876249917
 20
105.9910900781299
 30
0.0
  0
VERTEX
  5
10C31
  8
0
 10
20.87514958869111
 20
105.7287047438215
 30
0.0
  0
VERTEX
  5
10C32
  8
0
 10
20.8340677513958
 20
105.4645514767353
 30
0.0
  0
VERTEX
  5
10C33
  8
0
 10
20.79328545457578
 20
105.1986616236302
 30
0.0
  0
VERTEX
  5
10C34
  8
0
 10
20.75281549030811
 20
104.9310675677705
 30
0.0
  0
VERTEX
  5
10C35
  8
0
 10
20.71267120921899
 20
104.6618026688677
 30
0.0
  0
VERTEX
  5
10C36
  8
0
 10
20.67286649091832
 20
104.3909012030224
 30
0.0
  0
VERTEX
  5
10C37
  8
0
 10
20.63341571443419
 20
104.1183983026662
 30
0.0
  0
VERTEX
  5
10C38
  8
0
 10
20.59433372864757
 20
103.8443298965037
 30
0.0
  0
VERTEX
  5
10C39
  8
0
 10
20.55563582272677
 20
103.5687326494542
 30
0.0
  0
VERTEX
  5
10C3A
  8
0
 10
20.51733769656203
 20
103.2916439025935
 30
0.0
  0
VERTEX
  5
10C3B
  8
0
 10
20.47945543120014
 20
103.0131016130964
 30
0.0
  0
VERTEX
  5
10C3C
  8
0
 10
20.4420054592815
 20
102.7331442942345
 30
0.0
  0
VERTEX
  5
10C3D
  8
0
 10
20.40500453551636
 20
102.4518109562416
 30
0.0
  0
VERTEX
  5
10C3E
  8
0
 10
20.36846970723065
 20
102.1691410487228
 30
0.0
  0
VERTEX
  5
10C3F
  8
0
 10
20.33241828493092
 20
101.8851744034855
 30
0.0
  0
VERTEX
  5
10C40
  8
0
 10
20.29686781286964
 20
101.59995117738
 30
0.0
  0
VERTEX
  5
10C41
  8
0
 10
20.26183603961045
 20
101.313511795139
 30
0.0
  0
VERTEX
  5
10C42
  8
0
 10
20.22734088859352
 20
101.0258968922174
 30
0.0
  0
VERTEX
  5
10C43
  8
0
 10
20.1934004287008
 20
100.7371472576329
 30
0.0
  0
VERTEX
  5
10C44
  8
0
 10
20.16003284482133
 20
100.4473037768051
 30
0.0
  0
VERTEX
  5
10C45
  8
0
 10
20.12725640841654
 20
100.1564073743964
 30
0.0
  0
VERTEX
  5
10C46
  8
0
 10
20.09508944808555
 20
99.86449895715118
 30
0.0
  0
VERTEX
  5
10C47
  8
0
 10
20.06355032013041
 20
99.57161935673533
 30
0.0
  0
VERTEX
  5
10C48
  8
0
 10
20.03265737911743
 20
99.27780927247633
 30
0.0
  0
VERTEX
  5
10C49
  8
0
 10
20.00242894841454
 20
98.98310921351526
 30
0.0
  0
VERTEX
  5
10C4A
  8
0
 10
19.97288329070843
 20
98.68755944045232
 30
0.0
  0
VERTEX
  5
10C4B
  8
0
 10
19.94403857851907
 20
98.39119990693361
 30
0.0
  0
VERTEX
  5
10C4C
  8
0
 10
19.91591286471435
 20
98.09407020123722
 30
0.0
  0
VERTEX
  5
10C4D
  8
0
 10
19.88852405302473
 20
97.79620948785987
 30
0.0
  0
VERTEX
  5
10C4E
  8
0
 10
19.86188986855779
 20
97.49765644910323
 30
0.0
  0
VERTEX
  5
10C4F
  8
0
 10
19.83602782831287
 20
97.19844922666024
 30
0.0
  0
VERTEX
  5
10C50
  8
0
 10
19.81095521169569
 20
96.89862536320162
 30
0.0
  0
VERTEX
  5
10C51
  8
0
 10
19.78668903103295
 20
96.59822174396211
 30
0.0
  0
VERTEX
  5
10C52
  8
0
 10
19.76324600208693
 20
96.29727453832707
 30
0.0
  0
VERTEX
  5
10C53
  8
0
 10
19.74064251457015
 20
95.99581914142261
 30
0.0
  0
VERTEX
  5
10C54
  8
0
 10
19.71889460266097
 20
95.69389011581457
 30
0.0
  0
VERTEX
  5
10C55
  8
0
 10
19.69801791552164
 20
95.39152113349621
 30
0.0
  0
VERTEX
  5
10C56
  8
0
 10
19.67802768781742
 20
95.08874491799435
 30
0.0
  0
VERTEX
  5
10C57
  8
0
 10
19.65893871023575
 20
94.78559318648078
 30
0.0
  0
VERTEX
  5
10C58
  8
0
 10
19.64076530000539
 20
94.48209659188343
 30
0.0
  0
VERTEX
  5
10C59
  8
0
 10
19.62352127141557
 20
94.17828466499768
 30
0.0
  0
VERTEX
  5
10C5A
  8
0
 10
19.60721990633516
 20
93.87418575659748
 30
0.0
  0
VERTEX
  5
10C5B
  8
0
 10
19.5918739247318
 20
93.5698269795468
 30
0.0
  0
VERTEX
  5
10C5C
  8
0
 10
19.57749545519108
 20
93.2652341509107
 30
0.0
  0
VERTEX
  5
10C5D
  8
0
 10
19.56409600543566
 20
92.9604317340667
 30
0.0
  0
VERTEX
  5
10C5E
  8
0
 10
19.55168643284447
 20
92.65544278081593
 30
0.0
  0
VERTEX
  5
10C5F
  8
0
 10
19.54027691496999
 20
92.35028887347866
 30
0.0
  0
VERTEX
  5
10C60
  8
0
 10
19.5298769200385
 20
92.0449900668399
 30
0.0
  0
VERTEX
  5
10C61
  8
0
 10
19.52049517742845
 20
91.73956482990526
 30
0.0
  0
SEQEND
  5
11857
  8
0
  0
LINE
  5
163
  8
0
 10
19.52049517742845
 20
91.73956482990525
 30
0.0
 11
19.48279315618529
 21
89.2220529703536
 31
0.0
  0
POLYLINE
  5
164
  8
0
 66
     1
 10
0.0
 20
0.0
 30
0.0
  0
VERTEX
  5
10C62
  8
0
 10
-18.83221578168103
 20
22.05964350237346
 30
0.0
  0
VERTEX
  5
10C63
  8
0
 10
-18.75598812706696
 20
22.09926599676529
 30
0.0
  0
VERTEX
  5
10C64
  8
0
 10
-18.66605024995744
 20
22.13681276174141
 30
0.0
  0
VERTEX
  5
10C65
  8
0
 10
-18.56333866028683
 20
22.17257837166483
 30
0.0
  0
VERTEX
  5
10C66
  8
0
 10
-18.44888604418718
 20
22.20688467459802
 30
0.0
  0
VERTEX
  5
10C67
  8
0
 10
-18.32381579818245
 20
22.24007905823504
 30
0.0
  0
VERTEX
  5
10C68
  8
0
 10
-18.18933079384969
 20
22.2725309900657
 30
0.0
  0
VERTEX
  5
10C69
  8
0
 10
-18.04670105103827
 20
22.30462823107037
 30
0.0
  0
VERTEX
  5
10C6A
  8
0
 10
-17.89725140091077
 20
22.33677304637023
 30
0.0
  0
VERTEX
  5
10C6B
  8
0
 10
-17.74234914898367
 20
22.36937841587749
 30
0.0
  0
VERTEX
  5
10C6C
  8
0
 10
-17.58339173816815
 20
22.40286424494564
 30
0.0
  0
VERTEX
  5
10C6D
  8
0
 10
-17.42179441181091
 20
22.43765357501972
 30
0.0
  0
VERTEX
  5
10C6E
  8
0
 10
-17.25897787656815
 20
22.47416879422584
 30
0.0
  0
VERTEX
  5
10C6F
  8
0
 10
-17.09635589899426
 20
22.51282782384757
 30
0.0
  0
VERTEX
  5
10C70
  8
0
 10
-16.93532235129708
 20
22.55404010442015
 30
0.0
  0
VERTEX
  5
10C71
  8
0
 10
-16.77723763203111
 20
22.59820235443997
 30
0.0
  0
VERTEX
  5
10C72
  8
0
 10
-16.62341498417429
 20
22.64569429174423
 30
0.0
  0
VERTEX
  5
10C73
  8
0
 10
-16.47510681253611
 20
22.69687435464725
 30
0.0
  0
VERTEX
  5
10C74
  8
0
 10
-16.33349100116546
 20
22.75207542307686
 30
0.0
  0
VERTEX
  5
10C75
  8
0
 10
-16.19965723075871
 20
22.81160053971073
 30
0.0
  0
VERTEX
  5
10C76
  8
0
 10
-16.07459329606764
 20
22.8757186311127
 30
0.0
  0
VERTEX
  5
10C77
  8
0
 10
-15.95917142667536
 20
22.94466022996169
 30
0.0
  0
VERTEX
  5
10C78
  8
0
 10
-15.85413542336183
 20
23.01861346184939
 30
0.0
  0
VERTEX
  5
10C79
  8
0
 10
-15.76009362380784
 20
23.09772192305546
 30
0.0
  0
VERTEX
  5
10C7A
  8
0
 10
-15.67751773126077
 20
23.1820844602071
 30
0.0
  0
VERTEX
  5
10C7B
  8
0
 10
-15.60674247516491
 20
23.27175521981942
 30
0.0
  0
VERTEX
  5
10C7C
  8
0
 10
-15.54796527537824
 20
23.36674369899917
 30
0.0
  0
VERTEX
  5
10C7D
  8
0
 10
-15.50124590638908
 20
23.46701479614848
 30
0.0
  0
VERTEX
  5
10C7E
  8
0
 10
-15.46650616153279
 20
23.57248886166857
 30
0.0
  0
VERTEX
  5
10C7F
  8
0
 10
-15.44352951720843
 20
23.6830417486635
 30
0.0
  0
VERTEX
  5
10C80
  8
0
 10
-15.43196080339931
 20
23.79850486566408
 30
0.0
  0
VERTEX
  5
10C81
  8
0
 10
-15.43130687753391
 20
23.91866555089316
 30
0.0
  0
VERTEX
  5
10C82
  8
0
 10
-15.44094349438048
 20
24.04326943217908
 30
0.0
  0
VERTEX
  5
10C83
  8
0
 10
-15.4601276994029
 20
24.1720245569776
 30
0.0
  0
VERTEX
  5
10C84
  8
0
 10
-15.48801089655391
 20
24.30460573853123
 30
0.0
  0
VERTEX
  5
10C85
  8
0
 10
-15.52365191785425
 20
24.44065890260088
 30
0.0
  0
VERTEX
  5
10C86
  8
0
 10
-15.56603009297171
 20
24.57980543419762
 30
0.0
  0
VERTEX
  5
10C87
  8
0
 10
-15.61405831880029
 20
24.72164652431434
 30
0.0
  0
VERTEX
  5
10C88
  8
0
 10
-15.66659612903922
 20
24.86576751665746
 30
0.0
  0
VERTEX
  5
10C89
  8
0
 10
-15.72246276227888
 20
25.01174225393349
 30
0.0
  0
VERTEX
  5
10C8A
  8
0
 10
-15.78045006473344
 20
25.15913737485201
 30
0.0
  0
VERTEX
  5
10C8B
  8
0
 10
-15.83933450713558
 20
25.30751634710341
 30
0.0
  0
VERTEX
  5
10C8C
  8
0
 10
-15.89788850186263
 20
25.45644329176977
 30
0.0
  0
VERTEX
  5
10C8D
  8
0
 10
-15.95489164690576
 20
25.60548678593126
 30
0.0
  0
VERTEX
  5
10C8E
  8
0
 10
-16.0091419697318
 20
25.75422366524041
 30
0.0
  0
VERTEX
  5
10C8F
  8
0
 10
-16.05946717114493
 20
25.90224282649654
 30
0.0
  0
VERTEX
  5
10C90
  8
0
 10
-16.10473586914844
 20
26.04914903022
 30
0.0
  0
VERTEX
  5
10C91
  8
0
 10
-16.14386884280647
 20
26.19456670322655
 30
0.0
  0
VERTEX
  5
10C92
  8
0
 10
-16.17585026135758
 20
26.33814373612152
 30
0.0
  0
VERTEX
  5
10C93
  8
0
 10
-16.19973772646519
 20
26.47955487196755
 30
0.0
  0
VERTEX
  5
10C94
  8
0
 10
-16.21466677879644
 20
26.61850318813674
 30
0.0
  0
VERTEX
  5
10C95
  8
0
 10
-16.21985153134291
 20
26.75472024398156
 30
0.0
  0
VERTEX
  5
10C96
  8
0
 10
-16.2145849579584
 20
26.88796610974211
 30
0.0
  0
VERTEX
  5
10C97
  8
0
 10
-16.1982391816537
 20
27.0180293953695
 30
0.0
  0
VERTEX
  5
10C98
  8
0
 10
-16.17026576289128
 20
27.14472727934925
 30
0.0
  0
VERTEX
  5
10C99
  8
0
 10
-16.13019598788009
 20
27.2679055375248
 30
0.0
  0
VERTEX
  5
10C9A
  8
0
 10
-16.07764115687034
 20
27.38743857192097
 30
0.0
  0
VERTEX
  5
10C9B
  8
0
 10
-16.0122928623562
 20
27.50322943614374
 30
0.0
  0
VERTEX
  5
10C9C
  8
0
 10
-15.93392265654698
 20
27.61520965359794
 30
0.0
  0
VERTEX
  5
10C9D
  8
0
 10
-15.84237923112392
 20
27.72333819178196
 30
0.0
  0
VERTEX
  5
10C9E
  8
0
 10
-15.73758405628226
 20
27.82759991391632
 30
0.0
  0
VERTEX
  5
10C9F
  8
0
 10
-15.61952690370619
 20
27.92800399119808
 30
0.0
  0
VERTEX
  5
10CA0
  8
0
 10
-15.48826136951244
 20
28.02458231504454
 30
0.0
  0
VERTEX
  5
10CA1
  8
0
 10
-15.34390039719388
 20
28.11738790933698
 30
0.0
  0
VERTEX
  5
10CA2
  8
0
 10
-15.18661180056307
 20
28.20649334266439
 30
0.0
  0
VERTEX
  5
10CA3
  8
0
 10
-15.01661378669587
 20
28.29198914056726
 30
0.0
  0
VERTEX
  5
10CA4
  8
0
 10
-14.83417048494605
 20
28.37398219985768
 30
0.0
  0
VERTEX
  5
10CA5
  8
0
 10
-14.6395877598298
 20
28.45259430003031
 30
0.0
  0
VERTEX
  5
10CA6
  8
0
 10
-14.43321003645664
 20
28.52796096098986
 30
0.0
  0
VERTEX
  5
10CA7
  8
0
 10
-14.21541768055543
 20
28.60023049046427
 30
0.0
  0
VERTEX
  5
10CA8
  8
0
 10
-13.9866244136188
 20
28.66956304342921
 30
0.0
  0
VERTEX
  5
10CA9
  8
0
 10
-13.74727472805003
 20
28.73612968153351
 30
0.0
  0
VERTEX
  5
10CAA
  8
0
 10
-13.49784130231009
 20
28.80011143252448
 30
0.0
  0
VERTEX
  5
10CAB
  8
0
 10
-13.23882241606446
 20
28.86169834967344
 30
0.0
  0
VERTEX
  5
10CAC
  8
0
 10
-12.97073936533015
 20
28.92108857120097
 30
0.0
  0
VERTEX
  5
10CAD
  8
0
 10
-12.69413387125749
 20
28.97848737746076
 30
0.0
  0
VERTEX
  5
10CAE
  8
0
 10
-12.40956525391185
 20
29.03410616536185
 30
0.0
  0
VERTEX
  5
10CAF
  8
0
 10
-12.1176068703517
 20
29.08816116369361
 30
0.0
  0
VERTEX
  5
10CB0
  8
0
 10
-11.81884219670703
 20
29.14087202307601
 30
0.0
  0
VERTEX
  5
10CB1
  8
0
 10
-11.51386089145357
 20
29.19246039928755
 30
0.0
  0
VERTEX
  5
10CB2
  8
0
 10
-11.20325485868698
 20
29.24314853659319
 30
0.0
  0
VERTEX
  5
10CB3
  8
0
 10
-10.887614311397
 20
29.29315785107224
 30
0.0
  0
VERTEX
  5
10CB4
  8
0
 10
-10.56752383474156
 20
29.3427075139462
 30
0.0
  0
VERTEX
  5
10CB5
  8
0
 10
-10.24355844932095
 20
29.39201303490671
 30
0.0
  0
VERTEX
  5
10CB6
  8
0
 10
-9.916279694885267
 20
29.44128485288143
 30
0.0
  0
VERTEX
  5
10CB7
  8
0
 10
-9.586232320253847
 20
29.49072714746917
 30
0.0
  0
VERTEX
  5
10CB8
  8
0
 10
-9.25394264216475
 20
29.54053725788797
 30
0.0
  0
VERTEX
  5
10CB9
  8
0
 10
-8.91991761672745
 20
29.59090536132029
 30
0.0
  0
VERTEX
  5
10CBA
  8
0
 10
-8.584643941993024
 20
29.64201416258525
 30
0.0
  0
VERTEX
  5
10CBB
  8
0
 10
-8.248587160524394
 20
29.69403858381108
 30
0.0
  0
VERTEX
  5
10CBC
  8
0
 10
-7.912190761966531
 20
29.74714545410744
 30
0.0
  0
VERTEX
  5
10CBD
  8
0
 10
-7.57587528561668
 20
29.80149319923777
 30
0.0
  0
VERTEX
  5
10CBE
  8
0
 10
-7.240037422994554
 20
29.8572315312916
 30
0.0
  0
VERTEX
  5
10CBF
  8
0
 10
-6.905049137783668
 20
29.91450114477049
 30
0.0
  0
VERTEX
  5
10CC0
  8
0
 10
-6.571257205811643
 20
29.97343356775426
 30
0.0
  0
VERTEX
  5
10CC1
  8
0
 10
-6.2389837736082
 20
30.03415138913137
 30
0.0
  0
VERTEX
  5
10CC2
  8
0
 10
-5.908527300205161
 20
30.09676862732407
 30
0.0
  0
VERTEX
  5
10CC3
  8
0
 10
-5.580163512622819
 20
30.16139110406656
 30
0.0
  0
VERTEX
  5
10CC4
  8
0
 10
-5.254146361356305
 20
30.22811681818335
 30
0.0
  0
VERTEX
  5
10CC5
  8
0
 10
-4.930708975861962
 20
30.29703631936737
 30
0.0
  0
VERTEX
  5
10CC6
  8
0
 10
-4.610064620043706
 20
30.36823308195829
 30
0.0
  0
VERTEX
  5
10CC7
  8
0
 10
-4.292407647739373
 20
30.44178387872073
 30
0.0
  0
VERTEX
  5
10CC8
  8
0
 10
-3.977914451391116
 20
30.51775915208386
 30
0.0
  0
VERTEX
  5
10CC9
  8
0
 10
-3.666744274840248
 20
30.59622333477451
 30
0.0
  0
VERTEX
  5
10CCA
  8
0
 10
-3.35903973548434
 20
30.67723506220275
 30
0.0
  0
VERTEX
  5
10CCB
  8
0
 10
-3.054927250224766
 20
30.76084734901449
 30
0.0
  0
VERTEX
  5
10CCC
  8
0
 10
-2.754517458641637
 20
30.84710776461131
 30
0.0
  0
VERTEX
  5
10CCD
  8
0
 10
-2.45790564616874
 20
30.93605860867043
 30
0.0
  0
VERTEX
  5
10CCE
  8
0
 10
-2.165172167268484
 20
31.02773708666459
 30
0.0
  0
VERTEX
  5
10CCF
  8
0
 10
-1.876382868606824
 20
31.12217548538198
 30
0.0
  0
VERTEX
  5
10CD0
  8
0
 10
-1.591589512228386
 20
31.21940134844617
 30
0.0
  0
VERTEX
  5
10CD1
  8
0
 10
-1.310830202624682
 20
31.31943765333198
 30
0.0
  0
VERTEX
  5
10CD2
  8
0
 10
-1.034129878389364
 20
31.42230301319794
 30
0.0
  0
VERTEX
  5
10CD3
  8
0
 10
-0.7615009258859059
 20
31.52801192560028
 30
0.0
  0
VERTEX
  5
10CD4
  8
0
 10
-0.4929438283848392
 20
31.63657503483552
 30
0.0
  0
VERTEX
  5
10CD5
  8
0
 10
-0.2284478160123246
 20
31.7479993945949
 30
0.0
  0
VERTEX
  5
10CD6
  8
0
 10
0.0320084843012763
 20
31.86228873061868
 30
0.0
  0
VERTEX
  5
10CD7
  8
0
 10
0.2884563988728261
 20
31.9794437033506
 30
0.0
  0
VERTEX
  5
10CD8
  8
0
 10
0.5409365573178407
 20
32.09946217059218
 30
0.0
  0
VERTEX
  5
10CD9
  8
0
 10
0.7894982426024508
 20
32.22233945015689
 30
0.0
  0
VERTEX
  5
10CDA
  8
0
 10
1.034198743823014
 20
32.34806858134636
 30
0.0
  0
VERTEX
  5
10CDB
  8
0
 10
1.275102746946331
 20
32.47664057003217
 30
0.0
  0
VERTEX
  5
10CDC
  8
0
 10
1.51228178895337
 20
32.60804460635561
 30
0.0
  0
VERTEX
  5
10CDD
  8
0
 10
1.745813728134062
 20
32.74226827545203
 30
0.0
  0
VERTEX
  5
10CDE
  8
0
 10
1.975782214669401
 20
32.87929776805117
 30
0.0
  0
VERTEX
  5
10CDF
  8
0
 10
2.202276161213546
 20
33.0191180910774
 30
0.0
  0
VERTEX
  5
10CE0
  8
0
 10
2.425389213475923
 20
33.16171327825013
 30
0.0
  0
VERTEX
  5
10CE1
  8
0
 10
2.645219220803324
 20
33.30706660068412
 30
0.0
  0
VERTEX
  5
10CE2
  8
0
 10
2.8618677067602
 20
33.45516077749065
 30
0.0
  0
VERTEX
  5
10CE3
  8
0
 10
3.075439336453071
 20
33.6059781881531
 30
0.0
  0
VERTEX
  5
10CE4
  8
0
 10
3.286041345576996
 20
33.7595011057593
 30
0.0
  0
VERTEX
  5
10CE5
  8
0
 10
3.493782912883895
 20
33.91571196106298
 30
0.0
  0
VERTEX
  5
10CE6
  8
0
 10
3.698774520054156
 20
34.07459361340858
 30
0.0
  0
VERTEX
  5
10CE7
  8
0
 10
3.901127311398372
 20
34.23612962174901
 30
0.0
  0
VERTEX
  5
10CE8
  8
0
 10
4.10095245355908
 20
34.40030451566312
 30
0.0
  0
VERTEX
  5
10CE9
  8
0
 10
4.298360495212483
 20
34.56710406637338
 30
0.0
  0
VERTEX
  5
10CEA
  8
0
 10
4.4934607267702
 20
34.73651555776343
 30
0.0
  0
VERTEX
  5
10CEB
  8
0
 10
4.68636054010808
 20
34.90852805737845
 30
0.0
  0
VERTEX
  5
10CEC
  8
0
 10
4.877164810502776
 20
35.08313267335929
 30
0.0
  0
VERTEX
  5
10CED
  8
0
 10
5.065975500514003
 20
35.26032267079525
 30
0.0
  0
VERTEX
  5
10CEE
  8
0
 10
5.252891554390608
 20
35.44009340405844
 30
0.0
  0
VERTEX
  5
10CEF
  8
0
 10
5.438008848841829
 20
35.62244221343624
 30
0.0
  0
VERTEX
  5
10CF0
  8
0
 10
5.621420144366687
 20
35.80736832141013
 30
0.0
  0
VERTEX
  5
10CF1
  8
0
 10
5.803215036583384
 20
35.99487272893462
 30
0.0
  0
VERTEX
  5
10CF2
  8
0
 10
5.983479907558676
 20
36.18495811171614
 30
0.0
  0
VERTEX
  5
10CF3
  8
0
 10
6.162297877137278
 20
36.37762871649202
 30
0.0
  0
VERTEX
  5
10CF4
  8
0
 10
6.339748754281982
 20
36.57289025730214
 30
0.0
  0
VERTEX
  5
10CF5
  8
0
 10
6.51590899312898
 20
36.77074980864383
 30
0.0
  0
VERTEX
  5
10CF6
  8
0
 10
6.690851689330973
 20
36.97121567199348
 30
0.0
  0
VERTEX
  5
10CF7
  8
0
 10
6.864646623127108
 20
37.17429721143885
 30
0.0
  0
VERTEX
  5
10CF8
  8
0
 10
7.03736031028553
 20
37.38000468410667
 30
0.0
  0
VERTEX
  5
10CF9
  8
0
 10
7.209056053100944
 20
37.58834907055424
 30
0.0
  0
VERTEX
  5
10CFA
  8
0
 10
7.379793991392138
 20
37.79934190516084
 30
0.0
  0
VERTEX
  5
10CFB
  8
0
 10
7.549631153499518
 20
38.0129951065191
 30
0.0
  0
VERTEX
  5
10CFC
  8
0
 10
7.718621507282643
 20
38.2293208078266
 30
0.0
  0
VERTEX
  5
10CFD
  8
0
 10
7.886816011110091
 20
38.44833118728228
 30
0.0
  0
VERTEX
  5
10CFE
  8
0
 10
8.054262662830753
 20
38.67003829980931
 30
0.0
  0
VERTEX
  5
10CFF
  8
0
 10
8.221006533923946
 20
38.89445391851737
 30
0.0
  0
VERTEX
  5
10D00
  8
0
 10
8.387089788413975
 20
39.12158938617607
 30
0.0
  0
VERTEX
  5
10D01
  8
0
 10
8.55255169956425
 20
39.35145546814774
 30
0.0
  0
VERTEX
  5
10D02
  8
0
 10
8.71742866656104
 20
39.58406220532692
 30
0.0
  0
VERTEX
  5
10D03
  8
0
 10
8.881754231197235
 20
39.81941876707983
 30
0.0
  0
VERTEX
  5
10D04
  8
0
 10
9.04555909455609
 20
40.05753330418388
 30
0.0
  0
VERTEX
  5
10D05
  8
0
 10
9.208871133694986
 20
40.29841280176714
 30
0.0
  0
VERTEX
  5
10D06
  8
0
 10
9.37171541833521
 20
40.54206293224397
 30
0.0
  0
VERTEX
  5
10D07
  8
0
 10
9.534114228580295
 20
40.78848790758034
 30
0.0
  0
VERTEX
  5
10D08
  8
0
 10
9.696087079154482
 20
41.03769032731129
 30
0.0
  0
VERTEX
  5
10D09
  8
0
 10
9.857650749581838
 20
41.28967102268756
 30
0.0
  0
VERTEX
  5
10D0A
  8
0
 10
10.01881931511103
 20
41.54442890033662
 30
0.0
  0
VERTEX
  5
10D0B
  8
0
 10
10.17960417764229
 20
41.80196078592218
 30
0.0
  0
VERTEX
  5
10D0C
  8
0
 10
10.34001409665428
 20
42.06226126780373
 30
0.0
  0
VERTEX
  5
10D0D
  8
0
 10
10.50005522013112
 20
42.32532254069605
 30
0.0
  0
VERTEX
  5
10D0E
  8
0
 10
10.65973111548926
 20
42.59113424932876
 30
0.0
  0
VERTEX
  5
10D0F
  8
0
 10
10.81904280049958
 20
42.85968333210814
 30
0.0
  0
VERTEX
  5
10D10
  8
0
 10
10.97798877363497
 20
43.13095386504855
 30
0.0
  0
VERTEX
  5
10D11
  8
0
 10
11.13656504126115
 20
43.40492690718499
 30
0.0
  0
VERTEX
  5
10D12
  8
0
 10
11.29476514227851
 20
43.68158034718191
 30
0.0
  0
VERTEX
  5
10D13
  8
0
 10
11.4525801724898
 20
43.96088875007055
 30
0.0
  0
VERTEX
  5
10D14
  8
0
 10
11.6099988089674
 20
44.24282320398649
 30
0.0
  0
VERTEX
  5
10D15
  8
0
 10
11.76700733442054
 20
44.52735116690728
 30
0.0
  0
VERTEX
  5
10D16
  8
0
 10
11.92358966156248
 20
44.81443631338996
 30
0.0
  0
VERTEX
  5
10D17
  8
0
 10
12.07972735747784
 20
45.10403838130868
 30
0.0
  0
VERTEX
  5
10D18
  8
0
 10
12.23539966799371
 20
45.39611301859244
 30
0.0
  0
VERTEX
  5
10D19
  8
0
 10
12.39058354238427
 20
45.69061162997412
 30
0.0
  0
VERTEX
  5
10D1A
  8
0
 10
12.54525365966996
 20
45.98748122379438
 30
0.0
  0
VERTEX
  5
10D1B
  8
0
 10
12.69938245605698
 20
46.2866642588443
 30
0.0
  0
VERTEX
  5
10D1C
  8
0
 10
12.8529401524815
 20
46.58809849121194
 30
0.0
  0
VERTEX
  5
10D1D
  8
0
 10
13.00589478215382
 20
46.89171682112862
 30
0.0
  0
VERTEX
  5
10D1E
  8
0
 10
13.15821221810261
 20
47.1974471398153
 30
0.0
  0
VERTEX
  5
10D1F
  8
0
 10
13.30985620071911
 20
47.50521217632912
 30
0.0
  0
VERTEX
  5
10D20
  8
0
 10
13.46078836530136
 20
47.81492934440963
 30
0.0
  0
VERTEX
  5
10D21
  8
0
 10
13.61096826979918
 20
48.12651059021348
 30
0.0
  0
VERTEX
  5
10D22
  8
0
 10
13.76035343532263
 20
48.43986229652349
 30
0.0
  0
VERTEX
  5
10D23
  8
0
 10
13.90889943991903
 20
48.75488542265318
 30
0.0
  0
VERTEX
  5
10D24
  8
0
 10
14.05656004607903
 20
49.07147579359164
 30
0.0
  0
VERTEX
  5
10D25
  8
0
 10
14.20328733086287
 20
49.38952440074116
 30
0.0
  0
VERTEX
  5
10D26
  8
0
 10
14.3490318160273
 20
49.70891770265879
 30
0.0
  0
VERTEX
  5
10D27
  8
0
 10
14.49374259815269
 20
50.0295379257978
 30
0.0
  0
VERTEX
  5
10D28
  8
0
 10
14.63736747877006
 20
50.35126336524927
 30
0.0
  0
VERTEX
  5
10D29
  8
0
 10
14.77985309448804
 20
50.67396868548348
 30
0.0
  0
VERTEX
  5
10D2A
  8
0
 10
14.92114504712596
 20
50.99752522109755
 30
0.0
  0
VERTEX
  5
10D2B
  8
0
 10
15.06118803413739
 20
51.32180127785576
 30
0.0
  0
VERTEX
  5
10D2C
  8
0
 10
15.19992598009554
 20
51.64666243479959
 30
0.0
  0
VERTEX
  5
10D2D
  8
0
 10
15.33730216877331
 20
51.97197184695731
 30
0.0
  0
VERTEX
  5
10D2E
  8
0
 10
15.47325937526223
 20
52.29759054809225
 30
0.0
  0
VERTEX
  5
10D2F
  8
0
 10
15.6077399980913
 20
52.62337775345146
 30
0.0
  0
VERTEX
  5
10D30
  8
0
 10
15.74068619134601
 20
52.94919116251421
 30
0.0
  0
VERTEX
  5
10D31
  8
0
 10
15.8720399967872
 20
53.27488726174055
 30
0.0
  0
VERTEX
  5
10D32
  8
0
 10
16.00174347596997
 20
53.60032162731967
 30
0.0
  0
VERTEX
  5
10D33
  8
0
 10
16.12973884234319
 20
53.92534922788138
 30
0.0
  0
VERTEX
  5
10D34
  8
0
 10
16.25596859259914
 20
54.24982472577419
 30
0.0
  0
VERTEX
  5
10D35
  8
0
 10
16.38037563562045
 20
54.57360277375052
 30
0.0
  0
VERTEX
  5
10D36
  8
0
 10
16.5029034202379
 20
54.89653830937892
 30
0.0
  0
VERTEX
  5
10D37
  8
0
 10
16.62349606292326
 20
55.21848684933205
 30
0.0
  0
VERTEX
  5
10D38
  8
0
 10
16.74209847548202
 20
55.53930478367468
 30
0.0
  0
VERTEX
  5
10D39
  8
0
 10
16.85865649274631
 20
55.85884967015169
 30
0.0
  0
VERTEX
  5
10D3A
  8
0
 10
16.97311700026769
 20
56.1769805284761
 30
0.0
  0
VERTEX
  5
10D3B
  8
0
 10
17.08542806200994
 20
56.49355813461709
 30
0.0
  0
VERTEX
  5
10D3C
  8
0
 10
17.19553904810673
 20
56.80844531522082
 30
0.0
  0
VERTEX
  5
10D3D
  8
0
 10
17.30340076461701
 20
57.12150724612734
 30
0.0
  0
VERTEX
  5
10D3E
  8
0
 10
17.40896558890906
 20
57.43261176242797
 30
0.0
  0
VERTEX
  5
10D3F
  8
0
 10
17.5121876075031
 20
57.74162967356323
 30
0.0
  0
VERTEX
  5
10D40
  8
0
 10
17.61302275402524
 20
58.04843507864911
 30
0.0
  0
VERTEX
  5
10D41
  8
0
 10
17.71142894716125
 20
58.35290568180317
 30
0.0
  0
VERTEX
  5
10D42
  8
0
 10
17.80736622861043
 20
58.6549231074706
 30
0.0
  0
VERTEX
  5
10D43
  8
0
 10
17.90079690103951
 20
58.95437321575039
 30
0.0
  0
VERTEX
  5
10D44
  8
0
 10
17.99168566603644
 20
59.25114641772146
 30
0.0
  0
VERTEX
  5
10D45
  8
0
 10
18.07999976185549
 20
59.54513799033334
 30
0.0
  0
VERTEX
  5
10D46
  8
0
 10
18.16570909592782
 20
59.83624838038349
 30
0.0
  0
VERTEX
  5
10D47
  8
0
 10
18.2487863643854
 20
60.12438348141751
 30
0.0
  0
VERTEX
  5
10D48
  8
0
 10
18.32920716658497
 20
60.40945490020501
 30
0.0
  0
VERTEX
  5
10D49
  8
0
 10
18.40695011944667
 20
60.6913802228288
 30
0.0
  0
VERTEX
  5
10D4A
  8
0
 10
18.48199697179271
 20
60.97008328077434
 30
0.0
  0
VERTEX
  5
10D4B
  8
0
 10
18.55433271868595
 20
61.24549441701895
 30
0.0
  0
VERTEX
  5
10D4C
  8
0
 10
18.62394571576855
 20
61.51755075212112
 30
0.0
  0
VERTEX
  5
10D4D
  8
0
 10
18.69082779360062
 20
61.78619645030991
 30
0.0
  0
VERTEX
  5
10D4E
  8
0
 10
18.7549743727385
 20
62.05138298711923
 30
0.0
  0
VERTEX
  5
10D4F
  8
0
 10
18.8163845940712
 20
62.31306944889509
 30
0.0
  0
VERTEX
  5
10D50
  8
0
 10
18.87506148253982
 20
62.57122290203682
 30
0.0
  0
VERTEX
  5
10D51
  8
0
 10
18.93101212216849
 20
62.82581878586683
 30
0.0
  0
VERTEX
  5
10D52
  8
0
 10
18.98424783143436
 20
63.07684130620871
 30
0.0
  0
VERTEX
  5
10D53
  8
0
 10
19.0347843386377
 20
63.32428382896546
 30
0.0
  0
VERTEX
  5
10D54
  8
0
 10
19.08264195727192
 20
63.56814927369785
 30
0.0
  0
VERTEX
  5
10D55
  8
0
 10
19.12784576139371
 20
63.80845050720251
 30
0.0
  0
VERTEX
  5
10D56
  8
0
 10
19.1704257609928
 20
64.04521073708985
 30
0.0
  0
VERTEX
  5
10D57
  8
0
 10
19.21041707086094
 20
64.27846389177627
 30
0.0
  0
VERTEX
  5
10D58
  8
0
 10
19.24785996803444
 20
64.5082547676225
 30
0.0
  0
VERTEX
  5
10D59
  8
0
 10
19.28279973397323
 20
64.73463872622227
 30
0.0
  0
VERTEX
  5
10D5A
  8
0
 10
19.31528643266392
 20
64.95768125778801
 30
0.0
  0
VERTEX
  5
10D5B
  8
0
 10
19.3453746871925
 20
65.17745754133821
 30
0.0
  0
VERTEX
  5
10D5C
  8
0
 10
19.37312345631704
 20
65.3940520048849
 30
0.0
  0
VERTEX
  5
10D5D
  8
0
 10
19.39859581104043
 20
65.60755788562108
 30
0.0
  0
VERTEX
  5
10D5E
  8
0
 10
19.42185871118308
 20
65.81807679010817
 30
0.0
  0
VERTEX
  5
10D5F
  8
0
 10
19.44298278195523
 20
66.02571825446272
 30
0.0
  0
VERTEX
  5
10D60
  8
0
 10
19.46204208818065
 20
66.23059929964
 30
0.0
  0
VERTEX
  5
10D61
  8
0
 10
19.47911387479627
 20
66.43284391631596
 30
0.0
  0
VERTEX
  5
10D62
  8
0
 10
19.49427824975966
 20
66.63258242954113
 30
0.0
  0
VERTEX
  5
10D63
  8
0
 10
19.50761785192832
 20
66.82995083202177
 30
0.0
  0
VERTEX
  5
10D64
  8
0
 10
19.51921751865872
 20
67.02509011681599
 30
0.0
  0
VERTEX
  5
10D65
  8
0
 10
19.52916395340526
 20
67.21814561002968
 30
0.0
  0
VERTEX
  5
10D66
  8
0
 10
19.53754539331936
 20
67.40926630351298
 30
0.0
  0
VERTEX
  5
10D67
  8
0
 10
19.5444512768484
 20
67.59860418755609
 30
0.0
  0
VERTEX
  5
10D68
  8
0
 10
19.54997191133539
 20
67.78631358358673
 30
0.0
  0
VERTEX
  5
10D69
  8
0
 10
19.55419814188319
 20
67.9725504794968
 30
0.0
  0
VERTEX
  5
10D6A
  8
0
 10
19.55722103553944
 20
68.15747189682291
 30
0.0
  0
VERTEX
  5
10D6B
  8
0
 10
19.55913158863198
 20
68.34123530605989
 30
0.0
  0
VERTEX
  5
10D6C
  8
0
 10
19.56002043938665
 20
68.52399805295696
 30
0.0
  0
VERTEX
  5
10D6D
  8
0
 10
19.55997758062025
 20
68.70591678497047
 30
0.0
  0
VERTEX
  5
10D6E
  8
0
 10
19.5590920724334
 20
68.8871468777161
 30
0.0
  0
VERTEX
  5
10D6F
  8
0
 10
19.55745175490351
 20
69.0678418614216
 30
0.0
  0
VERTEX
  5
10D70
  8
0
 10
19.55514296077761
 20
69.24815284737886
 30
0.0
  0
VERTEX
  5
10D71
  8
0
 10
19.55225022816377
 20
69.42822795439359
 30
0.0
  0
VERTEX
  5
10D72
  8
0
 10
19.5488560117772
 20
69.60821173226277
 30
0.0
  0
VERTEX
  5
10D73
  8
0
 10
19.54504037931851
 20
69.7882445546827
 30
0.0
  0
VERTEX
  5
10D74
  8
0
 10
19.54088068795829
 20
69.96846197125375
 30
0.0
  0
VERTEX
  5
10D75
  8
0
 10
19.53645125686395
 20
70.14899405134739
 30
0.0
  0
VERTEX
  5
10D76
  8
0
 10
19.53182303968488
 20
70.32996472788786
 30
0.0
  0
VERTEX
  5
10D77
  8
0
 10
19.52706329703773
 20
70.51149114113377
 30
0.0
  0
VERTEX
  5
10D78
  8
0
 10
19.52223526899158
 20
70.69368298245962
 30
0.0
  0
VERTEX
  5
10D79
  8
0
 10
19.51739784755316
 20
70.87664183813753
 30
0.0
  0
VERTEX
  5
10D7A
  8
0
 10
19.51260524919891
 20
71.0604605332147
 30
0.0
  0
VERTEX
  5
10D7B
  8
0
 10
19.50790671021489
 20
71.24522252216195
 30
0.0
  0
VERTEX
  5
10D7C
  8
0
 10
19.50334638243837
 20
71.43100169047409
 30
0.0
  0
VERTEX
  5
10D7D
  8
0
 10
19.49896346656767
 20
71.61786264343748
 30
0.0
  0
VERTEX
  5
10D7E
  8
0
 10
19.49479238654433
 20
71.80586107912241
 30
0.0
  0
VERTEX
  5
10D7F
  8
0
 10
19.49086296424178
 20
71.99504416200391
 30
0.0
  0
VERTEX
  5
10D80
  8
0
 10
19.48720059415408
 20
72.18545089658268
 30
0.0
  0
VERTEX
  5
10D81
  8
0
 10
19.48382641808451
 20
72.37711250100575
 30
0.0
  0
VERTEX
  5
10D82
  8
0
 10
19.48075749983429
 20
72.57005278068742
 30
0.0
  0
VERTEX
  5
10D83
  8
0
 10
19.47800699989756
 20
72.7642885019433
 30
0.0
  0
VERTEX
  5
10D84
  8
0
 10
19.47558435196779
 20
72.95982976944516
 30
0.0
  0
VERTEX
  5
10D85
  8
0
 10
19.47349545310903
 20
73.15668043249741
 30
0.0
  0
VERTEX
  5
10D86
  8
0
 10
19.47174286828428
 20
73.35483852159503
 30
0.0
  0
VERTEX
  5
10D87
  8
0
 10
19.47032603703233
 20
73.55429668951359
 30
0.0
  0
VERTEX
  5
10D88
  8
0
 10
19.4692414801556
 20
73.7550426524221
 30
0.0
  0
VERTEX
  5
10D89
  8
0
 10
19.46848300640794
 20
73.95705963099573
 30
0.0
  0
VERTEX
  5
10D8A
  8
0
 10
19.46804191918233
 20
74.1603267915286
 30
0.0
  0
VERTEX
  5
10D8B
  8
0
 10
19.46790722319876
 20
74.36481968704669
 30
0.0
  0
VERTEX
  5
10D8C
  8
0
 10
19.46806583118401
 20
74.57051069840264
 30
0.0
  0
VERTEX
  5
10D8D
  8
0
 10
19.46850276909354
 20
74.77736947207848
 30
0.0
  0
VERTEX
  5
10D8E
  8
0
 10
19.46920137184537
 20
74.98536333656357
 30
0.0
  0
VERTEX
  5
10D8F
  8
0
 10
19.47014347021815
 20
75.19445769878087
 30
0.0
  0
VERTEX
  5
10D90
  8
0
 10
19.47130957660957
 20
75.40461643793964
 30
0.0
  0
VERTEX
  5
10D91
  8
0
 10
19.47267907079102
 20
75.61580229937962
 30
0.0
  0
VERTEX
  5
10D92
  8
0
 10
19.47423038566238
 20
75.82797728841554
 30
0.0
  0
VERTEX
  5
10D93
  8
0
 10
19.47594119300668
 20
76.04110306418144
 30
0.0
  0
VERTEX
  5
10D94
  8
0
 10
19.47778858924484
 20
76.255141333475
 30
0.0
  0
VERTEX
  5
10D95
  8
0
 10
19.47974928121245
 20
76.47005424465499
 30
0.0
  0
VERTEX
  5
10D96
  8
0
 10
19.48179977470702
 20
76.6858047882018
 30
0.0
  0
VERTEX
  5
10D97
  8
0
 10
19.48391657865395
 20
76.90235723484074
 30
0.0
  0
VERTEX
  5
10D98
  8
0
 10
19.48607642216253
 20
77.11967760466638
 30
0.0
  0
VERTEX
  5
10D99
  8
0
 10
19.48825647300837
 20
77.33773413969712
 30
0.0
  0
VERTEX
  5
10D9A
  8
0
 10
19.49043455611844
 20
77.55649777643623
 30
0.0
  0
VERTEX
  5
10D9B
  8
0
 10
19.49258937205608
 20
77.77594261843268
 30
0.0
  0
VERTEX
  5
10D9C
  8
0
 10
19.49470071550604
 20
77.99604640884212
 30
0.0
  0
VERTEX
  5
10D9D
  8
0
 10
19.49674969375949
 20
78.21679100298788
 30
0.0
  0
VERTEX
  5
10D9E
  8
0
 10
19.49871894490206
 20
78.43816284019378
 30
0.0
  0
VERTEX
  5
10D9F
  8
0
 10
19.5005928292892
 20
78.66015335014161
 30
0.0
  0
VERTEX
  5
10DA0
  8
0
 10
19.50235749007523
 20
78.88275903826458
 30
0.0
  0
VERTEX
  5
10DA1
  8
0
 10
19.5040008180019
 20
79.10598133647055
 30
0.0
  0
VERTEX
  5
10DA2
  8
0
 10
19.50551240714775
 20
79.32982643170915
 30
0.0
  0
VERTEX
  5
10DA3
  8
0
 10
19.50688351066906
 20
79.55430509451833
 30
0.0
  0
VERTEX
  5
10DA4
  8
0
 10
19.50810699654074
 20
79.77943250757056
 30
0.0
  0
VERTEX
  5
10DA5
  8
0
 10
19.50917730329726
 20
80.0052280942195
 30
0.0
  0
VERTEX
  5
10DA6
  8
0
 10
19.51009039577358
 20
80.23171534704625
 30
0.0
  0
VERTEX
  5
10DA7
  8
0
 10
19.51084372077394
 20
80.45892165622838
 30
0.0
  0
VERTEX
  5
10DA8
  8
0
 10
19.51143615792333
 20
80.68687812605022
 30
0.0
  0
VERTEX
  5
10DA9
  8
0
 10
19.51186794991654
 20
80.9156193406978
 30
0.0
  0
VERTEX
  5
10DAA
  8
0
 10
19.5121406194308
 20
81.14518309722416
 30
0.0
  0
VERTEX
  5
10DAB
  8
0
 10
19.51225688497029
 20
81.37561013588564
 30
0.0
  0
VERTEX
  5
10DAC
  8
0
 10
19.51222057671017
 20
81.60694387047675
 30
0.0
  0
VERTEX
  5
10DAD
  8
0
 10
19.5120365523407
 20
81.83923011866543
 30
0.0
  0
VERTEX
  5
10DAE
  8
0
 10
19.51171061291134
 20
82.07251683232805
 30
0.0
  0
VERTEX
  5
10DAF
  8
0
 10
19.51124941867484
 20
82.30685382788465
 30
0.0
  0
VERTEX
  5
10DB0
  8
0
 10
19.51066040497053
 20
82.54229251673046
 30
0.0
  0
VERTEX
  5
10DB1
  8
0
 10
19.50995170011552
 20
82.7788856406106
 30
0.0
  0
VERTEX
  5
10DB2
  8
0
 10
19.50913205080825
 20
83.01668702548832
 30
0.0
  0
VERTEX
  5
10DB3
  8
0
 10
19.50821075183421
 20
83.25575134600454
 30
0.0
  0
VERTEX
  5
10DB4
  8
0
 10
19.50719757606199
 20
83.4961338906519
 30
0.0
  0
VERTEX
  5
10DB5
  8
0
 10
19.50610270443945
 20
83.73789032694896
 30
0.0
  0
VERTEX
  5
10DB6
  8
0
 10
19.50493665598978
 20
83.98107646661452
 30
0.0
  0
VERTEX
  5
10DB7
  8
0
 10
19.50371021780765
 20
84.22574803074191
 30
0.0
  0
VERTEX
  5
10DB8
  8
0
 10
19.50243437505531
 20
84.47196041497314
 30
0.0
  0
VERTEX
  5
10DB9
  8
0
 10
19.50112024093304
 20
84.71976845460978
 30
0.0
  0
VERTEX
  5
10DBA
  8
0
 10
19.49977898562157
 20
84.96922618718033
 30
0.0
  0
VERTEX
  5
10DBB
  8
0
 10
19.4984217618506
 20
85.22038660666172
 30
0.0
  0
VERTEX
  5
10DBC
  8
0
 10
19.49705962876003
 20
85.47330141347675
 30
0.0
  0
VERTEX
  5
10DBD
  8
0
 10
19.49570347566453
 20
85.7280207642527
 30
0.0
  0
VERTEX
  5
10DBE
  8
0
 10
19.49436394581835
 20
85.98459302158052
 30
0.0
  0
VERTEX
  5
10DBF
  8
0
 10
19.4930513601799
 20
86.24306450377341
 30
0.0
  0
VERTEX
  5
10DC0
  8
0
 10
19.49177564117651
 20
86.50347923462579
 30
0.0
  0
VERTEX
  5
10DC1
  8
0
 10
19.4905462364691
 20
86.76587869317208
 30
0.0
  0
VERTEX
  5
10DC2
  8
0
 10
19.48937204273786
 20
87.03030156349664
 30
0.0
  0
VERTEX
  5
10DC3
  8
0
 10
19.48826133014036
 20
87.29678348617756
 30
0.0
  0
VERTEX
  5
10DC4
  8
0
 10
19.48722166870892
 20
87.56535681444312
 30
0.0
  0
VERTEX
  5
10DC5
  8
0
 10
19.4862598556143
 20
87.83605037243319
 30
0.0
  0
VERTEX
  5
10DC6
  8
0
 10
19.48538184247004
 20
88.10888921355951
 30
0.0
  0
VERTEX
  5
10DC7
  8
0
 10
19.48459266263681
 20
88.38389437886609
 30
0.0
  0
VERTEX
  5
10DC8
  8
0
 10
19.4838963585267
 20
88.66108265538932
 30
0.0
  0
VERTEX
  5
10DC9
  8
0
 10
19.48329590890756
 20
88.94046633451832
 30
0.0
  0
VERTEX
  5
10DCA
  8
0
 10
19.48279315620732
 20
89.22205297035362
 30
0.0
  0
SEQEND
  5
11858
  8
0
  0
ARC
  5
165
  8
0
 10
46.98279316448549
 20
89.22205299440498
 30
0.0
 40
94.03406112339987
 50
225.5805325719457
 51
226.5431573439093
  0
POLYLINE
  5
166
  8
0
 66
     1
 10
0.0
 20
0.0
 30
0.0
  0
VERTEX
  5
10DCB
  8
0
 10
-14.50009263186626
 20
19.75123087518629
 30
0.0
  0
VERTEX
  5
10DCC
  8
0
 10
-14.57942460749543
 20
19.77837276335115
 30
0.0
  0
VERTEX
  5
10DCD
  8
0
 10
-14.65838645458899
 20
19.8054814836397
 30
0.0
  0
VERTEX
  5
10DCE
  8
0
 10
-14.73696635104472
 20
19.83255378525431
 30
0.0
  0
VERTEX
  5
10DCF
  8
0
 10
-14.81515248944913
 20
19.85958642467709
 30
0.0
  0
VERTEX
  5
10DD0
  8
0
 10
-14.892933080501
 20
19.88657616663632
 30
0.0
  0
VERTEX
  5
10DD1
  8
0
 10
-14.97029635643482
 20
19.9135197850729
 30
0.0
  0
VERTEX
  5
10DD2
  8
0
 10
-15.04723057444429
 20
19.94041406410672
 30
0.0
  0
VERTEX
  5
10DD3
  8
0
 10
-15.1237240201058
 20
19.96725579900317
 30
0.0
  0
VERTEX
  5
10DD4
  8
0
 10
-15.19976501080192
 20
19.99404179713948
 30
0.0
  0
VERTEX
  5
10DD5
  8
0
 10
-15.2753418991449
 20
20.02076887897124
 30
0.0
  0
VERTEX
  5
10DD6
  8
0
 10
-15.35044307640015
 20
20.04743387899872
 30
0.0
  0
VERTEX
  5
10DD7
  8
0
 10
-15.42505697590969
 20
20.07403364673339
 30
0.0
  0
VERTEX
  5
10DD8
  8
0
 10
-15.49917207651569
 20
20.10056504766431
 30
0.0
  0
VERTEX
  5
10DD9
  8
0
 10
-15.57277690598391
 20
20.12702496422457
 30
0.0
  0
VERTEX
  5
10DDA
  8
0
 10
-15.64586004442722
 20
20.15341029675767
 30
0.0
  0
VERTEX
  5
10DDB
  8
0
 10
-15.71841012772907
 20
20.17971796448402
 30
0.0
  0
VERTEX
  5
10DDC
  8
0
 10
-15.79041585096241
 20
20.20594490646593
 30
0.0
  0
VERTEX
  5
10DDD
  8
0
 10
-15.86186597167644
 20
20.23208808253223
 30
0.0
  0
VERTEX
  5
10DDE
  8
0
 10
-15.93274931282568
 20
20.25814447409341
 30
0.0
  0
VERTEX
  5
10DDF
  8
0
 10
-16.00305476554864
 20
20.28411108491084
 30
0.0
  0
VERTEX
  5
10DE0
  8
0
 10
-16.07277129194021
 20
20.30998494186401
 30
0.0
  0
VERTEX
  5
10DE1
  8
0
 10
-16.14188792782392
 20
20.33576309571777
 30
0.0
  0
VERTEX
  5
10DE2
  8
0
 10
-16.21039378552431
 20
20.36144262188953
 30
0.0
  0
VERTEX
  5
10DE3
  8
0
 10
-16.27827805663923
 20
20.38702062121653
 30
0.0
  0
VERTEX
  5
10DE4
  8
0
 10
-16.34553001481221
 20
20.41249422072308
 30
0.0
  0
VERTEX
  5
10DE5
  8
0
 10
-16.41213901850474
 20
20.43786057438775
 30
0.0
  0
VERTEX
  5
10DE6
  8
0
 10
-16.47809451376862
 20
20.46311686391068
 30
0.0
  0
VERTEX
  5
10DE7
  8
0
 10
-16.54338603701827
 20
20.48826029948075
 30
0.0
  0
VERTEX
  5
10DE8
  8
0
 10
-16.60800321780309
 20
20.51328812054284
 30
0.0
  0
VERTEX
  5
10DE9
  8
0
 10
-16.67193578157976
 20
20.53819759656509
 30
0.0
  0
VERTEX
  5
10DEA
  8
0
 10
-16.73517355248459
 20
20.5629860278061
 30
0.0
  0
VERTEX
  5
10DEB
  8
0
 10
-16.79770645610577
 20
20.58765074608216
 30
0.0
  0
VERTEX
  5
10DEC
  8
0
 10
-16.85952452225584
 20
20.61218911553456
 30
0.0
  0
VERTEX
  5
10DED
  8
0
 10
-16.92061788774388
 20
20.63659853339672
 30
0.0
  0
VERTEX
  5
10DEE
  8
0
 10
-16.98097679914792
 20
20.66087643076152
 30
0.0
  0
VERTEX
  5
10DEF
  8
0
 10
-17.04059161558721
 20
20.68502027334845
 30
0.0
  0
VERTEX
  5
10DF0
  8
0
 10
-17.09945281149461
 20
20.70902756227095
 30
0.0
  0
VERTEX
  5
10DF1
  8
0
 10
-17.15755097938887
 20
20.73289583480354
 30
0.0
  0
VERTEX
  5
10DF2
  8
0
 10
-17.21487683264694
 20
20.75662266514914
 30
0.0
  0
VERTEX
  5
10DF3
  8
0
 10
-17.27142120827639
 20
20.78020566520625
 30
0.0
  0
VERTEX
  5
10DF4
  8
0
 10
-17.32717506968762
 20
20.8036424853362
 30
0.0
  0
VERTEX
  5
10DF5
  8
0
 10
-17.38212950946625
 20
20.82693081513043
 30
0.0
  0
VERTEX
  5
10DF6
  8
0
 10
-17.43627575214547
 20
20.85006838417765
 30
0.0
  0
VERTEX
  5
10DF7
  8
0
 10
-17.4896051569783
 20
20.87305296283113
 30
0.0
  0
VERTEX
  5
10DF8
  8
0
 10
-17.54210922070998
 20
20.89588236297595
 30
0.0
  0
VERTEX
  5
10DF9
  8
0
 10
-17.59377958035023
 20
20.91855443879616
 30
0.0
  0
VERTEX
  5
10DFA
  8
0
 10
-17.64460801594566
 20
20.94106708754211
 30
0.0
  0
VERTEX
  5
10DFB
  8
0
 10
-17.6945864533516
 20
20.96341825029741
 30
0.0
  0
SEQEND
  5
11859
  8
0
  0
POLYLINE
  5
167
  8
0
 66
     1
 10
0.0
 20
0.0
 30
0.0
  0
VERTEX
  5
10DFC
  8
0
 10
-14.50009263186626
 20
19.75123087518629
 30
0.0
  0
VERTEX
  5
10DFD
  8
0
 10
-14.48363840054539
 20
19.74576980535883
 30
0.0
  0
VERTEX
  5
10DFE
  8
0
 10
-14.46710472461248
 20
19.7405986889179
 30
0.0
  0
VERTEX
  5
10DFF
  8
0
 10
-14.45049545452294
 20
19.73571804656041
 30
0.0
  0
VERTEX
  5
10E00
  8
0
 10
-14.43381444073214
 20
19.73112839898329
 30
0.0
  0
VERTEX
  5
10E01
  8
0
 10
-14.41706553369549
 20
19.72683026688345
 30
0.0
  0
VERTEX
  5
10E02
  8
0
 10
-14.40025258386839
 20
19.7228241709578
 30
0.0
  0
VERTEX
  5
10E03
  8
0
 10
-14.38337944170623
 20
19.71911063190327
 30
0.0
  0
VERTEX
  5
10E04
  8
0
 10
-14.36644995766441
 20
19.71569017041675
 30
0.0
  0
VERTEX
  5
10E05
  8
0
 10
-14.34946798219832
 20
19.71256330719516
 30
0.0
  0
VERTEX
  5
10E06
  8
0
 10
-14.33243736576337
 20
19.70973056293544
 30
0.0
  0
VERTEX
  5
10E07
  8
0
 10
-14.31536195881494
 20
19.70719245833448
 30
0.0
  0
VERTEX
  5
10E08
  8
0
 10
-14.29824561180844
 20
19.7049495140892
 30
0.0
  0
VERTEX
  5
10E09
  8
0
 10
-14.28109217519926
 20
19.70300225089652
 30
0.0
  0
VERTEX
  5
10E0A
  8
0
 10
-14.26390549944279
 20
19.70135118945335
 30
0.0
  0
VERTEX
  5
10E0B
  8
0
 10
-14.24668943499444
 20
19.69999685045661
 30
0.0
  0
VERTEX
  5
10E0C
  8
0
 10
-14.2294478323096
 20
19.69893975460321
 30
0.0
  0
VERTEX
  5
10E0D
  8
0
 10
-14.21218454184366
 20
19.69818042259006
 30
0.0
  0
VERTEX
  5
10E0E
  8
0
 10
-14.19490341405203
 20
19.69771937511409
 30
0.0
  0
VERTEX
  5
10E0F
  8
0
 10
-14.17760829939009
 20
19.69755713287221
 30
0.0
  0
VERTEX
  5
10E10
  8
0
 10
-14.16030304831325
 20
19.69769421656132
 30
0.0
  0
VERTEX
  5
10E11
  8
0
 10
-14.1429915112769
 20
19.69813114687835
 30
0.0
  0
VERTEX
  5
10E12
  8
0
 10
-14.12567753873644
 20
19.69886844452021
 30
0.0
  0
VERTEX
  5
10E13
  8
0
 10
-14.10836832201166
 20
19.6999064012768
 30
0.0
  0
VERTEX
  5
10E14
  8
0
 10
-14.09108969857201
 20
19.70124348350636
 30
0.0
  0
VERTEX
  5
10E15
  8
0
 10
-14.07384945245755
 20
19.70287850410102
 30
0.0
  0
VERTEX
  5
10E16
  8
0
 10
-14.056651343523
 20
19.7048104829463
 30
0.0
  0
VERTEX
  5
10E17
  8
0
 10
-14.03949913162311
 20
19.70703843992776
 30
0.0
  0
VERTEX
  5
10E18
  8
0
 10
-14.02239657661263
 20
19.70956139493095
 30
0.0
  0
VERTEX
  5
10E19
  8
0
 10
-14.00534743834629
 20
19.71237836784139
 30
0.0
  0
VERTEX
  5
10E1A
  8
0
 10
-13.98835547667884
 20
19.71548837854463
 30
0.0
  0
VERTEX
  5
10E1B
  8
0
 10
-13.97142445146502
 20
19.71889044692621
 30
0.0
  0
VERTEX
  5
10E1C
  8
0
 10
-13.95455812255958
 20
19.72258359287168
 30
0.0
  0
VERTEX
  5
10E1D
  8
0
 10
-13.93776024981726
 20
19.72656683626658
 30
0.0
  0
VERTEX
  5
10E1E
  8
0
 10
-13.92103459309279
 20
19.73083919699644
 30
0.0
  0
VERTEX
  5
10E1F
  8
0
 10
-13.90438491224093
 20
19.73539969494682
 30
0.0
  0
VERTEX
  5
10E20
  8
0
 10
-13.88781496711641
 20
19.74024735000324
 30
0.0
  0
VERTEX
  5
10E21
  8
0
 10
-13.87132851757398
 20
19.74538118205126
 30
0.0
  0
VERTEX
  5
10E22
  8
0
 10
-13.85492932346838
 20
19.75080021097642
 30
0.0
  0
VERTEX
  5
10E23
  8
0
 10
-13.83862114465435
 20
19.75650345666425
 30
0.0
  0
VERTEX
  5
10E24
  8
0
 10
-13.82240774098664
 20
19.76248993900031
 30
0.0
  0
VERTEX
  5
10E25
  8
0
 10
-13.80629287231998
 20
19.76875867787012
 30
0.0
  0
VERTEX
  5
10E26
  8
0
 10
-13.79028029850913
 20
19.77530869315924
 30
0.0
  0
VERTEX
  5
10E27
  8
0
 10
-13.77437377940882
 20
19.7821390047532
 30
0.0
  0
VERTEX
  5
10E28
  8
0
 10
-13.75857707487379
 20
19.78924863253756
 30
0.0
  0
VERTEX
  5
10E29
  8
0
 10
-13.7428939447588
 20
19.79663659639784
 30
0.0
  0
VERTEX
  5
10E2A
  8
0
 10
-13.7273377160899
 20
19.8042971044291
 30
0.0
  0
VERTEX
  5
10E2B
  8
0
 10
-13.71192329673431
 20
19.81222271139558
 30
0.0
  0
VERTEX
  5
10E2C
  8
0
 10
-13.69665400283652
 20
19.82041131180291
 30
0.0
  0
VERTEX
  5
10E2D
  8
0
 10
-13.68153312789408
 20
19.82886081106633
 30
0.0
  0
VERTEX
  5
10E2E
  8
0
 10
-13.66656396540456
 20
19.83756911460111
 30
0.0
  0
VERTEX
  5
10E2F
  8
0
 10
-13.65174980886554
 20
19.84653412782247
 30
0.0
  0
VERTEX
  5
10E30
  8
0
 10
-13.63709395177458
 20
19.85575375614567
 30
0.0
  0
VERTEX
  5
10E31
  8
0
 10
-13.62259968762925
 20
19.86522590498597
 30
0.0
  0
VERTEX
  5
10E32
  8
0
 10
-13.60827030992712
 20
19.8749484797586
 30
0.0
  0
VERTEX
  5
10E33
  8
0
 10
-13.59410911216575
 20
19.88491938587881
 30
0.0
  0
VERTEX
  5
10E34
  8
0
 10
-13.58011938784272
 20
19.89513652876186
 30
0.0
  0
VERTEX
  5
10E35
  8
0
 10
-13.5663044304556
 20
19.90559781382299
 30
0.0
  0
VERTEX
  5
10E36
  8
0
 10
-13.55266753350194
 20
19.91630114647745
 30
0.0
  0
VERTEX
  5
10E37
  8
0
 10
-13.53921353167108
 20
19.92724315648664
 30
0.0
  0
VERTEX
  5
10E38
  8
0
 10
-13.52595566794218
 20
19.93841308496184
 30
0.0
  0
VERTEX
  5
10E39
  8
0
 10
-13.51289854252736
 20
19.94980662932185
 30
0.0
  0
VERTEX
  5
10E3A
  8
0
 10
-13.5000448749487
 20
19.96142098981466
 30
0.0
  0
VERTEX
  5
10E3B
  8
0
 10
-13.48739738472825
 20
19.97325336668827
 30
0.0
  0
VERTEX
  5
10E3C
  8
0
 10
-13.4749587913881
 20
19.98530096019071
 30
0.0
  0
VERTEX
  5
10E3D
  8
0
 10
-13.46273181445029
 20
19.99756097056996
 30
0.0
  0
VERTEX
  5
10E3E
  8
0
 10
-13.45071917343691
 20
20.01003059807403
 30
0.0
  0
VERTEX
  5
10E3F
  8
0
 10
-13.43892358787002
 20
20.02270704295092
 30
0.0
  0
VERTEX
  5
10E40
  8
0
 10
-13.42734777727168
 20
20.03558750544865
 30
0.0
  0
VERTEX
  5
10E41
  8
0
 10
-13.41599446116396
 20
20.0486691858152
 30
0.0
  0
VERTEX
  5
10E42
  8
0
 10
-13.40486635906894
 20
20.06194928429858
 30
0.0
  0
VERTEX
  5
10E43
  8
0
 10
-13.39396619050866
 20
20.07542500114681
 30
0.0
  0
VERTEX
  5
10E44
  8
0
 10
-13.38329667500521
 20
20.08909353660787
 30
0.0
  0
SEQEND
  5
1185A
  8
0
  0
ARC
  5
168
  8
0
 10
-11.79613259723677
 20
18.87216700216076
 30
0.0
 40
1.999999999999994
 50
2.901459999411992
 51
142.5215300659688
  0
POLYLINE
  5
169
  8
0
 66
     1
 10
0.0
 20
0.0
 30
0.0000000000000089
  0
VERTEX
  5
10E45
  8
0
 10
-9.798696461914854
 20
18.97340378060881
 30
0.0000000000000089
  0
VERTEX
  5
10E46
  8
0
 10
-9.797670605567998
 20
18.95612336778233
 30
0.0000000000000089
  0
VERTEX
  5
10E47
  8
0
 10
-9.79634689764353
 20
18.93887655004063
 30
0.0000000000000089
  0
VERTEX
  5
10E48
  8
0
 10
-9.794726277673572
 20
18.92166707960265
 30
0.0000000000000089
  0
VERTEX
  5
10E49
  8
0
 10
-9.792809685190218
 20
18.9044987086873
 30
0.0000000000000089
  0
VERTEX
  5
10E4A
  8
0
 10
-9.79059805972558
 20
18.88737518951356
 30
0.0000000000000089
  0
VERTEX
  5
10E4B
  8
0
 10
-9.78809234081177
 20
18.87030027430035
 30
0.0000000000000089
  0
VERTEX
  5
10E4C
  8
0
 10
-9.785293467980889
 20
18.8532777152666
 30
0.0000000000000089
  0
VERTEX
  5
10E4D
  8
0
 10
-9.782202380765057
 20
18.83631126463127
 30
0.0000000000000089
  0
VERTEX
  5
10E4E
  8
0
 10
-9.778820018696369
 20
18.81940467461328
 30
0.0000000000000089
  0
VERTEX
  5
10E4F
  8
0
 10
-9.77514732130694
 20
18.80256169743158
 30
0.0000000000000089
  0
VERTEX
  5
10E50
  8
0
 10
-9.771185228128884
 20
18.78578608530512
 30
0.0000000000000089
  0
VERTEX
  5
10E51
  8
0
 10
-9.766934678694296
 20
18.76908159045281
 30
0.0000000000000089
  0
VERTEX
  5
10E52
  8
0
 10
-9.762396612535296
 20
18.75245196509362
 30
0.0000000000000089
  0
VERTEX
  5
10E53
  8
0
 10
-9.757571969183987
 20
18.73590096144646
 30
0.0000000000000089
  0
VERTEX
  5
10E54
  8
0
 10
-9.752461688172477
 20
18.7194323317303
 30
0.0000000000000089
  0
VERTEX
  5
10E55
  8
0
 10
-9.747066709032875
 20
18.70304982816405
 30
0.0000000000000089
  0
VERTEX
  5
10E56
  8
0
 10
-9.74138797129729
 20
18.68675720296667
 30
0.0000000000000089
  0
VERTEX
  5
10E57
  8
0
 10
-9.735426414497827
 20
18.6705582083571
 30
0.0000000000000089
  0
VERTEX
  5
10E58
  8
0
 10
-9.7291829781666
 20
18.65445659655427
 30
0.0000000000000089
  0
VERTEX
  5
10E59
  8
0
 10
-9.722658601835715
 20
18.63845611977712
 30
0.0000000000000089
  0
VERTEX
  5
10E5A
  8
0
 10
-9.715854225037276
 20
18.62256053024458
 30
0.0000000000000089
  0
VERTEX
  5
10E5B
  8
0
 10
-9.708770787303397
 20
18.60677358017561
 30
0.0000000000000089
  0
VERTEX
  5
10E5C
  8
0
 10
-9.701410475483884
 20
18.59110161991812
 30
0.0000000000000089
  0
VERTEX
  5
10E5D
  8
0
 10
-9.69378418847107
 20
18.57556794645205
 30
0.0000000000000089
  0
VERTEX
  5
10E5E
  8
0
 10
-9.685896120688257
 20
18.56017981226461
 30
0.0000000000000089
  0
VERTEX
  5
10E5F
  8
0
 10
-9.677748565856128
 20
18.54494033195256
 30
0.0000000000000089
  0
VERTEX
  5
10E60
  8
0
 10
-9.669343817695376
 20
18.52985262011264
 30
0.0000000000000089
  0
VERTEX
  5
10E61
  8
0
 10
-9.660684169926686
 20
18.51491979134161
 30
0.0000000000000089
  0
VERTEX
  5
10E62
  8
0
 10
-9.651771916270754
 20
18.50014496023623
 30
0.0000000000000089
  0
VERTEX
  5
10E63
  8
0
 10
-9.64260935044827
 20
18.48553124139327
 30
0.0000000000000089
  0
VERTEX
  5
10E64
  8
0
 10
-9.633198766179916
 20
18.47108174940945
 30
0.0000000000000089
  0
VERTEX
  5
10E65
  8
0
 10
-9.62354245718639
 20
18.45679959888156
 30
0.0000000000000089
  0
VERTEX
  5
10E66
  8
0
 10
-9.613642717188377
 20
18.44268790440634
 30
0.0000000000000089
  0
VERTEX
  5
10E67
  8
0
 10
-9.603501839906565
 20
18.42874978058054
 30
0.0000000000000089
  0
VERTEX
  5
10E68
  8
0
 10
-9.593122119061649
 20
18.41498834200092
 30
0.0000000000000089
  0
VERTEX
  5
10E69
  8
0
 10
-9.582505848374316
 20
18.40140670326424
 30
0.0000000000000089
  0
VERTEX
  5
10E6A
  8
0
 10
-9.571655321565254
 20
18.38800797896726
 30
0.0000000000000089
  0
VERTEX
  5
10E6B
  8
0
 10
-9.560572832355154
 20
18.37479528370671
 30
0.0000000000000089
  0
VERTEX
  5
10E6C
  8
0
 10
-9.549260674464708
 20
18.36177173207938
 30
0.0000000000000089
  0
VERTEX
  5
10E6D
  8
0
 10
-9.537721141614604
 20
18.348940438682
 30
0.0000000000000089
  0
VERTEX
  5
10E6E
  8
0
 10
-9.525956527525528
 20
18.33630451811134
 30
0.0000000000000089
  0
VERTEX
  5
10E6F
  8
0
 10
-9.513969125918175
 20
18.32386708496415
 30
0.0000000000000089
  0
VERTEX
  5
10E70
  8
0
 10
-9.501761230513232
 20
18.31163125383718
 30
0.0000000000000089
  0
VERTEX
  5
10E71
  8
0
 10
-9.48933513503139
 20
18.2996001393272
 30
0.0000000000000089
  0
VERTEX
  5
10E72
  8
0
 10
-9.476693133193336
 20
18.28777685603094
 30
0.0000000000000089
  0
VERTEX
  5
10E73
  8
0
 10
-9.46384439917952
 20
18.27617062913354
 30
0.0000000000000089
  0
VERTEX
  5
10E74
  8
0
 10
-9.450802265122082
 20
18.2647934264595
 30
0.0000000000000089
  0
VERTEX
  5
10E75
  8
0
 10
-9.437569993789182
 20
18.25364762434282
 30
0.0000000000000089
  0
VERTEX
  5
10E76
  8
0
 10
-9.424150736222078
 20
18.2427354964302
 30
0.0000000000000089
  0
VERTEX
  5
10E77
  8
0
 10
-9.410547643462033
 20
18.23205931636835
 30
0.0000000000000089
  0
VERTEX
  5
10E78
  8
0
 10
-9.396763866550305
 20
18.22162135780399
 30
0.0000000000000089
  0
VERTEX
  5
10E79
  8
0
 10
-9.382802556528159
 20
18.21142389438382
 30
0.0000000000000089
  0
VERTEX
  5
10E7A
  8
0
 10
-9.36866686443685
 20
18.20146919975457
 30
0.0000000000000089
  0
VERTEX
  5
10E7B
  8
0
 10
-9.354359941317645
 20
18.19175954756293
 30
0.0000000000000089
  0
VERTEX
  5
10E7C
  8
0
 10
-9.339884938211801
 20
18.18229721145564
 30
0.0000000000000089
  0
VERTEX
  5
10E7D
  8
0
 10
-9.32524500616058
 20
18.17308446507938
 30
0.0000000000000089
  0
VERTEX
  5
10E7E
  8
0
 10
-9.310443296205241
 20
18.16412358208089
 30
0.0000000000000089
  0
VERTEX
  5
10E7F
  8
0
 10
-9.295482959387048
 20
18.15541683610687
 30
0.0000000000000089
  0
VERTEX
  5
10E80
  8
0
 10
-9.28036865079112
 20
18.1469673247154
 30
0.0000000000000089
  0
VERTEX
  5
10E81
  8
0
 10
-9.265115116357018
 20
18.1387833164304
 30
0.0000000000000089
  0
VERTEX
  5
10E82
  8
0
 10
-9.24972829990673
 20
18.13086763996392
 30
0.0000000000000089
  0
VERTEX
  5
10E83
  8
0
 10
-9.234211791641663
 20
18.12322178158115
 30
0.0000000000000089
  0
VERTEX
  5
10E84
  8
0
 10
-9.218569181763229
 20
18.1158472275473
 30
0.0000000000000089
  0
VERTEX
  5
10E85
  8
0
 10
-9.202804060472838
 20
18.10874546412756
 30
0.0000000000000089
  0
VERTEX
  5
10E86
  8
0
 10
-9.1869200179719
 20
18.10191797758714
 30
0.0000000000000089
  0
VERTEX
  5
10E87
  8
0
 10
-9.170920644461816
 20
18.0953662541912
 30
0.0000000000000089
  0
VERTEX
  5
10E88
  8
0
 10
-9.154809530144007
 20
18.08909178020497
 30
0.0000000000000089
  0
VERTEX
  5
10E89
  8
0
 10
-9.138590265219882
 20
18.08309604189364
 30
0.0000000000000089
  0
VERTEX
  5
10E8A
  8
0
 10
-9.122266439890847
 20
18.0773805255224
 30
0.0000000000000089
  0
VERTEX
  5
10E8B
  8
0
 10
-9.105841644358312
 20
18.07194671735645
 30
0.0000000000000089
  0
VERTEX
  5
10E8C
  8
0
 10
-9.089319468823689
 20
18.06679610366099
 30
0.0000000000000089
  0
VERTEX
  5
10E8D
  8
0
 10
-9.072703503488388
 20
18.06193017070122
 30
0.0000000000000089
  0
SEQEND
  5
1185B
  8
0
  0
POLYLINE
  5
170
  8
0
 66
     1
 10
0.0
 20
0.0
 30
0.0
  0
VERTEX
  5
10E8E
  8
0
 10
-8.140143578927809
 20
17.8027668766082
 30
0.0
  0
VERTEX
  5
10E8F
  8
0
 10
-8.16291543095723
 20
17.80896481952913
 30
0.0
  0
VERTEX
  5
10E90
  8
0
 10
-8.185716406459584
 20
17.81517760422656
 30
0.0
  0
VERTEX
  5
10E91
  8
0
 10
-8.208546413053
 20
17.82140520037007
 30
0.0
  0
VERTEX
  5
10E92
  8
0
 10
-8.231405357090932
 20
17.82764757729213
 30
0.0
  0
VERTEX
  5
10E93
  8
0
 10
-8.254293143658844
 20
17.83390470398718
 30
0.0
  0
VERTEX
  5
10E94
  8
0
 10
-8.27720967657097
 20
17.8401765491109
 30
0.0
  0
VERTEX
  5
10E95
  8
0
 10
-8.300154858367037
 20
17.84646308097937
 30
0.0
  0
VERTEX
  5
10E96
  8
0
 10
-8.32312859030899
 20
17.85276426756828
 30
0.0
  0
VERTEX
  5
10E97
  8
0
 10
-8.346130772377718
 20
17.85908007651211
 30
0.0
  0
VERTEX
  5
10E98
  8
0
 10
-8.369161303269799
 20
17.86541047510334
 30
0.0
  0
VERTEX
  5
10E99
  8
0
 10
-8.392220080394207
 20
17.87175543029162
 30
0.0
  0
VERTEX
  5
10E9A
  8
0
 10
-8.41530699986907
 20
17.87811490868305
 30
0.0
  0
VERTEX
  5
10E9B
  8
0
 10
-8.438421956518376
 20
17.88448887653922
 30
0.0
  0
VERTEX
  5
10E9C
  8
0
 10
-8.461564843868706
 20
17.89087729977653
 30
0.0
  0
VERTEX
  5
10E9D
  8
0
 10
-8.484735554145978
 20
17.8972801439654
 30
0.0
  0
VERTEX
  5
10E9E
  8
0
 10
-8.507933978272163
 20
17.90369737432932
 30
0.0
  0
VERTEX
  5
10E9F
  8
0
 10
-8.53116000586202
 20
17.91012895574422
 30
0.0
  0
VERTEX
  5
10EA0
  8
0
 10
-8.55441352521982
 20
17.91657485273755
 30
0.0
  0
VERTEX
  5
10EA1
  8
0
 10
-8.57769442333608
 20
17.92303502948749
 30
0.0
  0
VERTEX
  5
10EA2
  8
0
 10
-8.601002585884306
 20
17.9295094498222
 30
0.0
  0
VERTEX
  5
10EA3
  8
0
 10
-8.624337897217687
 20
17.93599807721897
 30
0.0
  0
VERTEX
  5
10EA4
  8
0
 10
-8.647700240365866
 20
17.94250087480341
 30
0.0
  0
VERTEX
  5
10EA5
  8
0
 10
-8.671089497031641
 20
17.94901780534866
 30
0.0
  0
VERTEX
  5
10EA6
  8
0
 10
-8.694505547587706
 20
17.95554883127462
 30
0.0
  0
VERTEX
  5
10EA7
  8
0
 10
-8.717948271073375
 20
17.96209391464705
 30
0.0
  0
VERTEX
  5
10EA8
  8
0
 10
-8.741417545191325
 20
17.96865301717687
 30
0.0
  0
VERTEX
  5
10EA9
  8
0
 10
-8.764913246304307
 20
17.97522610021929
 30
0.0
  0
VERTEX
  5
10EAA
  8
0
 10
-8.788435249431888
 20
17.98181312477303
 30
0.0
  0
VERTEX
  5
10EAB
  8
0
 10
-8.811983428247174
 20
17.98841405147951
 30
0.0
  0
VERTEX
  5
10EAC
  8
0
 10
-8.835557655073552
 20
17.99502884062204
 30
0.0
  0
VERTEX
  5
10EAD
  8
0
 10
-8.859157800881398
 20
18.00165745212501
 30
0.0
  0
VERTEX
  5
10EAE
  8
0
 10
-8.882783735284828
 20
18.00829984555312
 30
0.0
  0
VERTEX
  5
10EAF
  8
0
 10
-8.906435326538414
 20
18.01495598011052
 30
0.0
  0
VERTEX
  5
10EB0
  8
0
 10
-8.93011244153392
 20
18.02162581464006
 30
0.0
  0
VERTEX
  5
10EB1
  8
0
 10
-8.953814945797031
 20
18.02830930762244
 30
0.0
  0
VERTEX
  5
10EB2
  8
0
 10
-8.97754270348408
 20
18.03500641717543
 30
0.0
  0
VERTEX
  5
10EB3
  8
0
 10
-9.001295577378782
 20
18.04171710105307
 30
0.0
  0
VERTEX
  5
10EB4
  8
0
 10
-9.025073428888954
 20
18.04844131664482
 30
0.0
  0
VERTEX
  5
10EB5
  8
0
 10
-9.048876118043257
 20
18.05517902097483
 30
0.0
  0
VERTEX
  5
10EB6
  8
0
 10
-9.072703503488423
 20
18.06193017070122
 30
0.0
  0
SEQEND
  5
1185C
  8
0
  0
POLYLINE
  5
171
  8
0
 66
     1
 10
0.0
 20
0.0
 30
0.0
  0
VERTEX
  5
10EB7
  8
0
 10
-8.140143578927809
 20
17.80276687660813
 30
0.0
  0
VERTEX
  5
10EB8
  8
0
 10
-8.123281215080166
 20
17.79833742006173
 30
0.0
  0
VERTEX
  5
10EB9
  8
0
 10
-8.106357308561433
 20
17.79420570337317
 30
0.0
  0
VERTEX
  5
10EBA
  8
0
 10
-8.089375800984438
 20
17.79037200642374
 30
0.0
  0
VERTEX
  5
10EBB
  8
0
 10
-8.072340633962021
 20
17.78683660909473
 30
0.0
  0
VERTEX
  5
10EBC
  8
0
 10
-8.055255749107015
 20
17.78359979126743
 30
0.0
  0
VERTEX
  5
10EBD
  8
0
 10
-8.038125088032263
 20
17.78066183282312
 30
0.0
  0
VERTEX
  5
10EBE
  8
0
 10
-8.020952592350596
 20
17.77802301364309
 30
0.0
  0
VERTEX
  5
10EBF
  8
0
 10
-8.00374220367485
 20
17.77568361360863
 30
0.0
  0
VERTEX
  5
10EC0
  8
0
 10
-7.98649786361786
 20
17.77364391260102
 30
0.0
  0
VERTEX
  5
10EC1
  8
0
 10
-7.969223513792461
 20
17.77190419050156
 30
0.0
  0
VERTEX
  5
10EC2
  8
0
 10
-7.951923095811493
 20
17.77046472719152
 30
0.0
  0
VERTEX
  5
10EC3
  8
0
 10
-7.934600551287788
 20
17.76932580255221
 30
0.0
  0
VERTEX
  5
10EC4
  8
0
 10
-7.917259821834184
 20
17.7684876964649
 30
0.0
  0
VERTEX
  5
10EC5
  8
0
 10
-7.899904849063516
 20
17.76795068881088
 30
0.0
  0
VERTEX
  5
10EC6
  8
0
 10
-7.882539574588621
 20
17.76771505947145
 30
0.0
  0
VERTEX
  5
10EC7
  8
0
 10
-7.865167940022334
 20
17.76778108832788
 30
0.0
  0
VERTEX
  5
10EC8
  8
0
 10
-7.84779388697749
 20
17.76814905526147
 30
0.0
  0
VERTEX
  5
10EC9
  8
0
 10
-7.830421357066927
 20
17.76881924015351
 30
0.0
  0
VERTEX
  5
10ECA
  8
0
 10
-7.813054291903479
 20
17.76979192288528
 30
0.0
  0
VERTEX
  5
10ECB
  8
0
 10
-7.795696633099983
 20
17.77106738333806
 30
0.0
  0
VERTEX
  5
10ECC
  8
0
 10
-7.778352322269273
 20
17.77264590139314
 30
0.0
  0
VERTEX
  5
10ECD
  8
0
 10
-7.761025301024187
 20
17.77452775693183
 30
0.0
  0
VERTEX
  5
10ECE
  8
0
 10
-7.743724877928018
 20
17.77671250555266
 30
0.0
  0
VERTEX
  5
10ECF
  8
0
 10
-7.726476736920316
 20
17.77919683215233
 30
0.0
  0
VERTEX
  5
10ED0
  8
0
 10
-7.709286961089742
 20
17.7819792252577
 30
0.0
  0
VERTEX
  5
10ED1
  8
0
 10
-7.692159303197782
 20
17.78505844736059
 30
0.0
  0
VERTEX
  5
10ED2
  8
0
 10
-7.675097516005922
 20
17.78843326095282
 30
0.0
  0
VERTEX
  5
10ED3
  8
0
 10
-7.658105352275656
 20
17.79210242852621
 30
0.0
  0
VERTEX
  5
10ED4
  8
0
 10
-7.641186564768459
 20
17.79606471257254
 30
0.0
  0
VERTEX
  5
10ED5
  8
0
 10
-7.624344906245827
 20
17.80031887558367
 30
0.0
  0
VERTEX
  5
10ED6
  8
0
 10
-7.607584129469242
 20
17.80486368005139
 30
0.0
  0
VERTEX
  5
10ED7
  8
0
 10
-7.590907987200189
 20
17.80969788846751
 30
0.0
  0
VERTEX
  5
10ED8
  8
0
 10
-7.574320232200157
 20
17.81482026332386
 30
0.0
  0
VERTEX
  5
10ED9
  8
0
 10
-7.557824617230631
 20
17.82022956711224
 30
0.0
  0
VERTEX
  5
10EDA
  8
0
 10
-7.541424895053098
 20
17.82592456232447
 30
0.0
  0
VERTEX
  5
10EDB
  8
0
 10
-7.525124818429049
 20
17.83190401145238
 30
0.0
  0
VERTEX
  5
10EDC
  8
0
 10
-7.508928140119963
 20
17.83816667698776
 30
0.0
  0
VERTEX
  5
10EDD
  8
0
 10
-7.492838612887327
 20
17.84471132142244
 30
0.0
  0
VERTEX
  5
10EDE
  8
0
 10
-7.476859989492634
 20
17.85153670724822
 30
0.0
  0
VERTEX
  5
10EDF
  8
0
 10
-7.460996022697364
 20
17.85864159695694
 30
0.0
  0
VERTEX
  5
10EE0
  8
0
 10
-7.445250465263009
 20
17.86602475304039
 30
0.0
  0
VERTEX
  5
10EE1
  8
0
 10
-7.429627069951049
 20
17.87368493799039
 30
0.0
  0
VERTEX
  5
10EE2
  8
0
 10
-7.414129589522975
 20
17.88162091429877
 30
0.0
  0
VERTEX
  5
10EE3
  8
0
 10
-7.398761776740273
 20
17.88983144445733
 30
0.0
  0
VERTEX
  5
10EE4
  8
0
 10
-7.383527826158397
 20
17.89831503988762
 30
0.0
  0
VERTEX
  5
10EE5
  8
0
 10
-7.368445161542939
 20
17.90706234990434
 30
0.0
  0
VERTEX
  5
10EE6
  8
0
 10
-7.353523599063618
 20
17.91606742141601
 30
0.0
  0
VERTEX
  5
10EE7
  8
0
 10
-7.338766341851928
 20
17.92532791046208
 30
0.0
  0
VERTEX
  5
10EE8
  8
0
 10
-7.324176593039361
 20
17.93484147308197
 30
0.0
  0
VERTEX
  5
10EE9
  8
0
 10
-7.309757555757415
 20
17.94460576531513
 30
0.0
  0
VERTEX
  5
10EEA
  8
0
 10
-7.295512433137582
 20
17.954618443201
 30
0.0
  0
VERTEX
  5
10EEB
  8
0
 10
-7.281444428311357
 20
17.96487716277901
 30
0.0
  0
VERTEX
  5
10EEC
  8
0
 10
-7.267556744410237
 20
17.9753795800886
 30
0.0
  0
VERTEX
  5
10EED
  8
0
 10
-7.253852584565715
 20
17.98612335116921
 30
0.0
  0
VERTEX
  5
10EEE
  8
0
 10
-7.24033515190929
 20
17.99710613206029
 30
0.0
  0
VERTEX
  5
10EEF
  8
0
 10
-7.22700764957245
 20
18.00832557880126
 30
0.0
  0
VERTEX
  5
10EF0
  8
0
 10
-7.213873280686695
 20
18.01977934743156
 30
0.0
  0
VERTEX
  5
10EF1
  8
0
 10
-7.200935248383517
 20
18.03146509399064
 30
0.0
  0
VERTEX
  5
10EF2
  8
0
 10
-7.188199134830947
 20
18.04337821032501
 30
0.0
  0
VERTEX
  5
10EF3
  8
0
 10
-7.175677542815889
 20
18.05550685174034
 30
0.0
  0
VERTEX
  5
10EF4
  8
0
 10
-7.163374083223627
 20
18.06784702478842
 30
0.0
  0
VERTEX
  5
10EF5
  8
0
 10
-7.151291319358592
 20
18.08039569901172
 30
0.0
  0
VERTEX
  5
10EF6
  8
0
 10
-7.139431814525211
 20
18.09314984395269
 30
0.0
  0
VERTEX
  5
10EF7
  8
0
 10
-7.127798132027912
 20
18.1061064291538
 30
0.0
  0
VERTEX
  5
10EF8
  8
0
 10
-7.116392835171125
 20
18.11926242415751
 30
0.0
  0
VERTEX
  5
10EF9
  8
0
 10
-7.105218487259281
 20
18.13261479850628
 30
0.0
  0
VERTEX
  5
10EFA
  8
0
 10
-7.094277651596803
 20
18.14616052174257
 30
0.0
  0
VERTEX
  5
10EFB
  8
0
 10
-7.083572891488124
 20
18.15989656340884
 30
0.0
  0
VERTEX
  5
10EFC
  8
0
 10
-7.073106770237674
 20
18.17381989304756
 30
0.0
  0
VERTEX
  5
10EFD
  8
0
 10
-7.062881851149877
 20
18.18792748020118
 30
0.0
  0
VERTEX
  5
10EFE
  8
0
 10
-7.052900697529165
 20
18.20221629441216
 30
0.0
  0
VERTEX
  5
10EFF
  8
0
 10
-7.043165872679968
 20
18.21668330522297
 30
0.0
  0
SEQEND
  5
1185D
  8
0
  0
ARC
  5
172
  8
0
 10
-5.374181196853062
 20
17.11464421705277
 30
0.0
 40
1.999999999999993
 50
9.900585797519673
 51
146.5630138972309
  0
POLYLINE
  5
173
  8
0
 66
     1
 10
0.0
 20
0.0
 30
0.0
  0
VERTEX
  5
10F00
  8
0
 10
-3.403966060285594
 20
17.4585225612972
 30
0.0
  0
VERTEX
  5
10F01
  8
0
 10
-3.400708136115685
 20
17.44080079467699
 30
0.0
  0
VERTEX
  5
10F02
  8
0
 10
-3.39713439257559
 20
17.4231546419617
 30
0.0
  0
VERTEX
  5
10F03
  8
0
 10
-3.393246397065337
 20
17.4055881743427
 30
0.0
  0
VERTEX
  5
10F04
  8
0
 10
-3.389045716984951
 20
17.38810546301138
 30
0.0
  0
VERTEX
  5
10F05
  8
0
 10
-3.384533919734458
 20
17.37071057915909
 30
0.0
  0
VERTEX
  5
10F06
  8
0
 10
-3.379712572713883
 20
17.35340759397723
 30
0.0
  0
VERTEX
  5
10F07
  8
0
 10
-3.374583243323252
 20
17.33620057865714
 30
0.0
  0
VERTEX
  5
10F08
  8
0
 10
-3.369147498962591
 20
17.31909360439021
 30
0.0
  0
VERTEX
  5
10F09
  8
0
 10
-3.363406907031925
 20
17.30209074236782
 30
0.0
  0
VERTEX
  5
10F0A
  8
0
 10
-3.35736303493128
 20
17.28519606378133
 30
0.0
  0
VERTEX
  5
10F0B
  8
0
 10
-3.351017450060684
 20
17.26841363982212
 30
0.0
  0
VERTEX
  5
10F0C
  8
0
 10
-3.344371719820159
 20
17.25174754168155
 30
0.0
  0
VERTEX
  5
10F0D
  8
0
 10
-3.337427411609733
 20
17.23520184055101
 30
0.0
  0
VERTEX
  5
10F0E
  8
0
 10
-3.330186092829432
 20
17.21878060762186
 30
0.0
  0
VERTEX
  5
10F0F
  8
0
 10
-3.32264933087928
 20
17.20248791408548
 30
0.0
  0
VERTEX
  5
10F10
  8
0
 10
-3.314818693159303
 20
17.18632783113323
 30
0.0
  0
VERTEX
  5
10F11
  8
0
 10
-3.306695747069528
 20
17.1703044299565
 30
0.0
  0
VERTEX
  5
10F12
  8
0
 10
-3.29828206000998
 20
17.15442178174665
 30
0.0
  0
VERTEX
  5
10F13
  8
0
 10
-3.289579199380684
 20
17.13868395769506
 30
0.0
  0
VERTEX
  5
10F14
  8
0
 10
-3.280588732581668
 20
17.1230950289931
 30
0.0
  0
VERTEX
  5
10F15
  8
0
 10
-3.271312227012954
 20
17.10765906683214
 30
0.0
  0
VERTEX
  5
10F16
  8
0
 10
-3.261752179979614
 20
17.09238159944015
 30
0.0
  0
VERTEX
  5
10F17
  8
0
 10
-3.251922919148553
 20
17.0772857670542
 30
0.0
  0
VERTEX
  5
10F18
  8
0
 10
-3.241831178692181
 20
17.06238083371829
 30
0.0
  0
VERTEX
  5
10F19
  8
0
 10
-3.23147995428866
 20
17.04766997074985
 30
0.0
  0
VERTEX
  5
10F1A
  8
0
 10
-3.220872241616159
 20
17.03315634946634
 30
0.0
  0
VERTEX
  5
10F1B
  8
0
 10
-3.210011036352841
 20
17.0188431411852
 30
0.0
  0
VERTEX
  5
10F1C
  8
0
 10
-3.198899334176873
 20
17.00473351722388
 30
0.0
  0
VERTEX
  5
10F1D
  8
0
 10
-3.18754013076642
 20
16.99083064889983
 30
0.0
  0
VERTEX
  5
10F1E
  8
0
 10
-3.175936421799648
 20
16.97713770753052
 30
0.0
  0
VERTEX
  5
10F1F
  8
0
 10
-3.164091202954721
 20
16.96365786443336
 30
0.0
  0
VERTEX
  5
10F20
  8
0
 10
-3.152007469909805
 20
16.95039429092582
 30
0.0
  0
VERTEX
  5
10F21
  8
0
 10
-3.139688218343067
 20
16.93735015832535
 30
0.0
  0
VERTEX
  5
10F22
  8
0
 10
-3.127136443932672
 20
16.92452863794941
 30
0.0
  0
VERTEX
  5
10F23
  8
0
 10
-3.114355142356783
 20
16.91193290111542
 30
0.0
  0
VERTEX
  5
10F24
  8
0
 10
-3.101347309293569
 20
16.89956611914084
 30
0.0
  0
VERTEX
  5
10F25
  8
0
 10
-3.088115940421194
 20
16.88743146334314
 30
0.0
  0
VERTEX
  5
10F26
  8
0
 10
-3.074664031417822
 20
16.87553210503974
 30
0.0
  0
VERTEX
  5
10F27
  8
0
 10
-3.06099457796162
 20
16.8638712155481
 30
0.0
  0
VERTEX
  5
10F28
  8
0
 10
-3.047110575730755
 20
16.85245196618568
 30
0.0
  0
VERTEX
  5
10F29
  8
0
 10
-3.03301502040339
 20
16.84127752826991
 30
0.0
  0
VERTEX
  5
10F2A
  8
0
 10
-3.018710907657691
 20
16.83035107311825
 30
0.0
  0
VERTEX
  5
10F2B
  8
0
 10
-3.004201233171824
 20
16.81967577204814
 30
0.0
  0
VERTEX
  5
10F2C
  8
0
 10
-2.989493708353987
 20
16.80925807447199
 30
0.0
  0
VERTEX
  5
10F2D
  8
0
 10
-2.974607450372208
 20
16.79911157234487
 30
0.0
  0
VERTEX
  5
10F2E
  8
0
 10
-2.959547565878472
 20
16.78923922452985
 30
0.0
  0
VERTEX
  5
10F2F
  8
0
 10
-2.944317918955992
 20
16.77964309298853
 30
0.0
  0
VERTEX
  5
10F30
  8
0
 10
-2.928922373687983
 20
16.77032523968255
 30
0.0
  0
VERTEX
  5
10F31
  8
0
 10
-2.913364794157656
 20
16.76128772657353
 30
0.0
  0
VERTEX
  5
10F32
  8
0
 10
-2.897649044448225
 20
16.75253261562309
 30
0.0
  0
VERTEX
  5
10F33
  8
0
 10
-2.881778988642903
 20
16.74406196879287
 30
0.0
  0
VERTEX
  5
10F34
  8
0
 10
-2.865758490824903
 20
16.7358778480445
 30
0.0
  0
VERTEX
  5
10F35
  8
0
 10
-2.849591415077438
 20
16.72798231533958
 30
0.0
  0
VERTEX
  5
10F36
  8
0
 10
-2.833281625483719
 20
16.72037743263975
 30
0.0
  0
VERTEX
  5
10F37
  8
0
 10
-2.816832986126963
 20
16.71306526190665
 30
0.0
  0
VERTEX
  5
10F38
  8
0
 10
-2.800249361090381
 20
16.70604786510188
 30
0.0
  0
VERTEX
  5
10F39
  8
0
 10
-2.783534614457186
 20
16.69932730418709
 30
0.0
  0
VERTEX
  5
10F3A
  8
0
 10
-2.766693680449328
 20
16.69290603820698
 30
0.0
  0
VERTEX
  5
10F3B
  8
0
 10
-2.749744740721496
 20
16.68679108766626
 30
0.0
  0
VERTEX
  5
10F3C
  8
0
 10
-2.732696453084351
 20
16.68098518155433
 30
0.0
  0
VERTEX
  5
10F3D
  8
0
 10
-2.715553079790844
 20
16.67548932785166
 30
0.0
  0
VERTEX
  5
10F3E
  8
0
 10
-2.698318883093923
 20
16.67030453453871
 30
0.0
  0
VERTEX
  5
10F3F
  8
0
 10
-2.680998125246537
 20
16.66543180959594
 30
0.0
  0
VERTEX
  5
10F40
  8
0
 10
-2.663595068501635
 20
16.66087216100382
 30
0.0
  0
VERTEX
  5
10F41
  8
0
 10
-2.646113975112169
 20
16.65662659674282
 30
0.0
  0
VERTEX
  5
10F42
  8
0
 10
-2.628559107331085
 20
16.6526961247934
 30
0.0
  0
VERTEX
  5
10F43
  8
0
 10
-2.610934727411334
 20
16.64908175313603
 30
0.0
  0
VERTEX
  5
10F44
  8
0
 10
-2.593245097605866
 20
16.64578448975118
 30
0.0
  0
VERTEX
  5
10F45
  8
0
 10
-2.575494480167628
 20
16.6428053426193
 30
0.0
  0
VERTEX
  5
10F46
  8
0
 10
-2.557687137349572
 20
16.64014531972087
 30
0.0
  0
VERTEX
  5
10F47
  8
0
 10
-2.539827331404645
 20
16.63780542903634
 30
0.0
  0
VERTEX
  5
10F48
  8
0
 10
-2.521919324585799
 20
16.63578667854619
 30
0.0
  0
SEQEND
  5
1185E
  8
0
  0
POLYLINE
  5
174
  8
0
 66
     1
 10
0.0
 20
0.0
 30
0.0
  0
VERTEX
  5
10F49
  8
0
 10
0.3956552214757244
 20
16.53892375329424
 30
0.0
  0
VERTEX
  5
10F4A
  8
0
 10
0.3416022697907313
 20
16.53782544537894
 30
0.0
  0
VERTEX
  5
10F4B
  8
0
 10
0.2877337323798526
 20
16.53679839369311
 30
0.0
  0
VERTEX
  5
10F4C
  8
0
 10
0.2340442971700686
 20
16.5358441695423
 30
0.0
  0
VERTEX
  5
10F4D
  8
0
 10
0.1805285557787816
 20
16.53496436355459
 30
0.0
  0
VERTEX
  5
10F4E
  8
0
 10
0.1271810055355148
 20
16.53416058516971
 30
0.0
  0
VERTEX
  5
10F4F
  8
0
 10
0.073996051503611
 20
16.53343446212819
 30
0.0
  0
VERTEX
  5
10F50
  8
0
 10
0.0209680085019309
 20
16.5327876399605
 30
0.0
  0
VERTEX
  5
10F51
  8
0
 10
-0.0319088968734476
 20
16.53222178147615
 30
0.0
  0
VERTEX
  5
10F52
  8
0
 10
-0.0846405242275314
 20
16.53173856625283
 30
0.0
  0
VERTEX
  5
10F53
  8
0
 10
-0.1372328173447132
 20
16.53133969012559
 30
0.0
  0
VERTEX
  5
10F54
  8
0
 10
-0.189691802167073
 20
16.53102686467591
 30
0.0
  0
VERTEX
  5
10F55
  8
0
 10
-0.2420235847726794
 20
16.53080181672082
 30
0.0
  0
VERTEX
  5
10F56
  8
0
 10
-0.2942343493538907
 20
16.53066628780212
 30
0.0
  0
VERTEX
  5
10F57
  8
0
 10
-0.3463303561956573
 20
16.53062203367542
 30
0.0
  0
VERTEX
  5
10F58
  8
0
 10
-0.398317939653821
 20
16.5306708237993
 30
0.0
  0
VERTEX
  5
10F59
  8
0
 10
-0.4502035061334191
 20
16.53081444082449
 30
0.0
  0
VERTEX
  5
10F5A
  8
0
 10
-0.501993532066983
 20
16.53105468008292
 30
0.0
  0
VERTEX
  5
10F5B
  8
0
 10
-0.5536945618928416
 20
16.53139334907691
 30
0.0
  0
VERTEX
  5
10F5C
  8
0
 10
-0.6053132060334218
 20
16.53183226696828
 30
0.0
  0
VERTEX
  5
10F5D
  8
0
 10
-0.6568561388735495
 20
16.53237326406747
 30
0.0
  0
VERTEX
  5
10F5E
  8
0
 10
-0.7083300967387521
 20
16.5330181813227
 30
0.0
  0
VERTEX
  5
10F5F
  8
0
 10
-0.7597418758735586
 20
16.53376886980909
 30
0.0
  0
VERTEX
  5
10F60
  8
0
 10
-0.8110983304110759
 20
16.53462719021574
 30
0.0
  0
VERTEX
  5
10F61
  8
0
 10
-0.8624063701548296
 20
16.53559501228915
 30
0.0
  0
VERTEX
  5
10F62
  8
0
 10
-0.9136729579383676
 20
16.53667421417825
 30
0.0
  0
VERTEX
  5
10F63
  8
0
 10
-0.9649051068376936
 20
16.53786668174525
 30
0.0
  0
VERTEX
  5
10F64
  8
0
 10
-1.016109877379066
 20
16.53917430787534
 30
0.0
  0
VERTEX
  5
10F65
  8
0
 10
-1.067294374746797
 20
16.54059899178639
 30
0.0
  0
VERTEX
  5
10F66
  8
0
 10
-1.118465745991058
 20
16.54214263833871
 30
0.0
  0
VERTEX
  5
10F67
  8
0
 10
-1.169631177235673
 20
16.54380715734479
 30
0.0
  0
VERTEX
  5
10F68
  8
0
 10
-1.220797890885925
 20
16.54559446287896
 30
0.0
  0
VERTEX
  5
10F69
  8
0
 10
-1.271973142836352
 20
16.54750647258716
 30
0.0
  0
VERTEX
  5
10F6A
  8
0
 10
-1.323164219678551
 20
16.54954510699667
 30
0.0
  0
VERTEX
  5
10F6B
  8
0
 10
-1.374378435908977
 20
16.55171228882581
 30
0.0
  0
VERTEX
  5
10F6C
  8
0
 10
-1.425623131136741
 20
16.55400994229367
 30
0.0
  0
VERTEX
  5
10F6D
  8
0
 10
-1.476905667291416
 20
16.55643999242984
 30
0.0
  0
VERTEX
  5
10F6E
  8
0
 10
-1.52823342583083
 20
16.55900436438413
 30
0.0
  0
VERTEX
  5
10F6F
  8
0
 10
-1.579613804948875
 20
16.56170498273631
 30
0.0
  0
VERTEX
  5
10F70
  8
0
 10
-1.631054216783299
 20
16.56454377080582
 30
0.0
  0
VERTEX
  5
10F71
  8
0
 10
-1.682562084623512
 20
16.56752264996146
 30
0.0
  0
VERTEX
  5
10F72
  8
0
 10
-1.734144840118386
 20
16.57064353893119
 30
0.0
  0
VERTEX
  5
10F73
  8
0
 10
-1.78580992048405
 20
16.57390835311179
 30
0.0
  0
VERTEX
  5
10F74
  8
0
 10
-1.837564765711699
 20
16.57731900387862
 30
0.0
  0
VERTEX
  5
10F75
  8
0
 10
-1.889416815775387
 20
16.58087739789533
 30
0.0
  0
VERTEX
  5
10F76
  8
0
 10
-1.941373507839832
 20
16.58458543642357
 30
0.0
  0
VERTEX
  5
10F77
  8
0
 10
-1.993442273468213
 20
16.58844501463274
 30
0.0
  0
VERTEX
  5
10F78
  8
0
 10
-2.045630535829974
 20
16.59245802090972
 30
0.0
  0
VERTEX
  5
10F79
  8
0
 10
-2.097945706908621
 20
16.59662633616856
 30
0.0
  0
VERTEX
  5
10F7A
  8
0
 10
-2.150395184709525
 20
16.60095183316021
 30
0.0
  0
VERTEX
  5
10F7B
  8
0
 10
-2.202986350467721
 20
16.60543637578229
 30
0.0
  0
VERTEX
  5
10F7C
  8
0
 10
-2.255726565855708
 20
16.61008181838875
 30
0.0
  0
VERTEX
  5
10F7D
  8
0
 10
-2.308623170191252
 20
16.61489000509965
 30
0.0
  0
VERTEX
  5
10F7E
  8
0
 10
-2.361683477645183
 20
16.61986276911083
 30
0.0
  0
VERTEX
  5
10F7F
  8
0
 10
-2.414914774449196
 20
16.6250019320037
 30
0.0
  0
VERTEX
  5
10F80
  8
0
 10
-2.468324316103656
 20
16.63030930305489
 30
0.0
  0
VERTEX
  5
10F81
  8
0
 10
-2.521919324585799
 20
16.63578667854619
 30
0.0
  0
SEQEND
  5
1185F
  8
0
  0
POLYLINE
  5
175
  8
0
 66
     1
 10
0.0
 20
0.0
 30
0.0
  0
VERTEX
  5
10F82
  8
0
 10
0.3956552214757244
 20
16.53892375329417
 30
0.0
  0
VERTEX
  5
10F83
  8
0
 10
0.4130225367910496
 20
16.53943826983967
 30
0.0
  0
VERTEX
  5
10F84
  8
0
 10
0.4303649222871756
 20
16.54025371864843
 30
0.0
  0
VERTEX
  5
10F85
  8
0
 10
0.447678557344429
 20
16.54136926283616
 30
0.0
  0
VERTEX
  5
10F86
  8
0
 10
0.4649596213431363
 20
16.54278406551855
 30
0.0
  0
VERTEX
  5
10F87
  8
0
 10
0.4822042936636236
 20
16.54449728981131
 30
0.0
  0
VERTEX
  5
10F88
  8
0
 10
0.4994087536862177
 20
16.54650809883016
 30
0.0
  0
VERTEX
  5
10F89
  8
0
 10
0.5165691807912451
 20
16.54881565569077
 30
0.0
  0
VERTEX
  5
10F8A
  8
0
 10
0.5336817543590321
 20
16.55141912350888
 30
0.0
  0
VERTEX
  5
10F8B
  8
0
 10
0.5507426537699052
 20
16.55431766540016
 30
0.0
  0
VERTEX
  5
10F8C
  8
0
 10
0.5677480584041907
 20
16.55751044448033
 30
0.0
  0
VERTEX
  5
10F8D
  8
0
 10
0.5846941476422154
 20
16.5609966238651
 30
0.0
  0
VERTEX
  5
10F8E
  8
0
 10
0.6015771008643054
 20
16.56477536667016
 30
0.0
  0
VERTEX
  5
10F8F
  8
0
 10
0.6183930974507873
 20
16.56884583601122
 30
0.0
  0
VERTEX
  5
10F90
  8
0
 10
0.6351383167819876
 20
16.57320719500399
 30
0.0
  0
VERTEX
  5
10F91
  8
0
 10
0.6518089382382326
 20
16.57785860676416
 30
0.0
  0
VERTEX
  5
10F92
  8
0
 10
0.668401141199849
 20
16.58279923440745
 30
0.0
  0
VERTEX
  5
10F93
  8
0
 10
0.684911105047163
 20
16.58802824104955
 30
0.0
  0
VERTEX
  5
10F94
  8
0
 10
0.7013350091605015
 20
16.59354478980616
 30
0.0
  0
VERTEX
  5
10F95
  8
0
 10
0.7176690329201905
 20
16.599348043793
 30
0.0
  0
VERTEX
  5
10F96
  8
0
 10
0.7339093557065564
 20
16.60543716612577
 30
0.0
  0
VERTEX
  5
10F97
  8
0
 10
0.750052156899926
 20
16.61181131992016
 30
0.0
  0
VERTEX
  5
10F98
  8
0
 10
0.7660936158806257
 20
16.61846966829189
 30
0.0
  0
VERTEX
  5
10F99
  8
0
 10
0.7820261699335709
 20
16.62540970627104
 30
0.0
  0
VERTEX
  5
10F9A
  8
0
 10
0.7978259888203075
 20
16.63262103406754
 30
0.0
  0
VERTEX
  5
10F9B
  8
0
 10
0.8134868022318185
 20
16.64010012779842
 30
0.0
  0
VERTEX
  5
10F9C
  8
0
 10
0.8290053933214938
 20
16.6478447627372
 30
0.0
  0
VERTEX
  5
10F9D
  8
0
 10
0.8443785452427248
 20
16.65585271415741
 30
0.0
  0
VERTEX
  5
10F9E
  8
0
 10
0.8596030411489015
 20
16.66412175733256
 30
0.0
  0
VERTEX
  5
10F9F
  8
0
 10
0.8746756641934148
 20
16.67264966753618
 30
0.0
  0
VERTEX
  5
10FA0
  8
0
 10
0.8895931975296548
 20
16.68143422004178
 30
0.0
  0
VERTEX
  5
10FA1
  8
0
 10
0.9043524243110128
 20
16.6904731901229
 30
0.0
  0
VERTEX
  5
10FA2
  8
0
 10
0.918950127690879
 20
16.69976435305304
 30
0.0
  0
VERTEX
  5
10FA3
  8
0
 10
0.9333830908226437
 20
16.70930548410574
 30
0.0
  0
VERTEX
  5
10FA4
  8
0
 10
0.947648096859698
 20
16.7190943585545
 30
0.0
  0
VERTEX
  5
10FA5
  8
0
 10
0.9617419289554321
 20
16.72912875167286
 30
0.0
  0
VERTEX
  5
10FA6
  8
0
 10
0.9756613702632368
 20
16.73940643873433
 30
0.0
  0
VERTEX
  5
10FA7
  8
0
 10
0.9894032039365026
 20
16.74992519501243
 30
0.0
  0
VERTEX
  5
10FA8
  8
0
 10
1.00296421312862
 20
16.76068279578069
 30
0.0
  0
VERTEX
  5
10FA9
  8
0
 10
1.01634118099298
 20
16.77167701631262
 30
0.0
  0
VERTEX
  5
10FAA
  8
0
 10
1.029530890682972
 20
16.78290563188176
 30
0.0
  0
VERTEX
  5
10FAB
  8
0
 10
1.042530125351988
 20
16.7943664177616
 30
0.0
  0
VERTEX
  5
10FAC
  8
0
 10
1.055335668153418
 20
16.80605714922569
 30
0.0
  0
VERTEX
  5
10FAD
  8
0
 10
1.067944302240653
 20
16.81797560154754
 30
0.0
  0
VERTEX
  5
10FAE
  8
0
 10
1.080352810767082
 20
16.83011955000067
 30
0.0
  0
VERTEX
  5
10FAF
  8
0
 10
1.092557954038057
 20
16.84248674630191
 30
0.0
  0
VERTEX
  5
10FB0
  8
0
 10
1.104547603204359
 20
16.85506545450404
 30
0.0
  0
VERTEX
  5
10FB1
  8
0
 10
1.116311847922297
 20
16.86784506229171
 30
0.0
  0
VERTEX
  5
10FB2
  8
0
 10
1.12784829925652
 20
16.8808224505826
 30
0.0
  0
VERTEX
  5
10FB3
  8
0
 10
1.139154568271679
 20
16.89399450029438
 30
0.0
  0
VERTEX
  5
10FB4
  8
0
 10
1.150228266032423
 20
16.90735809234473
 30
0.0
  0
VERTEX
  5
10FB5
  8
0
 10
1.161067003603401
 20
16.9209101076513
 30
0.0
  0
VERTEX
  5
10FB6
  8
0
 10
1.171668392049264
 20
16.93464742713178
 30
0.0
  0
VERTEX
  5
10FB7
  8
0
 10
1.182030042434661
 20
16.94856693170383
 30
0.0
  0
VERTEX
  5
10FB8
  8
0
 10
1.192149565824242
 20
16.96266550228512
 30
0.0
  0
VERTEX
  5
10FB9
  8
0
 10
1.202024573282655
 20
16.97694001979333
 30
0.0
  0
VERTEX
  5
10FBA
  8
0
 10
1.211652675874552
 20
16.99138736514612
 30
0.0
  0
VERTEX
  5
10FBB
  8
0
 10
1.221031484664582
 20
17.00600441926117
 30
0.0
  0
VERTEX
  5
10FBC
  8
0
 10
1.230158610717393
 20
17.02078806305615
 30
0.0
  0
VERTEX
  5
10FBD
  8
0
 10
1.23903042657751
 20
17.03573304948776
 30
0.0
  0
VERTEX
  5
10FBE
  8
0
 10
1.247638150416719
 20
17.0508245649971
 30
0.0
  0
VERTEX
  5
10FBF
  8
0
 10
1.255979151952398
 20
17.06605731428425
 30
0.0
  0
VERTEX
  5
10FC0
  8
0
 10
1.264051833626128
 20
17.08142770799079
 30
0.0
  0
VERTEX
  5
10FC1
  8
0
 10
1.271854597879491
 20
17.09693215675833
 30
0.0
  0
VERTEX
  5
10FC2
  8
0
 10
1.279385847154067
 20
17.11256707122845
 30
0.0
  0
VERTEX
  5
10FC3
  8
0
 10
1.286643983891439
 20
17.12832886204275
 30
0.0
  0
VERTEX
  5
10FC4
  8
0
 10
1.293627410533187
 20
17.14421393984281
 30
0.0
  0
VERTEX
  5
10FC5
  8
0
 10
1.300334529520891
 20
17.16021871527023
 30
0.0
  0
VERTEX
  5
10FC6
  8
0
 10
1.306763743296135
 20
17.17633959896659
 30
0.0
  0
VERTEX
  5
10FC7
  8
0
 10
1.312913454300498
 20
17.1925730015735
 30
0.0
  0
VERTEX
  5
10FC8
  8
0
 10
1.318782064975562
 20
17.20891533373253
 30
0.0
  0
VERTEX
  5
10FC9
  8
0
 10
1.324367977762908
 20
17.22536300608529
 30
0.0
  0
VERTEX
  5
10FCA
  8
0
 10
1.329669595104118
 20
17.24191242927337
 30
0.0
  0
SEQEND
  5
11860
  8
0
  0
ARC
  5
176
  8
0
 10
3.239553697396498
 20
16.64832779688233
 30
0.0
 40
1.999999999999993
 50
22.20417652493765
 51
162.7349563356721
  0
POLYLINE
  5
177
  8
0
 66
     1
 10
0.0
 20
0.0
 30
0.0
  0
VERTEX
  5
10FCB
  8
0
 10
5.091239777359991
 20
17.40414434953867
 30
0.0
  0
VERTEX
  5
10FCC
  8
0
 10
5.097852117614822
 20
17.38833328847782
 30
0.0
  0
VERTEX
  5
10FCD
  8
0
 10
5.104729116067405
 20
17.3726497733334
 30
0.0
  0
VERTEX
  5
10FCE
  8
0
 10
5.111868708756673
 20
17.35709693900409
 30
0.0
  0
VERTEX
  5
10FCF
  8
0
 10
5.119268831721556
 20
17.34167792038854
 30
0.0
  0
VERTEX
  5
10FD0
  8
0
 10
5.126927421000994
 20
17.32639585238545
 30
0.0
  0
VERTEX
  5
10FD1
  8
0
 10
5.134842412633918
 20
17.3112538698935
 30
0.0
  0
VERTEX
  5
10FD2
  8
0
 10
5.143011742659257
 20
17.29625510781135
 30
0.0
  0
VERTEX
  5
10FD3
  8
0
 10
5.151433347115953
 20
17.28140270103769
 30
0.0
  0
VERTEX
  5
10FD4
  8
0
 10
5.160105162042933
 20
17.2666997844712
 30
0.0
  0
VERTEX
  5
10FD5
  8
0
 10
5.169025123479133
 20
17.25214949301055
 30
0.0
  0
VERTEX
  5
10FD6
  8
0
 10
5.178191167463488
 20
17.23775496155442
 30
0.0
  0
VERTEX
  5
10FD7
  8
0
 10
5.187601230034928
 20
17.22351932500149
 30
0.0
  0
VERTEX
  5
10FD8
  8
0
 10
5.197253247232391
 20
17.20944571825045
 30
0.0
  0
VERTEX
  5
10FD9
  8
0
 10
5.207145155094809
 20
17.19553727619995
 30
0.0
  0
VERTEX
  5
10FDA
  8
0
 10
5.217274889661113
 20
17.18179713374869
 30
0.0
  0
VERTEX
  5
10FDB
  8
0
 10
5.227640386970242
 20
17.16822842579534
 30
0.0
  0
VERTEX
  5
10FDC
  8
0
 10
5.238239583061125
 20
17.15483428723858
 30
0.0
  0
VERTEX
  5
10FDD
  8
0
 10
5.249070413972697
 20
17.14161785297708
 30
0.0
  0
VERTEX
  5
10FDE
  8
0
 10
5.260130815743892
 20
17.12858225790953
 30
0.0
  0
VERTEX
  5
10FDF
  8
0
 10
5.271418724413645
 20
17.1157306369346
 30
0.0
  0
VERTEX
  5
10FE0
  8
0
 10
5.282932076020888
 20
17.10306612495098
 30
0.0
  0
VERTEX
  5
10FE1
  8
0
 10
5.294668806604555
 20
17.09059185685733
 30
0.0
  0
VERTEX
  5
10FE2
  8
0
 10
5.3066263817455
 20
17.0783114425652
 30
0.0
  0
VERTEX
  5
10FE3
  8
0
 10
5.318788933097092
 20
17.06624144673226
 30
0.0
  0
VERTEX
  5
10FE4
  8
0
 10
5.331147236708969
 20
17.05439038128703
 30
0.0
  0
VERTEX
  5
10FE5
  8
0
 10
5.343698192983303
 20
17.04276036283487
 30
0.0
  0
VERTEX
  5
10FE6
  8
0
 10
5.356438702322253
 20
17.03135350798115
 30
0.0
  0
VERTEX
  5
10FE7
  8
0
 10
5.369365665127988
 20
17.02017193333123
 30
0.0
  0
VERTEX
  5
10FE8
  8
0
 10
5.382475981802673
 20
17.00921775549047
 30
0.0
  0
VERTEX
  5
10FE9
  8
0
 10
5.395766552748479
 20
16.99849309106425
 30
0.0
  0
VERTEX
  5
10FEA
  8
0
 10
5.409234278367566
 20
16.98800005665793
 30
0.0
  0
VERTEX
  5
10FEB
  8
0
 10
5.422876059062103
 20
16.97774076887687
 30
0.0
  0
VERTEX
  5
10FEC
  8
0
 10
5.436688795234255
 20
16.96771734432644
 30
0.0
  0
VERTEX
  5
10FED
  8
0
 10
5.450669387286189
 20
16.957931899612
 30
0.0
  0
VERTEX
  5
10FEE
  8
0
 10
5.46481473562007
 20
16.94838655133892
 30
0.0
  0
VERTEX
  5
10FEF
  8
0
 10
5.479121740638066
 20
16.93908341611256
 30
0.0
  0
VERTEX
  5
10FF0
  8
0
 10
5.49358730274234
 20
16.93002461053829
 30
0.0
  0
VERTEX
  5
10FF1
  8
0
 10
5.50820832233506
 20
16.92121225122147
 30
0.0
  0
VERTEX
  5
10FF2
  8
0
 10
5.522981699818393
 20
16.91264845476747
 30
0.0
  0
VERTEX
  5
10FF3
  8
0
 10
5.537904335594503
 20
16.90433533778166
 30
0.0
  0
VERTEX
  5
10FF4
  8
0
 10
5.552973130065557
 20
16.8962750168694
 30
0.0
  0
VERTEX
  5
10FF5
  8
0
 10
5.568184983633721
 20
16.88846960863604
 30
0.0
  0
VERTEX
  5
10FF6
  8
0
 10
5.583536796701162
 20
16.88092122968696
 30
0.0
  0
VERTEX
  5
10FF7
  8
0
 10
5.599025469670044
 20
16.87363199662753
 30
0.0
  0
VERTEX
  5
10FF8
  8
0
 10
5.614647902942535
 20
16.86660402606311
 30
0.0
  0
VERTEX
  5
10FF9
  8
0
 10
5.630399048979577
 20
16.85984025161721
 30
0.0
  0
VERTEX
  5
10FFA
  8
0
 10
5.64626001138581
 20
16.85334898923765
 30
0.0
  0
VERTEX
  5
10FFB
  8
0
 10
5.662223813700734
 20
16.84713280020467
 30
0.0
  0
VERTEX
  5
10FFC
  8
0
 10
5.678286843797921
 20
16.84119276735174
 30
0.0
  0
VERTEX
  5
10FFD
  8
0
 10
5.694445489550943
 20
16.83552997351232
 30
0.0
  0
VERTEX
  5
10FFE
  8
0
 10
5.710696138833378
 20
16.83014550151986
 30
0.0
  0
VERTEX
  5
10FFF
  8
0
 10
5.727035179518793
 20
16.82504043420782
 30
0.0
  0
VERTEX
  5
11000
  8
0
 10
5.74345899948077
 20
16.82021585440968
 30
0.0
  0
VERTEX
  5
11001
  8
0
 10
5.759963986592877
 20
16.81567284495888
 30
0.0
  0
VERTEX
  5
11002
  8
0
 10
5.776546528728685
 20
16.81141248868888
 30
0.0
  0
VERTEX
  5
11003
  8
0
 10
5.793203013761773
 20
16.80743586843315
 30
0.0
  0
VERTEX
  5
11004
  8
0
 10
5.809929829565712
 20
16.80374406702514
 30
0.0
  0
VERTEX
  5
11005
  8
0
 10
5.826723364014077
 20
16.80033816729832
 30
0.0
  0
VERTEX
  5
11006
  8
0
 10
5.843579623690141
 20
16.79721931926923
 30
0.0
  0
VERTEX
  5
11007
  8
0
 10
5.860483978027695
 20
16.79439033424104
 30
0.0
  0
VERTEX
  5
11008
  8
0
 10
5.87742762983927
 20
16.7918524325292
 30
0.0
  0
VERTEX
  5
11009
  8
0
 10
5.894406816126539
 20
16.78960585873381
 30
0.0
  0
VERTEX
  5
1100A
  8
0
 10
5.911417773891174
 20
16.78765085745496
 30
0.0
  0
VERTEX
  5
1100B
  8
0
 10
5.928456740134847
 20
16.78598767329276
 30
0.0
  0
VERTEX
  5
1100C
  8
0
 10
5.945519951859232
 20
16.78461655084728
 30
0.0
  0
VERTEX
  5
1100D
  8
0
 10
5.962603646065996
 20
16.78353773471861
 30
0.0
  0
VERTEX
  5
1100E
  8
0
 10
5.979704059756813
 20
16.78275146950685
 30
0.0
  0
VERTEX
  5
1100F
  8
0
 10
5.996817429933356
 20
16.78225799981209
 30
0.0
  0
VERTEX
  5
11010
  8
0
 10
6.013939993597294
 20
16.78205757023442
 30
0.0
  0
VERTEX
  5
11011
  8
0
 10
6.031067987750301
 20
16.78215042537393
 30
0.0
  0
VERTEX
  5
11012
  8
0
 10
6.048197649394049
 20
16.78253680983072
 30
0.0
  0
VERTEX
  5
11013
  8
0
 10
6.065325215530205
 20
16.78321696820487
 30
0.0
  0
SEQEND
  5
11861
  8
0
  0
POLYLINE
  5
178
  8
0
 66
     1
 10
0.0
 20
0.0
 30
0.0
  0
VERTEX
  5
11014
  8
0
 10
9.038517176165538
 20
16.93107212812024
 30
0.0
  0
VERTEX
  5
11015
  8
0
 10
8.973928009397724
 20
16.92771193481271
 30
0.0
  0
VERTEX
  5
11016
  8
0
 10
8.909430716759616
 20
16.92436591082593
 30
0.0
  0
VERTEX
  5
11017
  8
0
 10
8.845026735560442
 20
16.92103388276941
 30
0.0
  0
VERTEX
  5
11018
  8
0
 10
8.780717497633338
 20
16.91771567924606
 30
0.0
  0
VERTEX
  5
11019
  8
0
 10
8.716504429144324
 20
16.91441113088698
 30
0.0
  0
VERTEX
  5
1101A
  8
0
 10
8.65238895040126
 20
16.91112007038622
 30
0.0
  0
VERTEX
  5
1101B
  8
0
 10
8.588372475662803
 20
16.90784233253558
 30
0.0
  0
VERTEX
  5
1101C
  8
0
 10
8.524456412947387
 20
16.90457775425935
 30
0.0
  0
VERTEX
  5
1101D
  8
0
 10
8.46064216384218
 20
16.90132617464911
 30
0.0
  0
VERTEX
  5
1101E
  8
0
 10
8.396931123312058
 20
16.89808743499851
 30
0.0
  0
VERTEX
  5
1101F
  8
0
 10
8.333324679508538
 20
16.89486137883798
 30
0.0
  0
VERTEX
  5
11020
  8
0
 10
8.26982421357878
 20
16.8916478519696
 30
0.0
  0
VERTEX
  5
11021
  8
0
 10
8.206431099474534
 20
16.8884467025018
 30
0.0
  0
VERTEX
  5
11022
  8
0
 10
8.143146703761104
 20
16.88525778088416
 30
0.0
  0
VERTEX
  5
11023
  8
0
 10
8.079972385426291
 20
16.8820809399422
 30
0.0
  0
VERTEX
  5
11024
  8
0
 10
8.016909495686237
 20
16.87891603491277
 30
0.0
  0
VERTEX
  5
11025
  8
0
 10
7.953959377773829
 20
16.87576292348304
 30
0.0
  0
VERTEX
  5
11026
  8
0
 10
7.891123366712798
 20
16.87262146583243
 30
0.0
  0
VERTEX
  5
11027
  8
0
 10
7.828402789090207
 20
16.8694915246748
 30
0.0
  0
VERTEX
  5
11028
  8
0
 10
7.765798962828955
 20
16.86637296530072
 30
0.0
  0
VERTEX
  5
11029
  8
0
 10
7.70331319696027
 20
16.86326565561973
 30
0.0
  0
VERTEX
  5
1102A
  8
0
 10
7.640946791396203
 20
16.8601694662025
 30
0.0
  0
VERTEX
  5
1102B
  8
0
 10
7.578701036702139
 20
16.85708427032318
 30
0.0
  0
VERTEX
  5
1102C
  8
0
 10
7.516577213869272
 20
16.85400994400149
 30
0.0
  0
VERTEX
  5
1102D
  8
0
 10
7.454576594087131
 20
16.85094636604513
 30
0.0
  0
VERTEX
  5
1102E
  8
0
 10
7.392700438516036
 20
16.84789341809185
 30
0.0
  0
VERTEX
  5
1102F
  8
0
 10
7.330949998059644
 20
16.84485098465181
 30
0.0
  0
VERTEX
  5
11030
  8
0
 10
7.269326513137402
 20
16.84181895314974
 30
0.0
  0
VERTEX
  5
11031
  8
0
 10
7.207831213457077
 20
16.83879721396724
 30
0.0
  0
VERTEX
  5
11032
  8
0
 10
7.146465317787232
 20
16.83578566048494
 30
0.0
  0
VERTEX
  5
11033
  8
0
 10
7.085230033729734
 20
16.83278418912482
 30
0.0
  0
VERTEX
  5
11034
  8
0
 10
7.024126557492242
 20
16.82979269939239
 30
0.0
  0
VERTEX
  5
11035
  8
0
 10
6.963156073660715
 20
16.82681109391894
 30
0.0
  0
VERTEX
  5
11036
  8
0
 10
6.9023197549719
 20
16.82383927850378
 30
0.0
  0
VERTEX
  5
11037
  8
0
 10
6.841618762085837
 20
16.8208771621565
 30
0.0
  0
VERTEX
  5
11038
  8
0
 10
6.781054243358342
 20
16.81792465713916
 30
0.0
  0
VERTEX
  5
11039
  8
0
 10
6.720627334613526
 20
16.81498167900855
 30
0.0
  0
VERTEX
  5
1103A
  8
0
 10
6.660339158916267
 20
16.81204814665846
 30
0.0
  0
VERTEX
  5
1103B
  8
0
 10
6.60019082634473
 20
16.80912398236184
 30
0.0
  0
VERTEX
  5
1103C
  8
0
 10
6.540183433762849
 20
16.80620911181312
 30
0.0
  0
VERTEX
  5
1103D
  8
0
 10
6.480318064592822
 20
16.80330346417039
 30
0.0
  0
VERTEX
  5
1103E
  8
0
 10
6.420595788587628
 20
16.80040697209766
 30
0.0
  0
VERTEX
  5
1103F
  8
0
 10
6.361017661603501
 20
16.79751957180709
 30
0.0
  0
VERTEX
  5
11040
  8
0
 10
6.301584725372439
 20
16.79464120310123
 30
0.0
  0
VERTEX
  5
11041
  8
0
 10
6.242298007274697
 20
16.79177180941527
 30
0.0
  0
VERTEX
  5
11042
  8
0
 10
6.183158520111291
 20
16.78891133785924
 30
0.0
  0
VERTEX
  5
11043
  8
0
 10
6.124167261876482
 20
16.78605973926027
 30
0.0
  0
VERTEX
  5
11044
  8
0
 10
6.065325215530205
 20
16.78321696820487
 30
0.0
  0
SEQEND
  5
11862
  8
0
  0
POLYLINE
  5
179
  8
0
 66
     1
 10
0.0
 20
0.0
 30
0.0
  0
VERTEX
  5
11045
  8
0
 10
9.038517176165538
 20
16.93107212812017
 30
0.0
  0
VERTEX
  5
11046
  8
0
 10
9.055676446555571
 20
16.93211405775199
 30
0.0
  0
VERTEX
  5
11047
  8
0
 10
9.072802197293305
 20
16.93344968283956
 30
0.0
  0
VERTEX
  5
11048
  8
0
 10
9.089890754961484
 20
16.93507807807236
 30
0.0
  0
VERTEX
  5
11049
  8
0
 10
9.106938446142834
 20
16.93699831813986
 30
0.0
  0
VERTEX
  5
1104A
  8
0
 10
9.12394159742009
 20
16.93920947773151
 30
0.0
  0
VERTEX
  5
1104B
  8
0
 10
9.140896535375989
 20
16.94171063153679
 30
0.0
  0
VERTEX
  5
1104C
  8
0
 10
9.157799586593265
 20
16.94450085424518
 30
0.0
  0
VERTEX
  5
1104D
  8
0
 10
9.174647077654647
 20
16.94757922054614
 30
0.0
  0
VERTEX
  5
1104E
  8
0
 10
9.191435335142879
 20
16.95094480512914
 30
0.0
  0
VERTEX
  5
1104F
  8
0
 10
9.20816068564069
 20
16.95459668268366
 30
0.0
  0
VERTEX
  5
11050
  8
0
 10
9.224819455730811
 20
16.95853392789916
 30
0.0
  0
VERTEX
  5
11051
  8
0
 10
9.241407971995983
 20
16.96275561546511
 30
0.0
  0
VERTEX
  5
11052
  8
0
 10
9.257922561018933
 20
16.96726082007098
 30
0.0
  0
VERTEX
  5
11053
  8
0
 10
9.274359549382398
 20
16.97204861640624
 30
0.0
  0
VERTEX
  5
11054
  8
0
 10
9.290715263669115
 20
16.97711807916037
 30
0.0
  0
VERTEX
  5
11055
  8
0
 10
9.306986030461816
 20
16.98246828302283
 30
0.0
  0
VERTEX
  5
11056
  8
0
 10
9.323168176343236
 20
16.98809830268308
 30
0.0
  0
VERTEX
  5
11057
  8
0
 10
9.339258027896108
 20
16.99400721283062
 30
0.0
  0
VERTEX
  5
11058
  8
0
 10
9.355251911703167
 20
17.00019408815489
 30
0.0
  0
VERTEX
  5
11059
  8
0
 10
9.371146154347148
 20
17.00665800334538
 30
0.0
  0
VERTEX
  5
1105A
  8
0
 10
9.386937082410784
 20
17.01339803309154
 30
0.0
  0
VERTEX
  5
1105B
  8
0
 10
9.402621022476811
 20
17.02041325208286
 30
0.0
  0
VERTEX
  5
1105C
  8
0
 10
9.418193235889962
 20
17.02770222530715
 30
0.0
  0
VERTEX
  5
1105D
  8
0
 10
9.433631832988768
 20
17.03525486360196
 30
0.0
  0
VERTEX
  5
1105E
  8
0
 10
9.448927048211218
 20
17.04306583985296
 30
0.0
  0
VERTEX
  5
1105F
  8
0
 10
9.464075834463129
 20
17.05113290341338
 30
0.0
  0
VERTEX
  5
11060
  8
0
 10
9.479075144650313
 20
17.05945380363639
 30
0.0
  0
VERTEX
  5
11061
  8
0
 10
9.493921931678576
 20
17.06802628987522
 30
0.0
  0
VERTEX
  5
11062
  8
0
 10
9.508613148453742
 20
17.07684811148307
 30
0.0
  0
VERTEX
  5
11063
  8
0
 10
9.523145747881614
 20
17.08591701781313
 30
0.0
  0
VERTEX
  5
11064
  8
0
 10
9.537516682868008
 20
17.09523075821861
 30
0.0
  0
VERTEX
  5
11065
  8
0
 10
9.55172290631874
 20
17.10478708205273
 30
0.0
  0
VERTEX
  5
11066
  8
0
 10
9.56576137113962
 20
17.11458373866868
 30
0.0
  0
VERTEX
  5
11067
  8
0
 10
9.579629030236463
 20
17.12461847741967
 30
0.0
  0
VERTEX
  5
11068
  8
0
 10
9.593322836515076
 20
17.13488904765889
 30
0.0
  0
VERTEX
  5
11069
  8
0
 10
9.606839742881279
 20
17.14539319873956
 30
0.0
  0
VERTEX
  5
1106A
  8
0
 10
9.62017670224088
 20
17.15612868001488
 30
0.0
  0
VERTEX
  5
1106B
  8
0
 10
9.633330667499692
 20
17.16709324083805
 30
0.0
  0
VERTEX
  5
1106C
  8
0
 10
9.646298591563532
 20
17.17828463056228
 30
0.0
  0
VERTEX
  5
1106D
  8
0
 10
9.65907742733821
 20
17.18970059854077
 30
0.0
  0
VERTEX
  5
1106E
  8
0
 10
9.671664127729537
 20
17.20133889412672
 30
0.0
  0
VERTEX
  5
1106F
  8
0
 10
9.684055645643326
 20
17.21319726667334
 30
0.0
  0
VERTEX
  5
11070
  8
0
 10
9.696248933985396
 20
17.22527346553384
 30
0.0
  0
VERTEX
  5
11071
  8
0
 10
9.70824094566155
 20
17.23756524006141
 30
0.0
  0
VERTEX
  5
11072
  8
0
 10
9.720028633577613
 20
17.25007033960927
 30
0.0
  0
VERTEX
  5
11073
  8
0
 10
9.731606453788213
 20
17.26278372478926
 30
0.0
  0
VERTEX
  5
11074
  8
0
 10
9.742960294231613
 20
17.27569006746872
 30
0.0
  0
VERTEX
  5
11075
  8
0
 10
9.754086493557722
 20
17.28878473701965
 30
0.0
  0
VERTEX
  5
11076
  8
0
 10
9.76498282258141
 20
17.30206464885288
 30
0.0
  0
VERTEX
  5
11077
  8
0
 10
9.775647052117533
 20
17.31552671837922
 30
0.0
  0
VERTEX
  5
11078
  8
0
 10
9.786076952980954
 20
17.32916786100953
 30
0.0
  0
VERTEX
  5
11079
  8
0
 10
9.796270295986536
 20
17.34298499215462
 30
0.0
  0
VERTEX
  5
1107A
  8
0
 10
9.806224851949136
 20
17.35697502722531
 30
0.0
  0
VERTEX
  5
1107B
  8
0
 10
9.815938391683616
 20
17.37113488163245
 30
0.0
  0
VERTEX
  5
1107C
  8
0
 10
9.825408686004836
 20
17.38546147078686
 30
0.0
  0
VERTEX
  5
1107D
  8
0
 10
9.83463350572766
 20
17.39995171009937
 30
0.0
  0
VERTEX
  5
1107E
  8
0
 10
9.843610621666947
 20
17.4146025149808
 30
0.0
  0
VERTEX
  5
1107F
  8
0
 10
9.852337804637559
 20
17.429410800842
 30
0.0
  0
VERTEX
  5
11080
  8
0
 10
9.860812490732382
 20
17.44437288015498
 30
0.0
  0
VERTEX
  5
11081
  8
0
 10
9.869026880773612
 20
17.45947514313999
 30
0.0
  0
VERTEX
  5
11082
  8
0
 10
9.876977342677344
 20
17.47471034433249
 30
0.0
  0
VERTEX
  5
11083
  8
0
 10
9.88466240299855
 20
17.49007497475592
 30
0.0
  0
VERTEX
  5
11084
  8
0
 10
9.892080588292206
 20
17.50556552543371
 30
0.0
  0
VERTEX
  5
11085
  8
0
 10
9.899230425113283
 20
17.52117848738931
 30
0.0
  0
VERTEX
  5
11086
  8
0
 10
9.906110440016752
 20
17.53691035164616
 30
0.0
  0
VERTEX
  5
11087
  8
0
 10
9.912719159557588
 20
17.5527576092277
 30
0.0
  0
VERTEX
  5
11088
  8
0
 10
9.919055110290769
 20
17.56871675115737
 30
0.0
  0
VERTEX
  5
11089
  8
0
 10
9.925116818771263
 20
17.58478426845861
 30
0.0
  0
VERTEX
  5
1108A
  8
0
 10
9.930902811554045
 20
17.60095665215487
 30
0.0
  0
VERTEX
  5
1108B
  8
0
 10
9.936411615194089
 20
17.61723039326958
 30
0.0
  0
VERTEX
  5
1108C
  8
0
 10
9.941641756246367
 20
17.63360198282619
 30
0.0
  0
VERTEX
  5
1108D
  8
0
 10
9.946591761265854
 20
17.65006791184814
 30
0.0
  0
SEQEND
  5
11863
  8
0
  0
ARC
  5
180
  8
0
 10
11.86679586492786
 20
17.09076817085091
 30
0.0
 40
2.000000000000011
 50
23.48083135269801
 51
163.7606909961335
  0
POLYLINE
  5
181
  8
0
 66
     1
 10
0.0
 20
0.0
 30
0.0
  0
VERTEX
  5
1108E
  8
0
 10
13.70118271884251
 20
17.88765264816555
 30
0.0
  0
VERTEX
  5
1108F
  8
0
 10
13.70819710466203
 20
17.87187983525729
 30
0.0
  0
VERTEX
  5
11090
  8
0
 10
13.71547703300489
 20
17.85624239648448
 30
0.0
  0
VERTEX
  5
11091
  8
0
 10
13.72302032386166
 20
17.8407434876071
 30
0.0
  0
VERTEX
  5
11092
  8
0
 10
13.73082479722288
 20
17.82538626438507
 30
0.0
  0
VERTEX
  5
11093
  8
0
 10
13.73888827307914
 20
17.81017388257836
 30
0.0
  0
VERTEX
  5
11094
  8
0
 10
13.74720857142098
 20
17.7951094979469
 30
0.0
  0
VERTEX
  5
11095
  8
0
 10
13.75578351223897
 20
17.78019626625066
 30
0.0
  0
VERTEX
  5
11096
  8
0
 10
13.76461091552367
 20
17.76543734324957
 30
0.0
  0
VERTEX
  5
11097
  8
0
 10
13.77368860126564
 20
17.7508358847036
 30
0.0
  0
VERTEX
  5
11098
  8
0
 10
13.78301438945544
 20
17.73639504637268
 30
0.0
  0
VERTEX
  5
11099
  8
0
 10
13.79258610008363
 20
17.72211798401677
 30
0.0
  0
VERTEX
  5
1109A
  8
0
 10
13.80240155314078
 20
17.70800785339581
 30
0.0
  0
VERTEX
  5
1109B
  8
0
 10
13.81245856861744
 20
17.69406781026977
 30
0.0
  0
VERTEX
  5
1109C
  8
0
 10
13.82275496650418
 20
17.68030101039858
 30
0.0
  0
VERTEX
  5
1109D
  8
0
 10
13.83328856679155
 20
17.66671060954219
 30
0.0
  0
VERTEX
  5
1109E
  8
0
 10
13.84405718947012
 20
17.65329976346056
 30
0.0
  0
VERTEX
  5
1109F
  8
0
 10
13.85505865453045
 20
17.64007162791363
 30
0.0
  0
VERTEX
  5
110A0
  8
0
 10
13.86629078196311
 20
17.62702935866136
 30
0.0
  0
VERTEX
  5
110A1
  8
0
 10
13.87775139175864
 20
17.61417611146369
 30
0.0
  0
VERTEX
  5
110A2
  8
0
 10
13.88943830390762
 20
17.60151504208057
 30
0.0
  0
VERTEX
  5
110A3
  8
0
 10
13.9013493384006
 20
17.58904930627196
 30
0.0
  0
VERTEX
  5
110A4
  8
0
 10
13.91348231522814
 20
17.5767820597978
 30
0.0
  0
VERTEX
  5
110A5
  8
0
 10
13.92583353806893
 20
17.56471791447654
 30
0.0
  0
VERTEX
  5
110A6
  8
0
 10
13.93838501025972
 20
17.55287456160939
 30
0.0
  0
VERTEX
  5
110A7
  8
0
 10
13.9511295289924
 20
17.54125805455449
 30
0.0
  0
VERTEX
  5
110A8
  8
0
 10
13.96406387938932
 20
17.5298704851588
 30
0.0
  0
VERTEX
  5
110A9
  8
0
 10
13.97718484657281
 20
17.51871394526926
 30
0.0
  0
VERTEX
  5
110AA
  8
0
 10
13.99048921566521
 20
17.50779052673281
 30
0.0
  0
VERTEX
  5
110AB
  8
0
 10
14.00397377178887
 20
17.49710232139641
 30
0.0
  0
VERTEX
  5
110AC
  8
0
 10
14.01763530006612
 20
17.48665142110699
 30
0.0
  0
VERTEX
  5
110AD
  8
0
 10
14.03147058561931
 20
17.47643991771152
 30
0.0
  0
VERTEX
  5
110AE
  8
0
 10
14.04547641357077
 20
17.46646990305691
 30
0.0
  0
VERTEX
  5
110AF
  8
0
 10
14.05964956904285
 20
17.45674346899015
 30
0.0
  0
VERTEX
  5
110B0
  8
0
 10
14.07398683715789
 20
17.44726270735816
 30
0.0
  0
VERTEX
  5
110B1
  8
0
 10
14.08848500303823
 20
17.43802971000789
 30
0.0
  0
VERTEX
  5
110B2
  8
0
 10
14.1031408518062
 20
17.42904656878628
 30
0.0
  0
VERTEX
  5
110B3
  8
0
 10
14.11795116858416
 20
17.42031537554029
 30
0.0
  0
VERTEX
  5
110B4
  8
0
 10
14.13291273849443
 20
17.41183822211687
 30
0.0
  0
VERTEX
  5
110B5
  8
0
 10
14.14802234665936
 20
17.40361720036294
 30
0.0
  0
VERTEX
  5
110B6
  8
0
 10
14.1632767782013
 20
17.39565440212548
 30
0.0
  0
VERTEX
  5
110B7
  8
0
 10
14.17867281824258
 20
17.38795191925141
 30
0.0
  0
VERTEX
  5
110B8
  8
0
 10
14.19420725190554
 20
17.38051184358769
 30
0.0
  0
VERTEX
  5
110B9
  8
0
 10
14.20987686431253
 20
17.37333626698127
 30
0.0
  0
VERTEX
  5
110BA
  8
0
 10
14.22567844058588
 20
17.36642728127908
 30
0.0
  0
VERTEX
  5
110BB
  8
0
 10
14.24160876584793
 20
17.35978697832808
 30
0.0
  0
VERTEX
  5
110BC
  8
0
 10
14.257658383769
 20
17.3534198652891
 30
0.0
  0
VERTEX
  5
110BD
  8
0
 10
14.27380902071219
 20
17.34733320631661
 30
0.0
  0
VERTEX
  5
110BE
  8
0
 10
14.29005633511936
 20
17.34152827109937
 30
0.0
  0
VERTEX
  5
110BF
  8
0
 10
14.30639661010817
 20
17.33600607528713
 30
0.0
  0
VERTEX
  5
110C0
  8
0
 10
14.32282612879627
 20
17.33076763452969
 30
0.0
  0
VERTEX
  5
110C1
  8
0
 10
14.33934117430131
 20
17.32581396447683
 30
0.0
  0
VERTEX
  5
110C2
  8
0
 10
14.35593802974093
 20
17.32114608077831
 30
0.0
  0
VERTEX
  5
110C3
  8
0
 10
14.37261297823279
 20
17.31676499908392
 30
0.0
  0
VERTEX
  5
110C4
  8
0
 10
14.38936230289453
 20
17.31267173504344
 30
0.0
  0
VERTEX
  5
110C5
  8
0
 10
14.4061822868438
 20
17.30886730430664
 30
0.0
  0
VERTEX
  5
110C6
  8
0
 10
14.42306921319826
 20
17.30535272252331
 30
0.0
  0
VERTEX
  5
110C7
  8
0
 10
14.44001936507554
 20
17.30212900534322
 30
0.0
  0
VERTEX
  5
110C8
  8
0
 10
14.4570290255933
 20
17.29919716841615
 30
0.0
  0
VERTEX
  5
110C9
  8
0
 10
14.47409324939341
 20
17.29655840656807
 30
0.0
  0
VERTEX
  5
110CA
  8
0
 10
14.49119572884488
 20
17.29421528743977
 30
0.0
  0
VERTEX
  5
110CB
  8
0
 10
14.5083293371512
 20
17.29216848486396
 30
0.0
  0
VERTEX
  5
110CC
  8
0
 10
14.5254902236515
 20
17.2904181372957
 30
0.0
  0
VERTEX
  5
110CD
  8
0
 10
14.54267453768493
 20
17.28896438319001
 30
0.0
  0
VERTEX
  5
110CE
  8
0
 10
14.55987842859062
 20
17.28780736100191
 30
0.0
  0
VERTEX
  5
110CF
  8
0
 10
14.5770980457077
 20
17.28694720918643
 30
0.0
  0
VERTEX
  5
110D0
  8
0
 10
14.59432953837531
 20
17.28638406619862
 30
0.0
  0
VERTEX
  5
110D1
  8
0
 10
14.61156905593258
 20
17.28611807049349
 30
0.0
  0
VERTEX
  5
110D2
  8
0
 10
14.62881274771866
 20
17.28614936052608
 30
0.0
  0
VERTEX
  5
110D3
  8
0
 10
14.64605676307268
 20
17.28647807475141
 30
0.0
  0
VERTEX
  5
110D4
  8
0
 10
14.66329725133377
 20
17.28710435162452
 30
0.0
  0
VERTEX
  5
110D5
  8
0
 10
14.68053036184107
 20
17.28802832960044
 30
0.0
  0
VERTEX
  5
110D6
  8
0
 10
14.69775224393371
 20
17.28925014713419
 30
0.0
  0
SEQEND
  5
11864
  8
0
  0
POLYLINE
  5
182
  8
0
 66
     1
 10
0.0
 20
0.0
 30
0.0
  0
VERTEX
  5
110D7
  8
0
 10
17.54495133311
 20
17.55178783511444
 30
0.0
  0
VERTEX
  5
110D8
  8
0
 10
17.48668461525035
 20
17.54560827964165
 30
0.0
  0
VERTEX
  5
110D9
  8
0
 10
17.42836564861478
 20
17.53946062949607
 30
0.0
  0
VERTEX
  5
110DA
  8
0
 10
17.3699948185952
 20
17.53334478705722
 30
0.0
  0
VERTEX
  5
110DB
  8
0
 10
17.31157252002847
 20
17.52726065360423
 30
0.0
  0
VERTEX
  5
110DC
  8
0
 10
17.25309915726404
 20
17.52120812930425
 30
0.0
  0
VERTEX
  5
110DD
  8
0
 10
17.19457514423161
 20
17.51518711320078
 30
0.0
  0
VERTEX
  5
110DE
  8
0
 10
17.1360009045088
 20
17.50919750320205
 30
0.0
  0
VERTEX
  5
110DF
  8
0
 10
17.07737687138891
 20
17.50323919606942
 30
0.0
  0
VERTEX
  5
110E0
  8
0
 10
17.01870348794847
 20
17.49731208740571
 30
0.0
  0
VERTEX
  5
110E1
  8
0
 10
16.95998120711503
 20
17.49141607164363
 30
0.0
  0
VERTEX
  5
110E2
  8
0
 10
16.90121049173318
 20
17.48555104203436
 30
0.0
  0
VERTEX
  5
110E3
  8
0
 10
16.84239181459977
 20
17.47971689064181
 30
0.0
  0
VERTEX
  5
110E4
  8
0
 10
16.78352565843451
 20
17.47391350834839
 30
0.0
  0
VERTEX
  5
110E5
  8
0
 10
16.72461251582941
 20
17.46814078486447
 30
0.0
  0
VERTEX
  5
110E6
  8
0
 10
16.66565288919782
 20
17.46239860873813
 30
0.0
  0
VERTEX
  5
110E7
  8
0
 10
16.60664729072339
 20
17.45668686736474
 30
0.0
  0
VERTEX
  5
110E8
  8
0
 10
16.54759624230898
 20
17.45100544699663
 30
0.0
  0
VERTEX
  5
110E9
  8
0
 10
16.48850027552565
 20
17.44535423275269
 30
0.0
  0
VERTEX
  5
110EA
  8
0
 10
16.42935993156164
 20
17.43973310862808
 30
0.0
  0
VERTEX
  5
110EB
  8
0
 10
16.37017576117131
 20
17.43414195750381
 30
0.0
  0
VERTEX
  5
110EC
  8
0
 10
16.31094832462409
 20
17.42858066115644
 30
0.0
  0
VERTEX
  5
110ED
  8
0
 10
16.25167819165347
 20
17.42304910026765
 30
0.0
  0
VERTEX
  5
110EE
  8
0
 10
16.19236594140594
 20
17.41754715443397
 30
0.0
  0
VERTEX
  5
110EF
  8
0
 10
16.13301216238995
 20
17.41207470217635
 30
0.0
  0
VERTEX
  5
110F0
  8
0
 10
16.07361745242491
 20
17.40663162094986
 30
0.0
  0
VERTEX
  5
110F1
  8
0
 10
16.01418241859009
 20
17.40121778715328
 30
0.0
  0
VERTEX
  5
110F2
  8
0
 10
15.95470767717362
 20
17.39583307613879
 30
0.0
  0
VERTEX
  5
110F3
  8
0
 10
15.89519385362146
 20
17.39047736222157
 30
0.0
  0
VERTEX
  5
110F4
  8
0
 10
15.83564158248632
 20
17.38515051868949
 30
0.0
  0
VERTEX
  5
110F5
  8
0
 10
15.77605150737666
 20
17.37985241781271
 30
0.0
  0
VERTEX
  5
110F6
  8
0
 10
15.71642428090564
 20
17.37458293085334
 30
0.0
  0
VERTEX
  5
110F7
  8
0
 10
15.65676056464008
 20
17.36934192807511
 30
0.0
  0
VERTEX
  5
110F8
  8
0
 10
15.59706102904941
 20
17.36412927875295
 30
0.0
  0
VERTEX
  5
110F9
  8
0
 10
15.53732635345465
 20
17.35894485118271
 30
0.0
  0
VERTEX
  5
110FA
  8
0
 10
15.47755722597735
 20
17.35378851269073
 30
0.0
  0
VERTEX
  5
110FB
  8
0
 10
15.4177543434886
 20
17.34866012964354
 30
0.0
  0
VERTEX
  5
110FC
  8
0
 10
15.35791841155791
 20
17.34355956745748
 30
0.0
  0
VERTEX
  5
110FD
  8
0
 10
15.29805014440224
 20
17.33848669060832
 30
0.0
  0
VERTEX
  5
110FE
  8
0
 10
15.23815026483494
 20
17.33344136264095
 30
0.0
  0
VERTEX
  5
110FF
  8
0
 10
15.17821950421471
 20
17.32842344617899
 30
0.0
  0
VERTEX
  5
11100
  8
0
 10
15.11825860239455
 20
17.32343280293445
 30
0.0
  0
VERTEX
  5
11101
  8
0
 10
15.05826830767074
 20
17.31846929371736
 30
0.0
  0
VERTEX
  5
11102
  8
0
 10
14.9982493767318
 20
17.3135327784454
 30
0.0
  0
VERTEX
  5
11103
  8
0
 10
14.93820257460743
 20
17.30862311615362
 30
0.0
  0
VERTEX
  5
11104
  8
0
 10
14.87812867461749
 20
17.30374016500394
 30
0.0
  0
VERTEX
  5
11105
  8
0
 10
14.81802845832097
 20
17.29888378229496
 30
0.0
  0
VERTEX
  5
11106
  8
0
 10
14.75790271546493
 20
17.29405382447147
 30
0.0
  0
VERTEX
  5
11107
  8
0
 10
14.69775224393371
 20
17.28925014713419
 30
0.0
  0
SEQEND
  5
11865
  8
0
  0
POLYLINE
  5
183
  8
0
 66
     1
 10
0.0
 20
0.0
 30
0.0
  0
VERTEX
  5
11108
  8
0
 10
17.54495133310999
 20
17.55178783511444
 30
0.0
  0
VERTEX
  5
11109
  8
0
 10
17.56220531385479
 20
17.55377496711335
 30
0.0
  0
VERTEX
  5
1110A
  8
0
 10
17.57940893273836
 20
17.55605958970855
 30
0.0
  0
VERTEX
  5
1110B
  8
0
 10
17.59655845849564
 20
17.55864054586615
 30
0.0
  0
VERTEX
  5
1110C
  8
0
 10
17.61365015986162
 20
17.56151667855231
 30
0.0
  0
VERTEX
  5
1110D
  8
0
 10
17.63068030557127
 20
17.56468683073317
 30
0.0
  0
VERTEX
  5
1110E
  8
0
 10
17.64764516435958
 20
17.56814984537486
 30
0.0
  0
VERTEX
  5
1110F
  8
0
 10
17.66454100496154
 20
17.57190456544354
 30
0.0
  0
VERTEX
  5
11110
  8
0
 10
17.68136409611209
 20
17.57594983390533
 30
0.0
  0
VERTEX
  5
11111
  8
0
 10
17.69811070654623
 20
17.58028449372638
 30
0.0
  0
VERTEX
  5
11112
  8
0
 10
17.71477710499893
 20
17.58490738787284
 30
0.0
  0
VERTEX
  5
11113
  8
0
 10
17.73135956020518
 20
17.58981735931084
 30
0.0
  0
VERTEX
  5
11114
  8
0
 10
17.74785434089994
 20
17.59501325100653
 30
0.0
  0
VERTEX
  5
11115
  8
0
 10
17.7642577158182
 20
17.60049390592604
 30
0.0
  0
VERTEX
  5
11116
  8
0
 10
17.78056595369492
 20
17.60625816703552
 30
0.0
  0
VERTEX
  5
11117
  8
0
 10
17.7967753232651
 20
17.61230487730111
 30
0.0
  0
VERTEX
  5
11118
  8
0
 10
17.81288209326371
 20
17.61863287968895
 30
0.0
  0
VERTEX
  5
11119
  8
0
 10
17.82888253242572
 20
17.62524101716518
 30
0.0
  0
VERTEX
  5
1111A
  8
0
 10
17.84477290948611
 20
17.63212813269594
 30
0.0
  0
VERTEX
  5
1111B
  8
0
 10
17.86054949317985
 20
17.63929306924737
 30
0.0
  0
VERTEX
  5
1111C
  8
0
 10
17.87620855224194
 20
17.64673466978562
 30
0.0
  0
VERTEX
  5
1111D
  8
0
 10
17.89174635540734
 20
17.65445177727683
 30
0.0
  0
VERTEX
  5
1111E
  8
0
 10
17.90715917141102
 20
17.66244323468713
 30
0.0
  0
VERTEX
  5
1111F
  8
0
 10
17.92243980534106
 20
17.67070597376396
 30
0.0
  0
VERTEX
  5
11120
  8
0
 10
17.93756540107558
 20
17.6792276219679
 30
0.0
  0
VERTEX
  5
11121
  8
0
 10
17.95252990441962
 20
17.68800408102363
 30
0.0
  0
VERTEX
  5
11122
  8
0
 10
17.96733030273614
 20
17.69703286394819
 30
0.0
  0
VERTEX
  5
11123
  8
0
 10
17.98196358338812
 20
17.7063114837587
 30
0.0
  0
VERTEX
  5
11124
  8
0
 10
17.99642673373849
 20
17.71583745347219
 30
0.0
  0
VERTEX
  5
11125
  8
0
 10
18.01071674115024
 20
17.72560828610573
 30
0.0
  0
VERTEX
  5
11126
  8
0
 10
18.02483059298631
 20
17.73562149467641
 30
0.0
  0
VERTEX
  5
11127
  8
0
 10
18.03876527660968
 20
17.74587459220128
 30
0.0
  0
VERTEX
  5
11128
  8
0
 10
18.05251777938332
 20
17.75636509169742
 30
0.0
  0
VERTEX
  5
11129
  8
0
 10
18.06608508867016
 20
17.76709050618189
 30
0.0
  0
VERTEX
  5
1112A
  8
0
 10
18.07946419183319
 20
17.77804834867176
 30
0.0
  0
VERTEX
  5
1112B
  8
0
 10
18.09265207623537
 20
17.7892361321841
 30
0.0
  0
VERTEX
  5
1112C
  8
0
 10
18.10564572923965
 20
17.80065136973599
 30
0.0
  0
VERTEX
  5
1112D
  8
0
 10
18.118442138209
 20
17.81229157434448
 30
0.0
  0
VERTEX
  5
1112E
  8
0
 10
18.13103829050639
 20
17.82415425902666
 30
0.0
  0
VERTEX
  5
1112F
  8
0
 10
18.14343117349476
 20
17.83623693679958
 30
0.0
  0
VERTEX
  5
11130
  8
0
 10
18.1556177745371
 20
17.84853712068031
 30
0.0
  0
VERTEX
  5
11131
  8
0
 10
18.16759508099635
 20
17.86105232368593
 30
0.0
  0
VERTEX
  5
11132
  8
0
 10
18.17936008023548
 20
17.8737800588335
 30
0.0
  0
VERTEX
  5
11133
  8
0
 10
18.19090975961746
 20
17.8867178391401
 30
0.0
  0
VERTEX
  5
11134
  8
0
 10
18.20224110650524
 20
17.89986317762278
 30
0.0
  0
VERTEX
  5
11135
  8
0
 10
18.21335109920922
 20
17.91321357622657
 30
0.0
  0
VERTEX
  5
11136
  8
0
 10
18.22422889840641
 20
17.92675663269686
 30
0.0
  0
VERTEX
  5
11137
  8
0
 10
18.23486527804947
 20
17.94048063898481
 30
0.0
  0
VERTEX
  5
11138
  8
0
 10
18.245258124899
 20
17.95438228853628
 30
0.0
  0
VERTEX
  5
11139
  8
0
 10
18.25540532571565
 20
17.96845827479714
 30
0.0
  0
VERTEX
  5
1113A
  8
0
 10
18.26530476726001
 20
17.98270529121324
 30
0.0
  0
VERTEX
  5
1113B
  8
0
 10
18.2749543362927
 20
17.99712003123045
 30
0.0
  0
VERTEX
  5
1113C
  8
0
 10
18.28435191957437
 20
18.01169918829465
 30
0.0
  0
VERTEX
  5
1113D
  8
0
 10
18.2934954038656
 20
18.02643945585167
 30
0.0
  0
VERTEX
  5
1113E
  8
0
 10
18.30238267592703
 20
18.04133752734739
 30
0.0
  0
VERTEX
  5
1113F
  8
0
 10
18.31101162251926
 20
18.05639009622766
 30
0.0
  0
VERTEX
  5
11140
  8
0
 10
18.31938013040293
 20
18.07159385593836
 30
0.0
  0
VERTEX
  5
11141
  8
0
 10
18.32748608633864
 20
18.08694549992534
 30
0.0
  0
VERTEX
  5
11142
  8
0
 10
18.33532737708701
 20
18.10244172163447
 30
0.0
  0
VERTEX
  5
11143
  8
0
 10
18.34290087261052
 20
18.11807706835912
 30
0.0
  0
VERTEX
  5
11144
  8
0
 10
18.35019908153647
 20
18.13383605873615
 30
0.0
  0
VERTEX
  5
11145
  8
0
 10
18.35721980035597
 20
18.14971313377536
 30
0.0
  0
VERTEX
  5
11146
  8
0
 10
18.36396174234364
 20
18.16570458626502
 30
0.0
  0
VERTEX
  5
11147
  8
0
 10
18.37042362077417
 20
18.18180670899341
 30
0.0
  0
VERTEX
  5
11148
  8
0
 10
18.37660414892216
 20
18.19801579474878
 30
0.0
  0
VERTEX
  5
11149
  8
0
 10
18.38250204006229
 20
18.21432813631942
 30
0.0
  0
VERTEX
  5
1114A
  8
0
 10
18.38811600746919
 20
18.23074002649358
 30
0.0
  0
VERTEX
  5
1114B
  8
0
 10
18.39344476441751
 20
18.24724775805955
 30
0.0
  0
VERTEX
  5
1114C
  8
0
 10
18.3984870241819
 20
18.26384762380557
 30
0.0
  0
VERTEX
  5
1114D
  8
0
 10
18.403241500037
 20
18.28053591651994
 30
0.0
  0
VERTEX
  5
1114E
  8
0
 10
18.40770690525746
 20
18.29730892899091
 30
0.0
  0
VERTEX
  5
1114F
  8
0
 10
18.41188195311793
 20
18.31416295400675
 30
0.0
  0
VERTEX
  5
11150
  8
0
 10
18.41576535689305
 20
18.33109428435574
 30
0.0
  0
SEQEND
  5
11866
  8
0
  0
ARC
  5
184
  8
0
 10
20.36895693733225
 20
17.90092844412499
 30
-0.0000000000000089
 40
2.000000000000002
 50
28.80118019468125
 51
167.5796079104173
  0
POLYLINE
  5
185
  8
0
 66
     1
 10
0.0
 20
0.0
 30
-0.0000000000000089
  0
VERTEX
  5
11151
  8
0
 10
22.12155045045114
 20
18.86447189294998
 30
-0.0000000000000089
  0
VERTEX
  5
11152
  8
0
 10
22.13008875452925
 20
18.84925743657902
 30
-0.0000000000000089
  0
VERTEX
  5
11153
  8
0
 10
22.13888428840172
 20
18.83420585024543
 30
-0.0000000000000089
  0
VERTEX
  5
11154
  8
0
 10
22.14793450903126
 20
18.81932016922552
 30
-0.0000000000000089
  0
VERTEX
  5
11155
  8
0
 10
22.15723687338054
 20
18.80460342879555
 30
-0.0000000000000089
  0
VERTEX
  5
11156
  8
0
 10
22.16678883841222
 20
18.79005866423184
 30
-0.0000000000000089
  0
VERTEX
  5
11157
  8
0
 10
22.17658786108901
 20
18.77568891081069
 30
-0.0000000000000089
  0
VERTEX
  5
11158
  8
0
 10
22.18663139837357
 20
18.76149720380838
 30
-0.0000000000000089
  0
VERTEX
  5
11159
  8
0
 10
22.1969169072286
 20
18.74748657850121
 30
-0.0000000000000089
  0
VERTEX
  5
1115A
  8
0
 10
22.20744184461677
 20
18.73366007016547
 30
-0.0000000000000089
  0
VERTEX
  5
1115B
  8
0
 10
22.21820366750074
 20
18.72002071407746
 30
-0.0000000000000089
  0
VERTEX
  5
1115C
  8
0
 10
22.22919983284321
 20
18.70657154551347
 30
-0.0000000000000089
  0
VERTEX
  5
1115D
  8
0
 10
22.24042779760686
 20
18.69331559974979
 30
-0.0000000000000089
  0
VERTEX
  5
1115E
  8
0
 10
22.25188501875436
 20
18.68025591206272
 30
-0.0000000000000089
  0
VERTEX
  5
1115F
  8
0
 10
22.26356895324841
 20
18.66739551772856
 30
-0.0000000000000089
  0
VERTEX
  5
11160
  8
0
 10
22.27547705805166
 20
18.6547374520236
 30
-0.0000000000000089
  0
VERTEX
  5
11161
  8
0
 10
22.28760679012681
 20
18.64228475022413
 30
-0.0000000000000089
  0
VERTEX
  5
11162
  8
0
 10
22.29995560643653
 20
18.63004044760644
 30
-0.0000000000000089
  0
VERTEX
  5
11163
  8
0
 10
22.31252096394351
 20
18.61800757944684
 30
-0.0000000000000089
  0
VERTEX
  5
11164
  8
0
 10
22.32530031961043
 20
18.60618918102161
 30
-0.0000000000000089
  0
VERTEX
  5
11165
  8
0
 10
22.33829113039995
 20
18.59458828760705
 30
-0.0000000000000089
  0
VERTEX
  5
11166
  8
0
 10
22.35149085327478
 20
18.58320793447945
 30
-0.0000000000000089
  0
VERTEX
  5
11167
  8
0
 10
22.36489694519757
 20
18.57205115691511
 30
-0.0000000000000089
  0
VERTEX
  5
11168
  8
0
 10
22.37850238329118
 20
18.56112452558778
 30
-0.0000000000000089
  0
VERTEX
  5
11169
  8
0
 10
22.39228697477395
 20
18.55044415229531
 30
-0.0000000000000089
  0
VERTEX
  5
1116A
  8
0
 10
22.40624553533779
 20
18.54001325220219
 30
-0.0000000000000089
  0
VERTEX
  5
1116B
  8
0
 10
22.4203745599987
 20
18.52983366786867
 30
-0.0000000000000089
  0
VERTEX
  5
1116C
  8
0
 10
22.43467054377269
 20
18.51990724185496
 30
-0.0000000000000089
  0
VERTEX
  5
1116D
  8
0
 10
22.44912998167575
 20
18.51023581672129
 30
-0.0000000000000089
  0
VERTEX
  5
1116E
  8
0
 10
22.4637493687239
 20
18.50082123502789
 30
-0.0000000000000089
  0
VERTEX
  5
1116F
  8
0
 10
22.47852519993316
 20
18.491665339335
 30
-0.0000000000000089
  0
VERTEX
  5
11170
  8
0
 10
22.49345397031949
 20
18.48276997220282
 30
-0.0000000000000089
  0
VERTEX
  5
11171
  8
0
 10
22.50853217489895
 20
18.4741369761916
 30
-0.0000000000000089
  0
VERTEX
  5
11172
  8
0
 10
22.5237563086875
 20
18.46576819386156
 30
-0.0000000000000089
  0
VERTEX
  5
11173
  8
0
 10
22.53912286670117
 20
18.45766546777293
 30
-0.0000000000000089
  0
VERTEX
  5
11174
  8
0
 10
22.55462834395597
 20
18.44983064048594
 30
-0.0000000000000089
  0
VERTEX
  5
11175
  8
0
 10
22.57026923546788
 20
18.44226555456082
 30
-0.0000000000000089
  0
VERTEX
  5
11176
  8
0
 10
22.58604203625293
 20
18.43497205255778
 30
-0.0000000000000089
  0
VERTEX
  5
11177
  8
0
 10
22.60194324132711
 20
18.42795197703706
 30
-0.0000000000000089
  0
VERTEX
  5
11178
  8
0
 10
22.61796934570644
 20
18.4212071705589
 30
-0.0000000000000089
  0
VERTEX
  5
11179
  8
0
 10
22.63411684440692
 20
18.41473947568351
 30
-0.0000000000000089
  0
VERTEX
  5
1117A
  8
0
 10
22.65038223244455
 20
18.40855073497112
 30
-0.0000000000000089
  0
VERTEX
  5
1117B
  8
0
 10
22.66676200483533
 20
18.40264279098197
 30
-0.0000000000000089
  0
VERTEX
  5
1117C
  8
0
 10
22.68325265659529
 20
18.39701748627627
 30
-0.0000000000000089
  0
VERTEX
  5
1117D
  8
0
 10
22.69985068274041
 20
18.39167666341426
 30
-0.0000000000000089
  0
VERTEX
  5
1117E
  8
0
 10
22.71655193079232
 20
18.38662235479937
 30
-0.0000000000000089
  0
VERTEX
  5
1117F
  8
0
 10
22.7333371225344
 20
18.3818606987919
 30
-0.0000000000000089
  0
VERTEX
  5
11180
  8
0
 10
22.75019568553022
 20
18.37739444610118
 30
-0.0000000000000089
  0
VERTEX
  5
11181
  8
0
 10
22.76712370009354
 20
18.3732242718836
 30
-0.0000000000000089
  0
VERTEX
  5
11182
  8
0
 10
22.7841172465381
 20
18.36935085129554
 30
-0.0000000000000089
  0
VERTEX
  5
11183
  8
0
 10
22.80117240517763
 20
18.36577485949338
 30
-0.0000000000000089
  0
VERTEX
  5
11184
  8
0
 10
22.81828525632591
 20
18.36249697163353
 30
-0.0000000000000089
  0
VERTEX
  5
11185
  8
0
 10
22.83545188029666
 20
18.35951786287236
 30
-0.0000000000000089
  0
VERTEX
  5
11186
  8
0
 10
22.85266835740363
 20
18.35683820836627
 30
-0.0000000000000089
  0
VERTEX
  5
11187
  8
0
 10
22.86993076796056
 20
18.35445868327164
 30
-0.0000000000000089
  0
VERTEX
  5
11188
  8
0
 10
22.88723519228121
 20
18.35237996274486
 30
-0.0000000000000089
  0
VERTEX
  5
11189
  8
0
 10
22.90457771067932
 20
18.35060272194232
 30
-0.0000000000000089
  0
VERTEX
  5
1118A
  8
0
 10
22.92195440346863
 20
18.3491276360204
 30
-0.0000000000000089
  0
VERTEX
  5
1118B
  8
0
 10
22.9393613509629
 20
18.3479553801355
 30
-0.0000000000000089
  0
VERTEX
  5
1118C
  8
0
 10
22.95679116914426
 20
18.34708677205436
 30
-0.0000000000000089
  0
VERTEX
  5
1118D
  8
0
 10
22.9742265929955
 20
18.34652262459834
 30
-0.0000000000000089
  0
VERTEX
  5
1118E
  8
0
 10
22.99166233849444
 20
18.34626274909607
 30
-0.0000000000000089
  0
VERTEX
  5
1118F
  8
0
 10
23.00909443711612
 20
18.34630687986722
 30
-0.0000000000000089
  0
VERTEX
  5
11190
  8
0
 10
23.02651892033553
 20
18.34665475123145
 30
-0.0000000000000089
  0
VERTEX
  5
11191
  8
0
 10
23.04393181962774
 20
18.34730609750844
 30
-0.0000000000000089
  0
VERTEX
  5
11192
  8
0
 10
23.06132916646778
 20
18.34826065301784
 30
-0.0000000000000089
  0
VERTEX
  5
11193
  8
0
 10
23.07870699233064
 20
18.34951815207932
 30
-0.0000000000000089
  0
VERTEX
  5
11194
  8
0
 10
23.0960613286914
 20
18.35107832901256
 30
-0.0000000000000089
  0
VERTEX
  5
11195
  8
0
 10
23.11338820702506
 20
18.35294091813721
 30
-0.0000000000000089
  0
VERTEX
  5
11196
  8
0
 10
23.13068365880665
 20
18.35510565377295
 30
-0.0000000000000089
  0
VERTEX
  5
11197
  8
0
 10
23.14794371551122
 20
18.35757227023944
 30
-0.0000000000000089
  0
VERTEX
  5
11198
  8
0
 10
23.16516440861377
 20
18.36034050185634
 30
-0.0000000000000089
  0
VERTEX
  5
11199
  8
0
 10
23.18234176958935
 20
18.36341008294334
 30
-0.0000000000000089
  0
SEQEND
  5
11867
  8
0
  0
POLYLINE
  5
186
  8
0
 66
     1
 10
0.0
 20
0.0
 30
-0.0000000000000089
  0
VERTEX
  5
1119A
  8
0
 10
25.21134536404067
 20
18.78146948328049
 30
-0.0000000000000089
  0
VERTEX
  5
1119B
  8
0
 10
25.16977685332191
 20
18.77213983997762
 30
-0.0000000000000089
  0
VERTEX
  5
1119C
  8
0
 10
25.12818170029153
 20
18.76283687608074
 30
-0.0000000000000089
  0
VERTEX
  5
1119D
  8
0
 10
25.0865596800447
 20
18.75356057207474
 30
-0.0000000000000089
  0
VERTEX
  5
1119E
  8
0
 10
25.04491056867945
 20
18.74431090850727
 30
-0.0000000000000089
  0
VERTEX
  5
1119F
  8
0
 10
25.00323414331314
 20
18.73508786598628
 30
-0.0000000000000089
  0
VERTEX
  5
111A0
  8
0
 10
24.96153018210044
 20
18.72589142517705
 30
-0.0000000000000089
  0
VERTEX
  5
111A1
  8
0
 10
24.91979846425249
 20
18.71672156679882
 30
-0.0000000000000089
  0
VERTEX
  5
111A2
  8
0
 10
24.87803877005613
 20
18.70757827162144
 30
-0.0000000000000089
  0
VERTEX
  5
111A3
  8
0
 10
24.83625088089317
 20
18.69846152046195
 30
-0.0000000000000089
  0
VERTEX
  5
111A4
  8
0
 10
24.79443457925973
 20
18.68937129418117
 30
-0.0000000000000089
  0
VERTEX
  5
111A5
  8
0
 10
24.75258964878543
 20
18.68030757368032
 30
-0.0000000000000089
  0
VERTEX
  5
111A6
  8
0
 10
24.71071587425266
 20
18.67127033989764
 30
-0.0000000000000089
  0
VERTEX
  5
111A7
  8
0
 10
24.66881304161589
 20
18.66225957380498
 30
-0.0000000000000089
  0
VERTEX
  5
111A8
  8
0
 10
24.62688093802094
 20
18.65327525640438
 30
-0.0000000000000089
  0
VERTEX
  5
111A9
  8
0
 10
24.58491935182418
 20
18.64431736872473
 30
-0.0000000000000089
  0
VERTEX
  5
111AA
  8
0
 10
24.5429280726119
 20
18.63538589181835
 30
-0.0000000000000089
  0
VERTEX
  5
111AB
  8
0
 10
24.50090689121948
 20
18.62648080675756
 30
-0.0000000000000089
  0
VERTEX
  5
111AC
  8
0
 10
24.45885559975074
 20
18.61760209463135
 30
-0.0000000000000089
  0
VERTEX
  5
111AD
  8
0
 10
24.41677399159713
 20
18.60874973654193
 30
-0.0000000000000089
  0
VERTEX
  5
111AE
  8
0
 10
24.37466186145707
 20
18.59992371360137
 30
-0.0000000000000089
  0
VERTEX
  5
111AF
  8
0
 10
24.33251900535519
 20
18.5911240069282
 30
-0.0000000000000089
  0
VERTEX
  5
111B0
  8
0
 10
24.29034522066157
 20
18.58235059764398
 30
-0.0000000000000089
  0
VERTEX
  5
111B1
  8
0
 10
24.24814030611105
 20
18.57360346686998
 30
-0.0000000000000089
  0
VERTEX
  5
111B2
  8
0
 10
24.20590406182249
 20
18.56488259572368
 30
-0.0000000000000089
  0
VERTEX
  5
111B3
  8
0
 10
24.163636289318
 20
18.55618796531548
 30
-0.0000000000000089
  0
VERTEX
  5
111B4
  8
0
 10
24.12133679154228
 20
18.54751955674526
 30
-0.0000000000000089
  0
VERTEX
  5
111B5
  8
0
 10
24.07900537288182
 20
18.53887735109894
 30
-0.0000000000000089
  0
VERTEX
  5
111B6
  8
0
 10
24.0366418391842
 20
18.53026132944519
 30
-0.0000000000000089
  0
VERTEX
  5
111B7
  8
0
 10
23.99424599777736
 20
18.52167147283192
 30
-0.0000000000000089
  0
VERTEX
  5
111B8
  8
0
 10
23.95181765748884
 20
18.51310776228297
 30
-0.0000000000000089
  0
VERTEX
  5
111B9
  8
0
 10
23.9093566286651
 20
18.50457017879471
 30
-0.0000000000000089
  0
VERTEX
  5
111BA
  8
0
 10
23.86686272319074
 20
18.49605870333255
 30
-0.0000000000000089
  0
VERTEX
  5
111BB
  8
0
 10
23.82433575450779
 20
18.4875733168277
 30
-0.0000000000000089
  0
VERTEX
  5
111BC
  8
0
 10
23.78177553763496
 20
18.47911400017362
 30
-0.0000000000000089
  0
VERTEX
  5
111BD
  8
0
 10
23.73918188918697
 20
18.47068073422274
 30
-0.0000000000000089
  0
VERTEX
  5
111BE
  8
0
 10
23.69655462739372
 20
18.46227349978302
 30
-0.0000000000000089
  0
VERTEX
  5
111BF
  8
0
 10
23.65389357211963
 20
18.45389227761452
 30
-0.0000000000000089
  0
VERTEX
  5
111C0
  8
0
 10
23.61119854488288
 20
18.44553704842611
 30
-0.0000000000000089
  0
VERTEX
  5
111C1
  8
0
 10
23.5684693688747
 20
18.43720779287194
 30
-0.0000000000000089
  0
VERTEX
  5
111C2
  8
0
 10
23.52570586897861
 20
18.42890449154815
 30
-0.0000000000000089
  0
VERTEX
  5
111C3
  8
0
 10
23.48290787178971
 20
18.42062712498942
 30
-0.0000000000000089
  0
VERTEX
  5
111C4
  8
0
 10
23.44007520563394
 20
18.41237567366563
 30
-0.0000000000000089
  0
VERTEX
  5
111C5
  8
0
 10
23.39720770058734
 20
18.40415011797839
 30
-0.0000000000000089
  0
VERTEX
  5
111C6
  8
0
 10
23.35430518849535
 20
18.39595043825769
 30
-0.0000000000000089
  0
VERTEX
  5
111C7
  8
0
 10
23.31136750299202
 20
18.38777661475852
 30
-0.0000000000000089
  0
VERTEX
  5
111C8
  8
0
 10
23.26839447951935
 20
18.37962862765744
 30
-0.0000000000000089
  0
VERTEX
  5
111C9
  8
0
 10
23.2253859553465
 20
18.3715064570492
 30
-0.0000000000000089
  0
VERTEX
  5
111CA
  8
0
 10
23.18234176958935
 20
18.36341008294341
 30
-0.0000000000000089
  0
SEQEND
  5
11868
  8
0
  0
POLYLINE
  5
187
  8
0
 66
     1
 10
0.0
 20
0.0
 30
-0.0000000000000089
  0
VERTEX
  5
111CB
  8
0
 10
25.21134536404066
 20
18.78146948328049
 30
-0.0000000000000089
  0
VERTEX
  5
111CC
  8
0
 10
25.22836594550546
 20
18.78545286945916
 30
-0.0000000000000089
  0
VERTEX
  5
111CD
  8
0
 10
25.24530119285127
 20
18.78972974307658
 30
-0.0000000000000089
  0
VERTEX
  5
111CE
  8
0
 10
25.26214746260382
 20
18.79429849509629
 30
-0.0000000000000089
  0
VERTEX
  5
111CF
  8
0
 10
25.27890111128883
 20
18.7991575164818
 30
-0.0000000000000089
  0
VERTEX
  5
111D0
  8
0
 10
25.29555849543203
 20
18.80430519819665
 30
-0.0000000000000089
  0
VERTEX
  5
111D1
  8
0
 10
25.31211597155914
 20
18.80973993120438
 30
-0.0000000000000089
  0
VERTEX
  5
111D2
  8
0
 10
25.32856989619587
 20
18.81546010646851
 30
-0.0000000000000089
  0
VERTEX
  5
111D3
  8
0
 10
25.34491662586795
 20
18.82146411495258
 30
-0.0000000000000089
  0
VERTEX
  5
111D4
  8
0
 10
25.36115251710111
 20
18.82775034762011
 30
-0.0000000000000089
  0
VERTEX
  5
111D5
  8
0
 10
25.37727392642106
 20
18.83431719543463
 30
-0.0000000000000089
  0
VERTEX
  5
111D6
  8
0
 10
25.39327721035352
 20
18.84116304935969
 30
-0.0000000000000089
  0
VERTEX
  5
111D7
  8
0
 10
25.40915872542423
 20
18.8482863003588
 30
-0.0000000000000089
  0
VERTEX
  5
111D8
  8
0
 10
25.4249148281589
 20
18.85568533939551
 30
-0.0000000000000089
  0
VERTEX
  5
111D9
  8
0
 10
25.44054187508325
 20
18.86335855743334
 30
-0.0000000000000089
  0
VERTEX
  5
111DA
  8
0
 10
25.45603622272301
 20
18.87130434543582
 30
-0.0000000000000089
  0
VERTEX
  5
111DB
  8
0
 10
25.4713942276039
 20
18.87952109436648
 30
-0.0000000000000089
  0
VERTEX
  5
111DC
  8
0
 10
25.48661224625164
 20
18.88800719518886
 30
-0.0000000000000089
  0
VERTEX
  5
111DD
  8
0
 10
25.50168663519194
 20
18.89676103886648
 30
-0.0000000000000089
  0
VERTEX
  5
111DE
  8
0
 10
25.51661375095054
 20
18.90578101636287
 30
-0.0000000000000089
  0
VERTEX
  5
111DF
  8
0
 10
25.53138995005317
 20
18.91506551864158
 30
-0.0000000000000089
  0
VERTEX
  5
111E0
  8
0
 10
25.54601158902553
 20
18.92461293666612
 30
-0.0000000000000089
  0
VERTEX
  5
111E1
  8
0
 10
25.56047502439335
 20
18.93442166140004
 30
-0.0000000000000089
  0
VERTEX
  5
111E2
  8
0
 10
25.57477127898151
 20
18.94448626043092
 30
-0.0000000000000089
  0
VERTEX
  5
111E3
  8
0
 10
25.58887950449945
 20
18.95479191867101
 30
-0.0000000000000089
  0
VERTEX
  5
111E4
  8
0
 10
25.60279553500115
 20
18.96533479243103
 30
-0.0000000000000089
  0
VERTEX
  5
111E5
  8
0
 10
25.6165166106704
 20
18.97611200989666
 30
-0.0000000000000089
  0
VERTEX
  5
111E6
  8
0
 10
25.63003997169098
 20
18.98712069925355
 30
-0.0000000000000089
  0
VERTEX
  5
111E7
  8
0
 10
25.64336285824667
 20
18.99835798868738
 30
-0.0000000000000089
  0
VERTEX
  5
111E8
  8
0
 10
25.65648251052124
 20
19.00982100638381
 30
-0.0000000000000089
  0
VERTEX
  5
111E9
  8
0
 10
25.66939616869845
 20
19.02150688052848
 30
-0.0000000000000089
  0
VERTEX
  5
111EA
  8
0
 10
25.68210107296211
 20
19.0334127393071
 30
-0.0000000000000089
  0
VERTEX
  5
111EB
  8
0
 10
25.69459446349597
 20
19.04553571090528
 30
-0.0000000000000089
  0
VERTEX
  5
111EC
  8
0
 10
25.70687358048382
 20
19.05787292350873
 30
-0.0000000000000089
  0
VERTEX
  5
111ED
  8
0
 10
25.71893566410943
 20
19.07042150530308
 30
-0.0000000000000089
  0
VERTEX
  5
111EE
  8
0
 10
25.73077795455658
 20
19.08317858447401
 30
-0.0000000000000089
  0
VERTEX
  5
111EF
  8
0
 10
25.74239769200904
 20
19.09614128920718
 30
-0.0000000000000089
  0
VERTEX
  5
111F0
  8
0
 10
25.7537921166506
 20
19.10930674768826
 30
-0.0000000000000089
  0
VERTEX
  5
111F1
  8
0
 10
25.76495846866501
 20
19.1226720881029
 30
-0.0000000000000089
  0
VERTEX
  5
111F2
  8
0
 10
25.77589398823608
 20
19.13623443863677
 30
-0.0000000000000089
  0
VERTEX
  5
111F3
  8
0
 10
25.78659591554757
 20
19.14999092747553
 30
-0.0000000000000089
  0
VERTEX
  5
111F4
  8
0
 10
25.79706149078325
 20
19.16393868280485
 30
-0.0000000000000089
  0
VERTEX
  5
111F5
  8
0
 10
25.80728795412691
 20
19.17807483281039
 30
-0.0000000000000089
  0
VERTEX
  5
111F6
  8
0
 10
25.81727254576231
 20
19.19239650567782
 30
-0.0000000000000089
  0
VERTEX
  5
111F7
  8
0
 10
25.82701250587325
 20
19.2069008295928
 30
-0.0000000000000089
  0
VERTEX
  5
111F8
  8
0
 10
25.83650439585822
 20
19.22158386251113
 30
-0.0000000000000089
  0
VERTEX
  5
111F9
  8
0
 10
25.84573646318879
 20
19.23642787384206
 30
-0.0000000000000089
  0
VERTEX
  5
111FA
  8
0
 10
25.854703935147
 20
19.25142466799177
 30
-0.0000000000000089
  0
VERTEX
  5
111FB
  8
0
 10
25.86340506627927
 20
19.26657064525144
 30
-0.0000000000000089
  0
VERTEX
  5
111FC
  8
0
 10
25.87183811113197
 20
19.28186220591228
 30
-0.0000000000000089
  0
VERTEX
  5
111FD
  8
0
 10
25.88000132425148
 20
19.29729575026548
 30
-0.0000000000000089
  0
VERTEX
  5
111FE
  8
0
 10
25.88789296018419
 20
19.31286767860226
 30
-0.0000000000000089
  0
VERTEX
  5
111FF
  8
0
 10
25.89551127347646
 20
19.32857439121378
 30
-0.0000000000000089
  0
VERTEX
  5
11200
  8
0
 10
25.9028545186747
 20
19.34441228839128
 30
-0.0000000000000089
  0
VERTEX
  5
11201
  8
0
 10
25.90992095032527
 20
19.36037777042594
 30
-0.0000000000000089
  0
VERTEX
  5
11202
  8
0
 10
25.91670882297455
 20
19.37646723760896
 30
-0.0000000000000089
  0
VERTEX
  5
11203
  8
0
 10
25.92321639116894
 20
19.39267709023154
 30
-0.0000000000000089
  0
VERTEX
  5
11204
  8
0
 10
25.92944190945482
 20
19.40900372858488
 30
-0.0000000000000089
  0
VERTEX
  5
11205
  8
0
 10
25.93538363237855
 20
19.42544355296018
 30
-0.0000000000000089
  0
VERTEX
  5
11206
  8
0
 10
25.94103855125685
 20
19.44198916025288
 30
-0.0000000000000089
  0
VERTEX
  5
11207
  8
0
 10
25.94640116405066
 20
19.4586242490918
 30
-0.0000000000000089
  0
VERTEX
  5
11208
  8
0
 10
25.9514702794948
 20
19.47534392439901
 30
-0.0000000000000089
  0
VERTEX
  5
11209
  8
0
 10
25.95624505250256
 20
19.49214427588803
 30
-0.0000000000000089
  0
VERTEX
  5
1120A
  8
0
 10
25.96072463798723
 20
19.50902139327241
 30
-0.0000000000000089
  0
VERTEX
  5
1120B
  8
0
 10
25.96490819086208
 20
19.52597136626569
 30
-0.0000000000000089
  0
VERTEX
  5
1120C
  8
0
 10
25.96879486604037
 20
19.54299028458139
 30
-0.0000000000000089
  0
VERTEX
  5
1120D
  8
0
 10
25.9723838184354
 20
19.56007423793307
 30
-0.0000000000000089
  0
VERTEX
  5
1120E
  8
0
 10
25.97567420296043
 20
19.57721931603426
 30
-0.0000000000000089
  0
VERTEX
  5
1120F
  8
0
 10
25.97866517452874
 20
19.59442160859848
 30
-0.0000000000000089
  0
VERTEX
  5
11210
  8
0
 10
25.98135588805363
 20
19.61167720533931
 30
-0.0000000000000089
  0
VERTEX
  5
11211
  8
0
 10
25.98374549844834
 20
19.62898219597025
 30
-0.0000000000000089
  0
VERTEX
  5
11212
  8
0
 10
25.98583316062617
 20
19.64633267020486
 30
-0.0000000000000089
  0
VERTEX
  5
11213
  8
0
 10
25.9876180295004
 20
19.66372471775666
 30
-0.0000000000000089
  0
SEQEND
  5
11869
  8
0
  0
ARC
  5
188
  8
0
 10
27.97887734408283
 20
19.47694585897244
 30
-0.0000000000000089
 40
2.000000000000004
 50
36.3426492407434
 51
174.6413712198268
  0
POLYLINE
  5
189
  8
0
 66
     1
 10
0.0
 20
0.0
 30
0.0
  0
VERTEX
  5
11214
  8
0
 10
29.58985210879314
 20
20.66217170557991
 30
0.0
  0
VERTEX
  5
11215
  8
0
 10
29.60031439194316
 20
20.64820809836569
 30
0.0
  0
VERTEX
  5
11216
  8
0
 10
29.61101034951962
 20
20.63443975054299
 30
0.0
  0
VERTEX
  5
11217
  8
0
 10
29.62193706126648
 20
20.62086933815881
 30
0.0
  0
VERTEX
  5
11218
  8
0
 10
29.63309160692773
 20
20.60749953726014
 30
0.0
  0
VERTEX
  5
11219
  8
0
 10
29.64447106624733
 20
20.59433302389398
 30
0.0
  0
VERTEX
  5
1121A
  8
0
 10
29.65607251896928
 20
20.58137247410734
 30
0.0
  0
VERTEX
  5
1121B
  8
0
 10
29.66789304483754
 20
20.56862056394719
 30
0.0
  0
VERTEX
  5
1121C
  8
0
 10
29.6799297235961
 20
20.55607996946055
 30
0.0
  0
VERTEX
  5
1121D
  8
0
 10
29.69217963498893
 20
20.54375336669441
 30
0.0
  0
VERTEX
  5
1121E
  8
0
 10
29.70463985876
 20
20.53164343169576
 30
0.0
  0
VERTEX
  5
1121F
  8
0
 10
29.71730747465331
 20
20.51975284051161
 30
0.0
  0
VERTEX
  5
11220
  8
0
 10
29.73017956241281
 20
20.50808426918894
 30
0.0
  0
VERTEX
  5
11221
  8
0
 10
29.74325320178251
 20
20.49664039377476
 30
0.0
  0
VERTEX
  5
11222
  8
0
 10
29.75652547250636
 20
20.48542389031606
 30
0.0
  0
VERTEX
  5
11223
  8
0
 10
29.76999345432834
 20
20.47443743485983
 30
0.0
  0
VERTEX
  5
11224
  8
0
 10
29.78365422699244
 20
20.46368370345309
 30
0.0
  0
VERTEX
  5
11225
  8
0
 10
29.79750487024262
 20
20.45316537214281
 30
0.0
  0
VERTEX
  5
11226
  8
0
 10
29.81154246382289
 20
20.442885116976
 30
0.0
  0
VERTEX
  5
11227
  8
0
 10
29.82576408747719
 20
20.43284561399965
 30
0.0
  0
VERTEX
  5
11228
  8
0
 10
29.84016682094952
 20
20.42304953926077
 30
0.0
  0
VERTEX
  5
11229
  8
0
 10
29.85474774398385
 20
20.41349956880634
 30
0.0
  0
VERTEX
  5
1122A
  8
0
 10
29.86950393632416
 20
20.40419837868338
 30
0.0
  0
VERTEX
  5
1122B
  8
0
 10
29.88442753685831
 20
20.3951515828172
 30
0.0
  0
VERTEX
  5
1122C
  8
0
 10
29.89949642028491
 20
20.3863724960353
 30
0.0
  0
VERTEX
  5
1122D
  8
0
 10
29.91470504475028
 20
20.37786361281563
 30
0.0
  0
VERTEX
  5
1122E
  8
0
 10
29.93004969267561
 20
20.36962630017338
 30
0.0
  0
VERTEX
  5
1122F
  8
0
 10
29.94552664648208
 20
20.36166192512375
 30
0.0
  0
VERTEX
  5
11230
  8
0
 10
29.96113218859091
 20
20.35397185468193
 30
0.0
  0
VERTEX
  5
11231
  8
0
 10
29.97686260142324
 20
20.3465574558631
 30
0.0
  0
VERTEX
  5
11232
  8
0
 10
29.99271416740029
 20
20.33942009568248
 30
0.0
  0
VERTEX
  5
11233
  8
0
 10
30.00868316894323
 20
20.33256114115523
 30
0.0
  0
VERTEX
  5
11234
  8
0
 10
30.02476588847326
 20
20.32598195929656
 30
0.0
  0
VERTEX
  5
11235
  8
0
 10
30.04095860841156
 20
20.31968391712166
 30
0.0
  0
VERTEX
  5
11236
  8
0
 10
30.05725761117932
 20
20.31366838164573
 30
0.0
  0
VERTEX
  5
11237
  8
0
 10
30.07365917919773
 20
20.30793671988394
 30
0.0
  0
VERTEX
  5
11238
  8
0
 10
30.09015959488797
 20
20.30249029885151
 30
0.0
  0
VERTEX
  5
11239
  8
0
 10
30.10675514067122
 20
20.29733048556361
 30
0.0
  0
VERTEX
  5
1123A
  8
0
 10
30.12344209896869
 20
20.29245864703544
 30
0.0
  0
VERTEX
  5
1123B
  8
0
 10
30.14021675220155
 20
20.2878761502822
 30
0.0
  0
VERTEX
  5
1123C
  8
0
 10
30.15707538279099
 20
20.28358436231907
 30
0.0
  0
VERTEX
  5
1123D
  8
0
 10
30.1740142731582
 20
20.27958465016125
 30
0.0
  0
VERTEX
  5
1123E
  8
0
 10
30.19102970572438
 20
20.27587838082393
 30
0.0
  0
VERTEX
  5
1123F
  8
0
 10
30.20811796291068
 20
20.27246692132231
 30
0.0
  0
VERTEX
  5
11240
  8
0
 10
30.22527532713833
 20
20.26935163867157
 30
0.0
  0
VERTEX
  5
11241
  8
0
 10
30.24249738903055
 20
20.26653400692312
 30
0.0
  0
VERTEX
  5
11242
  8
0
 10
30.25976417100756
 20
20.26401758715679
 30
0.0
  0
VERTEX
  5
11243
  8
0
 10
30.27706490622674
 20
20.26180370496603
 30
0.0
  0
VERTEX
  5
11244
  8
0
 10
30.29439561913372
 20
20.25989251515664
 30
0.0
  0
VERTEX
  5
11245
  8
0
 10
30.31175233417416
 20
20.25828417253439
 30
0.0
  0
VERTEX
  5
11246
  8
0
 10
30.3291310757937
 20
20.25697883190509
 30
0.0
  0
VERTEX
  5
11247
  8
0
 10
30.34652786843798
 20
20.2559766480745
 30
0.0
  0
VERTEX
  5
11248
  8
0
 10
30.36393873655268
 20
20.25527777584844
 30
0.0
  0
VERTEX
  5
11249
  8
0
 10
30.38135970458343
 20
20.25488237003268
 30
0.0
  0
VERTEX
  5
1124A
  8
0
 10
30.39878679697589
 20
20.25479058543303
 30
0.0
  0
VERTEX
  5
1124B
  8
0
 10
30.4162160381757
 20
20.25500257685527
 30
0.0
  0
VERTEX
  5
1124C
  8
0
 10
30.43364345262852
 20
20.25551849910519
 30
0.0
  0
VERTEX
  5
1124D
  8
0
 10
30.45106506478
 20
20.25633850698857
 30
0.0
  0
VERTEX
  5
1124E
  8
0
 10
30.46847689907578
 20
20.25746275531122
 30
0.0
  0
VERTEX
  5
1124F
  8
0
 10
30.48587150091193
 20
20.25889108287732
 30
0.0
  0
VERTEX
  5
11250
  8
0
 10
30.50323165043242
 20
20.26062202712781
 30
0.0
  0
VERTEX
  5
11251
  8
0
 10
30.5205521474453
 20
20.26265470787123
 30
0.0
  0
VERTEX
  5
11252
  8
0
 10
30.53782909155737
 20
20.26498834029535
 30
0.0
  0
VERTEX
  5
11253
  8
0
 10
30.55505858237548
 20
20.26762213958793
 30
0.0
  0
VERTEX
  5
11254
  8
0
 10
30.57223671950643
 20
20.27055532093674
 30
0.0
  0
VERTEX
  5
11255
  8
0
 10
30.58935960255703
 20
20.27378709952954
 30
0.0
  0
VERTEX
  5
11256
  8
0
 10
30.60642333113412
 20
20.2773166905541
 30
0.0
  0
VERTEX
  5
11257
  8
0
 10
30.6234240048445
 20
20.28114330919818
 30
0.0
  0
VERTEX
  5
11258
  8
0
 10
30.64035772329499
 20
20.28526617064954
 30
0.0
  0
VERTEX
  5
11259
  8
0
 10
30.65722058609241
 20
20.28968449009596
 30
0.0
  0
VERTEX
  5
1125A
  8
0
 10
30.67400869284359
 20
20.29439748272519
 30
0.0
  0
VERTEX
  5
1125B
  8
0
 10
30.69071814315532
 20
20.299404363725
 30
0.0
  0
VERTEX
  5
1125C
  8
0
 10
30.70734503663445
 20
20.30470434828315
 30
0.0
  0
SEQEND
  5
1186A
  8
0
  0
POLYLINE
  5
190
  8
0
 66
     1
 10
0.0
 20
0.0
 30
0.0
  0
VERTEX
  5
1125D
  8
0
 10
32.44335613425815
 20
20.90159958470617
 30
0.0
  0
VERTEX
  5
1125E
  8
0
 10
32.40697764552681
 20
20.88854646406424
 30
0.0
  0
VERTEX
  5
1125F
  8
0
 10
32.37060985562257
 20
20.87552035708487
 30
0.0
  0
VERTEX
  5
11260
  8
0
 10
32.33425266542466
 20
20.86252121442023
 30
0.0
  0
VERTEX
  5
11261
  8
0
 10
32.29790597475485
 20
20.84954898689481
 30
0.0
  0
VERTEX
  5
11262
  8
0
 10
32.26156968238201
 20
20.83660362550756
 30
0.0
  0
VERTEX
  5
11263
  8
0
 10
32.22524368602689
 20
20.82368508143357
 30
0.0
  0
VERTEX
  5
11264
  8
0
 10
32.18892788236702
 20
20.810793306026
 30
0.0
  0
VERTEX
  5
11265
  8
0
 10
32.1526221670415
 20
20.79792825081777
 30
0.0
  0
VERTEX
  5
11266
  8
0
 10
32.11632643465594
 20
20.78508986752346
 30
0.0
  0
VERTEX
  5
11267
  8
0
 10
32.08004057878719
 20
20.77227810804107
 30
0.0
  0
VERTEX
  5
11268
  8
0
 10
32.04376449198824
 20
20.75949292445377
 30
0.0
  0
VERTEX
  5
11269
  8
0
 10
32.00749806579305
 20
20.74673426903174
 30
0.0
  0
VERTEX
  5
1126A
  8
0
 10
31.97124119072143
 20
20.73400209423402
 30
0.0
  0
VERTEX
  5
1126B
  8
0
 10
31.93499375628381
 20
20.72129635271018
 30
0.0
  0
VERTEX
  5
1126C
  8
0
 10
31.89875565098617
 20
20.70861699730226
 30
0.0
  0
VERTEX
  5
1126D
  8
0
 10
31.86252676233481
 20
20.69596398104646
 30
0.0
  0
VERTEX
  5
1126E
  8
0
 10
31.82630697684122
 20
20.68333725717499
 30
0.0
  0
VERTEX
  5
1126F
  8
0
 10
31.79009618002694
 20
20.67073677911787
 30
0.0
  0
VERTEX
  5
11270
  8
0
 10
31.75389425642839
 20
20.6581625005047
 30
0.0
  0
VERTEX
  5
11271
  8
0
 10
31.7177010896017
 20
20.6456143751665
 30
0.0
  0
VERTEX
  5
11272
  8
0
 10
31.68151656212758
 20
20.63309235713746
 30
0.0
  0
VERTEX
  5
11273
  8
0
 10
31.64534055561614
 20
20.62059640065678
 30
0.0
  0
VERTEX
  5
11274
  8
0
 10
31.60917295071173
 20
20.60812646017043
 30
0.0
  0
VERTEX
  5
11275
  8
0
 10
31.57301362709781
 20
20.59568249033299
 30
0.0
  0
VERTEX
  5
11276
  8
0
 10
31.53686246350181
 20
20.58326444600941
 30
0.0
  0
VERTEX
  5
11277
  8
0
 10
31.50071933769987
 20
20.57087228227686
 30
0.0
  0
VERTEX
  5
11278
  8
0
 10
31.46458412652181
 20
20.55850595442643
 30
0.0
  0
VERTEX
  5
11279
  8
0
 10
31.42845670585592
 20
20.54616541796507
 30
0.0
  0
VERTEX
  5
1127A
  8
0
 10
31.39233695065376
 20
20.53385062861726
 30
0.0
  0
VERTEX
  5
1127B
  8
0
 10
31.35622473493509
 20
20.52156154232687
 30
0.0
  0
VERTEX
  5
1127C
  8
0
 10
31.32011993179265
 20
20.50929811525896
 30
0.0
  0
VERTEX
  5
1127D
  8
0
 10
31.284022413397
 20
20.49706030380155
 30
0.0
  0
VERTEX
  5
1127E
  8
0
 10
31.24793205100145
 20
20.48484806456745
 30
0.0
  0
VERTEX
  5
1127F
  8
0
 10
31.21184871494676
 20
20.47266135439605
 30
0.0
  0
VERTEX
  5
11280
  8
0
 10
31.17577227466611
 20
20.46050013035507
 30
0.0
  0
VERTEX
  5
11281
  8
0
 10
31.13970259868989
 20
20.44836434974245
 30
0.0
  0
VERTEX
  5
11282
  8
0
 10
31.10363955465053
 20
20.43625397008808
 30
0.0
  0
VERTEX
  5
11283
  8
0
 10
31.06758300928739
 20
20.42416894915559
 30
0.0
  0
VERTEX
  5
11284
  8
0
 10
31.03153282845153
 20
20.41210924494423
 30
0.0
  0
VERTEX
  5
11285
  8
0
 10
30.99548887711067
 20
20.40007481569057
 30
0.0
  0
VERTEX
  5
11286
  8
0
 10
30.95945101935389
 20
20.38806561987036
 30
0.0
  0
VERTEX
  5
11287
  8
0
 10
30.92341911839657
 20
20.37608161620031
 30
0.0
  0
VERTEX
  5
11288
  8
0
 10
30.88739303658524
 20
20.36412276363987
 30
0.0
  0
VERTEX
  5
11289
  8
0
 10
30.85137263540235
 20
20.35218902139309
 30
0.0
  0
VERTEX
  5
1128A
  8
0
 10
30.81535777547116
 20
20.34028034891033
 30
0.0
  0
VERTEX
  5
1128B
  8
0
 10
30.7793483165606
 20
20.32839670589013
 30
0.0
  0
VERTEX
  5
1128C
  8
0
 10
30.74334411759008
 20
20.31653805228098
 30
0.0
  0
VERTEX
  5
1128D
  8
0
 10
30.70734503663445
 20
20.30470434828315
 30
0.0
  0
SEQEND
  5
1186B
  8
0
  0
POLYLINE
  5
191
  8
0
 66
     1
 10
0.0
 20
0.0
 30
0.0
  0
VERTEX
  5
1128E
  8
0
 10
32.44335613425815
 20
20.90159958470617
 30
0.0
  0
VERTEX
  5
1128F
  8
0
 10
32.45969534425588
 20
20.90762867795181
 30
0.0
  0
VERTEX
  5
11290
  8
0
 10
32.47591458134722
 20
20.91393643687051
 30
0.0
  0
VERTEX
  5
11291
  8
0
 10
32.49201046594352
 20
20.92052083794725
 30
0.0
  0
VERTEX
  5
11292
  8
0
 10
32.5079796184561
 20
20.927379857667
 30
0.0
  0
VERTEX
  5
11293
  8
0
 10
32.52381865929631
 20
20.93451147251471
 30
0.0
  0
VERTEX
  5
11294
  8
0
 10
32.53952420887546
 20
20.94191365897536
 30
0.0
  0
VERTEX
  5
11295
  8
0
 10
32.55509288760489
 20
20.9495843935339
 30
0.0
  0
VERTEX
  5
11296
  8
0
 10
32.57052131589591
 20
20.95752165267531
 30
0.0
  0
VERTEX
  5
11297
  8
0
 10
32.58580611415987
 20
20.96572341288455
 30
0.0
  0
VERTEX
  5
11298
  8
0
 10
32.6009439028081
 20
20.97418765064659
 30
0.0
  0
VERTEX
  5
11299
  8
0
 10
32.61593130225194
 20
20.98291234244639
 30
0.0
  0
VERTEX
  5
1129A
  8
0
 10
32.63076493290269
 20
20.99189546476891
 30
0.0
  0
VERTEX
  5
1129B
  8
0
 10
32.64544141517169
 20
21.00113499409912
 30
0.0
  0
VERTEX
  5
1129C
  8
0
 10
32.65995736947028
 20
21.01062890692198
 30
0.0
  0
VERTEX
  5
1129D
  8
0
 10
32.67430941620979
 20
21.02037517972247
 30
0.0
  0
VERTEX
  5
1129E
  8
0
 10
32.68849417580155
 20
21.03037178898555
 30
0.0
  0
VERTEX
  5
1129F
  8
0
 10
32.70250826865687
 20
21.04061671119617
 30
0.0
  0
VERTEX
  5
112A0
  8
0
 10
32.7163483151871
 20
21.05110792283931
 30
0.0
  0
VERTEX
  5
112A1
  8
0
 10
32.73001093580357
 20
21.06184340039994
 30
0.0
  0
VERTEX
  5
112A2
  8
0
 10
32.7434927509176
 20
21.07282112036302
 30
0.0
  0
VERTEX
  5
112A3
  8
0
 10
32.75679038094054
 20
21.0840390592135
 30
0.0
  0
VERTEX
  5
112A4
  8
0
 10
32.76990044628369
 20
21.09549519343636
 30
0.0
  0
VERTEX
  5
112A5
  8
0
 10
32.78281589682199
 20
21.10718412020584
 30
0.0
  0
VERTEX
  5
112A6
  8
0
 10
32.79551751688388
 20
21.11908837499267
 30
0.0
  0
VERTEX
  5
112A7
  8
0
 10
32.80800098437582
 20
21.13120305583934
 30
0.0
  0
VERTEX
  5
112A8
  8
0
 10
32.82026394096705
 20
21.14352500766921
 30
0.0
  0
VERTEX
  5
112A9
  8
0
 10
32.83230402832676
 20
21.15605107540565
 30
0.0
  0
VERTEX
  5
112AA
  8
0
 10
32.8441188881242
 20
21.16877810397201
 30
0.0
  0
VERTEX
  5
112AB
  8
0
 10
32.85570616202859
 20
21.18170293829164
 30
0.0
  0
VERTEX
  5
112AC
  8
0
 10
32.86706349170913
 20
21.19482242328792
 30
0.0
  0
VERTEX
  5
112AD
  8
0
 10
32.87818851883506
 20
21.20813340388418
 30
0.0
  0
VERTEX
  5
112AE
  8
0
 10
32.8890788850756
 20
21.22163272500381
 30
0.0
  0
VERTEX
  5
112AF
  8
0
 10
32.89973223209995
 20
21.23531723157015
 30
0.0
  0
VERTEX
  5
112B0
  8
0
 10
32.91014620157735
 20
21.24918376850656
 30
0.0
  0
VERTEX
  5
112B1
  8
0
 10
32.92031843517702
 20
21.2632291807364
 30
0.0
  0
VERTEX
  5
112B2
  8
0
 10
32.93024657456819
 20
21.27745031318304
 30
0.0
  0
VERTEX
  5
112B3
  8
0
 10
32.93992826142005
 20
21.29184401076981
 30
0.0
  0
VERTEX
  5
112B4
  8
0
 10
32.94936113740185
 20
21.3064071184201
 30
0.0
  0
VERTEX
  5
112B5
  8
0
 10
32.9585428441828
 20
21.32113648105726
 30
0.0
  0
VERTEX
  5
112B6
  8
0
 10
32.96747102343214
 20
21.33602894360465
 30
0.0
  0
VERTEX
  5
112B7
  8
0
 10
32.97614331681905
 20
21.35108135098561
 30
0.0
  0
VERTEX
  5
112B8
  8
0
 10
32.98455736601279
 20
21.36629054812353
 30
0.0
  0
VERTEX
  5
112B9
  8
0
 10
32.99271081268256
 20
21.38165337994174
 30
0.0
  0
VERTEX
  5
112BA
  8
0
 10
33.00060129849759
 20
21.39716669136361
 30
0.0
  0
VERTEX
  5
112BB
  8
0
 10
33.00822633571608
 20
21.41282705556657
 30
0.0
  0
VERTEX
  5
112BC
  8
0
 10
33.01557731040499
 20
21.42861754204517
 30
0.0
  0
VERTEX
  5
112BD
  8
0
 10
33.02264918945772
 20
21.44452685889554
 30
0.0
  0
VERTEX
  5
112BE
  8
0
 10
33.02944069444914
 20
21.46055126165567
 30
0.0
  0
VERTEX
  5
112BF
  8
0
 10
33.03595054695413
 20
21.47668700586356
 30
0.0
  0
VERTEX
  5
112C0
  8
0
 10
33.04217746854751
 20
21.49293034705716
 30
0.0
  0
VERTEX
  5
112C1
  8
0
 10
33.0481201808042
 20
21.50927754077449
 30
0.0
  0
VERTEX
  5
112C2
  8
0
 10
33.05377740529902
 20
21.5257248425535
 30
0.0
  0
VERTEX
  5
112C3
  8
0
 10
33.05914786360686
 20
21.5422685079322
 30
0.0
  0
VERTEX
  5
112C4
  8
0
 10
33.06423027730257
 20
21.55890479244855
 30
0.0
  0
VERTEX
  5
112C5
  8
0
 10
33.06902336796101
 20
21.57562995164055
 30
0.0
  0
VERTEX
  5
112C6
  8
0
 10
33.07352585715705
 20
21.59244024104617
 30
0.0
  0
VERTEX
  5
112C7
  8
0
 10
33.07773646646556
 20
21.60933191620341
 30
0.0
  0
VERTEX
  5
112C8
  8
0
 10
33.0816539174614
 20
21.62630123265024
 30
0.0
  0
VERTEX
  5
112C9
  8
0
 10
33.08527632985875
 20
21.64334148930784
 30
0.0
  0
VERTEX
  5
112CA
  8
0
 10
33.08860013823491
 20
21.66043576255239
 30
0.0
  0
VERTEX
  5
112CB
  8
0
 10
33.09162463244576
 20
21.67757856087408
 30
0.0
  0
VERTEX
  5
112CC
  8
0
 10
33.09434944630218
 20
21.69476594456837
 30
0.0
  0
VERTEX
  5
112CD
  8
0
 10
33.09677421361496
 20
21.71199397393068
 30
0.0
  0
VERTEX
  5
112CE
  8
0
 10
33.098898568195
 20
21.72925870925643
 30
0.0
  0
VERTEX
  5
112CF
  8
0
 10
33.10072214385313
 20
21.74655621084105
 30
0.0
  0
VERTEX
  5
112D0
  8
0
 10
33.10224457440017
 20
21.76388253897995
 30
0.0
  0
VERTEX
  5
112D1
  8
0
 10
33.10346549364701
 20
21.78123375396858
 30
0.0
  0
VERTEX
  5
112D2
  8
0
 10
33.10438453540446
 20
21.79860591610235
 30
0.0
  0
VERTEX
  5
112D3
  8
0
 10
33.1050013334834
 20
21.81599508567669
 30
0.0
  0
VERTEX
  5
112D4
  8
0
 10
33.10531552169465
 20
21.83339732298703
 30
0.0
  0
VERTEX
  5
112D5
  8
0
 10
33.10532673384906
 20
21.85080868832879
 30
0.0
  0
VERTEX
  5
112D6
  8
0
 10
33.1050346037575
 20
21.86822524199741
 30
0.0
  0
SEQEND
  5
1186C
  8
0
  0
ARC
  5
192
  8
0
 10
35.10438534772101
 20
21.91918211211878
 30
-0.0000000000000089
 40
2.000000000000001
 50
42.68935611232761
 51
181.4599647828193
  0
POLYLINE
  5
193
  8
0
 66
     1
 10
0.0
 20
0.0
 30
0.0000000000000089
  0
VERTEX
  5
112D7
  8
0
 10
36.57446647730119
 20
23.27522837698302
 30
0.0000000000000089
  0
VERTEX
  5
112D8
  8
0
 10
36.58637940069261
 20
23.26253708940087
 30
0.0000000000000089
  0
VERTEX
  5
112D9
  8
0
 10
36.59850198179151
 20
23.25006463886766
 30
0.0000000000000089
  0
VERTEX
  5
112DA
  8
0
 10
36.61083104532953
 20
23.23781334546956
 30
0.0000000000000089
  0
VERTEX
  5
112DB
  8
0
 10
36.62336341603829
 20
23.22578552929278
 30
0.0000000000000089
  0
VERTEX
  5
112DC
  8
0
 10
36.63609591864942
 20
23.21398351042351
 30
0.0000000000000089
  0
VERTEX
  5
112DD
  8
0
 10
36.64902537789454
 20
23.20240960894792
 30
0.0000000000000089
  0
VERTEX
  5
112DE
  8
0
 10
36.66214861850531
 20
23.19106614495222
 30
0.0000000000000089
  0
VERTEX
  5
112DF
  8
0
 10
36.67546246521329
 20
23.17995543852258
 30
0.0000000000000089
  0
VERTEX
  5
112E0
  8
0
 10
36.68896374275018
 20
23.16907980974522
 30
0.0000000000000089
  0
VERTEX
  5
112E1
  8
0
 10
36.70264927584758
 20
23.15844157870631
 30
0.0000000000000089
  0
VERTEX
  5
112E2
  8
0
 10
36.7165158892371
 20
23.14804306549204
 30
0.0000000000000089
  0
VERTEX
  5
112E3
  8
0
 10
36.73056040765041
 20
23.13788659018861
 30
0.0000000000000089
  0
VERTEX
  5
112E4
  8
0
 10
36.7447796558191
 20
23.1279744728822
 30
0.0000000000000089
  0
VERTEX
  5
112E5
  8
0
 10
36.75917045847481
 20
23.11830903365901
 30
0.0000000000000089
  0
VERTEX
  5
112E6
  8
0
 10
36.77372964034917
 20
23.10889259260523
 30
0.0000000000000089
  0
VERTEX
  5
112E7
  8
0
 10
36.78845402617381
 20
23.09972746980704
 30
0.0000000000000089
  0
VERTEX
  5
112E8
  8
0
 10
36.80334044068035
 20
23.09081598535063
 30
0.0000000000000089
  0
VERTEX
  5
112E9
  8
0
 10
36.81838570860043
 20
23.0821604593222
 30
0.0000000000000089
  0
VERTEX
  5
112EA
  8
0
 10
36.83358665466567
 20
23.07376321180793
 30
0.0000000000000089
  0
VERTEX
  5
112EB
  8
0
 10
36.84894010360769
 20
23.06562656289402
 30
0.0000000000000089
  0
VERTEX
  5
112EC
  8
0
 10
36.86444288015814
 20
23.05775283266666
 30
0.0000000000000089
  0
VERTEX
  5
112ED
  8
0
 10
36.88009180904864
 20
23.05014434121204
 30
0.0000000000000089
  0
VERTEX
  5
112EE
  8
0
 10
36.89587936900101
 20
23.04280538402671
 30
0.0000000000000089
  0
VERTEX
  5
112EF
  8
0
 10
36.91178197324848
 20
23.03574687477036
 30
0.0000000000000089
  0
VERTEX
  5
112F0
  8
0
 10
36.92779329115957
 20
23.02897094845294
 30
0.0000000000000089
  0
VERTEX
  5
112F1
  8
0
 10
36.94390950437653
 20
23.02247854596407
 30
0.0000000000000089
  0
VERTEX
  5
112F2
  8
0
 10
36.96012679454162
 20
23.01627060819336
 30
0.0000000000000089
  0
VERTEX
  5
112F3
  8
0
 10
36.9764413432971
 20
23.01034807603045
 30
0.0000000000000089
  0
VERTEX
  5
112F4
  8
0
 10
36.9928493322852
 20
23.00471189036496
 30
0.0000000000000089
  0
VERTEX
  5
112F5
  8
0
 10
37.00934694314819
 20
22.99936299208651
 30
0.0000000000000089
  0
VERTEX
  5
112F6
  8
0
 10
37.02593035752833
 20
22.99430232208472
 30
0.0000000000000089
  0
VERTEX
  5
112F7
  8
0
 10
37.04259575706784
 20
22.98953082124921
 30
0.0000000000000089
  0
VERTEX
  5
112F8
  8
0
 10
37.05933932340902
 20
22.98504943046962
 30
0.0000000000000089
  0
VERTEX
  5
112F9
  8
0
 10
37.07615723819409
 20
22.98085909063556
 30
0.0000000000000089
  0
VERTEX
  5
112FA
  8
0
 10
37.09304568306531
 20
22.97696074263666
 30
0.0000000000000089
  0
VERTEX
  5
112FB
  8
0
 10
37.11000083966495
 20
22.97335532736254
 30
0.0000000000000089
  0
VERTEX
  5
112FC
  8
0
 10
37.12701888963524
 20
22.97004378570282
 30
0.0000000000000089
  0
VERTEX
  5
112FD
  8
0
 10
37.14409601461844
 20
22.96702705854712
 30
0.0000000000000089
  0
VERTEX
  5
112FE
  8
0
 10
37.16122839625682
 20
22.96430608678508
 30
0.0000000000000089
  0
VERTEX
  5
112FF
  8
0
 10
37.1784122161926
 20
22.96188181130631
 30
0.0000000000000089
  0
VERTEX
  5
11300
  8
0
 10
37.19564365606807
 20
22.95975517300044
 30
0.0000000000000089
  0
VERTEX
  5
11301
  8
0
 10
37.21291889752546
 20
22.95792711275708
 30
0.0000000000000089
  0
VERTEX
  5
11302
  8
0
 10
37.23023412220704
 20
22.95639857146587
 30
0.0000000000000089
  0
VERTEX
  5
11303
  8
0
 10
37.24758551175503
 20
22.95517049001642
 30
0.0000000000000089
  0
VERTEX
  5
11304
  8
0
 10
37.26496903358825
 20
22.95424381885615
 30
0.0000000000000089
  0
VERTEX
  5
11305
  8
0
 10
37.2823661865509
 20
22.95361989089507
 30
0.0000000000000089
  0
VERTEX
  5
11306
  8
0
 10
37.29976413093948
 20
22.95329897584892
 30
0.0000000000000089
  0
VERTEX
  5
11307
  8
0
 10
37.31715892653967
 20
22.95328079308885
 30
0.0000000000000089
  0
VERTEX
  5
11308
  8
0
 10
37.33454663313715
 20
22.95356506198603
 30
0.0000000000000089
  0
VERTEX
  5
11309
  8
0
 10
37.35192331051759
 20
22.95415150191161
 30
0.0000000000000089
  0
VERTEX
  5
1130A
  8
0
 10
37.36928501846666
 20
22.95503983223675
 30
0.0000000000000089
  0
VERTEX
  5
1130B
  8
0
 10
37.38662781677001
 20
22.95622977233261
 30
0.0000000000000089
  0
VERTEX
  5
1130C
  8
0
 10
37.40394776521334
 20
22.95772104157035
 30
0.0000000000000089
  0
VERTEX
  5
1130D
  8
0
 10
37.4212409235823
 20
22.95951335932112
 30
0.0000000000000089
  0
VERTEX
  5
1130E
  8
0
 10
37.43850335166259
 20
22.96160644495609
 30
0.0000000000000089
  0
VERTEX
  5
1130F
  8
0
 10
37.45573110923986
 20
22.96400001784641
 30
0.0000000000000089
  0
VERTEX
  5
11310
  8
0
 10
37.47292025609978
 20
22.96669379736324
 30
0.0000000000000089
  0
VERTEX
  5
11311
  8
0
 10
37.49006685202801
 20
22.96968750287774
 30
0.0000000000000089
  0
VERTEX
  5
11312
  8
0
 10
37.5071641308427
 20
22.97298028414501
 30
0.0000000000000089
  0
VERTEX
  5
11313
  8
0
 10
37.52419512257973
 20
22.97656884589868
 30
0.0000000000000089
  0
VERTEX
  5
11314
  8
0
 10
37.54115440972676
 20
22.98045169069207
 30
0.0000000000000089
  0
VERTEX
  5
11315
  8
0
 10
37.55803822688321
 20
22.98462762445652
 30
0.0000000000000089
  0
VERTEX
  5
11316
  8
0
 10
37.5748428086485
 20
22.98909545312335
 30
0.0000000000000089
  0
VERTEX
  5
11317
  8
0
 10
37.59156438962205
 20
22.99385398262388
 30
0.0000000000000089
  0
VERTEX
  5
11318
  8
0
 10
37.60819920440329
 20
22.99890201888944
 30
0.0000000000000089
  0
VERTEX
  5
11319
  8
0
 10
37.62474348759164
 20
23.00423836785134
 30
0.0000000000000089
  0
VERTEX
  5
1131A
  8
0
 10
37.64119347378653
 20
23.00986183544092
 30
0.0000000000000089
  0
VERTEX
  5
1131B
  8
0
 10
37.65754539758738
 20
23.01577122758948
 30
0.0000000000000089
  0
VERTEX
  5
1131C
  8
0
 10
37.67379549359362
 20
23.02196535022837
 30
0.0000000000000089
  0
VERTEX
  5
1131D
  8
0
 10
37.68993999640465
 20
23.02844300928889
 30
0.0000000000000089
  0
VERTEX
  5
1131E
  8
0
 10
37.70597514061993
 20
23.03520301070238
 30
0.0000000000000089
  0
VERTEX
  5
1131F
  8
0
 10
37.72189716083886
 20
23.04224416040015
 30
0.0000000000000089
  0
SEQEND
  5
1186D
  8
0
  0
POLYLINE
  5
194
  8
0
 66
     1
 10
0.0
 20
0.0
 30
0.0000000000000089
  0
VERTEX
  5
11320
  8
0
 10
40.37331227063075
 20
24.30803058487849
 30
0.0000000000000089
  0
VERTEX
  5
11321
  8
0
 10
40.31763639971387
 20
24.28007655123324
 30
0.0000000000000089
  0
VERTEX
  5
11322
  8
0
 10
40.26197342928337
 20
24.25218915096959
 30
0.0000000000000089
  0
VERTEX
  5
11323
  8
0
 10
40.20632380083774
 20
24.224368475496
 30
0.0000000000000089
  0
VERTEX
  5
11324
  8
0
 10
40.15068794990579
 20
24.19661461224089
 30
0.0000000000000089
  0
VERTEX
  5
11325
  8
0
 10
40.09506630600684
 20
24.1689276446431
 30
0.0000000000000089
  0
VERTEX
  5
11326
  8
0
 10
40.03945929261106
 20
24.14130765214203
 30
0.0000000000000089
  0
VERTEX
  5
11327
  8
0
 10
39.98386732709988
 20
24.11375471016809
 30
0.0000000000000089
  0
VERTEX
  5
11328
  8
0
 10
39.92829082072813
 20
24.08626889013444
 30
0.0000000000000089
  0
VERTEX
  5
11329
  8
0
 10
39.87273017860952
 20
24.05885025944747
 30
0.0000000000000089
  0
VERTEX
  5
1132A
  8
0
 10
39.8171857997373
 20
24.03149888154549
 30
0.0000000000000089
  0
VERTEX
  5
1132B
  8
0
 10
39.76165807701281
 20
24.00421481594364
 30
0.0000000000000089
  0
VERTEX
  5
1132C
  8
0
 10
39.70614739727434
 20
23.9769981182792
 30
0.0000000000000089
  0
VERTEX
  5
1132D
  8
0
 10
39.65065414132592
 20
23.9498488403567
 30
0.0000000000000089
  0
VERTEX
  5
1132E
  8
0
 10
39.59517868396594
 20
23.92276703019309
 30
0.0000000000000089
  0
VERTEX
  5
1132F
  8
0
 10
39.53972139401617
 20
23.89575273206288
 30
0.0000000000000089
  0
VERTEX
  5
11330
  8
0
 10
39.48428263435026
 20
23.86880598654333
 30
0.0000000000000089
  0
VERTEX
  5
11331
  8
0
 10
39.42886276192272
 20
23.84192683055962
 30
0.0000000000000089
  0
VERTEX
  5
11332
  8
0
 10
39.37346212779759
 20
23.81511529742998
 30
0.0000000000000089
  0
VERTEX
  5
11333
  8
0
 10
39.3180810771772
 20
23.78837141691087
 30
0.0000000000000089
  0
VERTEX
  5
11334
  8
0
 10
39.26271994943102
 20
23.76169521524215
 30
0.0000000000000089
  0
VERTEX
  5
11335
  8
0
 10
39.20737907812437
 20
23.73508671519226
 30
0.0000000000000089
  0
VERTEX
  5
11336
  8
0
 10
39.1520587910472
 20
23.70854593610332
 30
0.0000000000000089
  0
VERTEX
  5
11337
  8
0
 10
39.09675941024283
 20
23.68207289393636
 30
0.0000000000000089
  0
VERTEX
  5
11338
  8
0
 10
39.04148125203685
 20
23.65566760131645
 30
0.0000000000000089
  0
VERTEX
  5
11339
  8
0
 10
38.98622462706572
 20
23.62933006757788
 30
0.0000000000000089
  0
VERTEX
  5
1133A
  8
0
 10
38.93098984030564
 20
23.60306029880929
 30
0.0000000000000089
  0
VERTEX
  5
1133B
  8
0
 10
38.87577719110131
 20
23.57685829789887
 30
0.0000000000000089
  0
VERTEX
  5
1133C
  8
0
 10
38.82058697319469
 20
23.55072406457954
 30
0.0000000000000089
  0
VERTEX
  5
1133D
  8
0
 10
38.76541947475376
 20
23.52465759547402
 30
0.0000000000000089
  0
VERTEX
  5
1133E
  8
0
 10
38.71027497840132
 20
23.4986588841401
 30
0.0000000000000089
  0
VERTEX
  5
1133F
  8
0
 10
38.65515376124374
 20
23.47272792111576
 30
0.0000000000000089
  0
VERTEX
  5
11340
  8
0
 10
38.60005609489976
 20
23.44686469396432
 30
0.0000000000000089
  0
VERTEX
  5
11341
  8
0
 10
38.54498224552918
 20
23.4210691873196
 30
0.0000000000000089
  0
VERTEX
  5
11342
  8
0
 10
38.48993247386174
 20
23.39534138293113
 30
0.0000000000000089
  0
VERTEX
  5
11343
  8
0
 10
38.43490703522583
 20
23.36968125970926
 30
0.0000000000000089
  0
VERTEX
  5
11344
  8
0
 10
38.37990617957725
 20
23.34408879377036
 30
0.0000000000000089
  0
VERTEX
  5
11345
  8
0
 10
38.32493015152802
 20
23.31856395848196
 30
0.0000000000000089
  0
VERTEX
  5
11346
  8
0
 10
38.26997919037515
 20
23.29310672450791
 30
0.0000000000000089
  0
VERTEX
  5
11347
  8
0
 10
38.21505353012936
 20
23.26771705985358
 30
0.0000000000000089
  0
VERTEX
  5
11348
  8
0
 10
38.16015339954392
 20
23.24239492991099
 30
0.0000000000000089
  0
VERTEX
  5
11349
  8
0
 10
38.10527902214331
 20
23.21714029750394
 30
0.0000000000000089
  0
VERTEX
  5
1134A
  8
0
 10
38.05043061625219
 20
23.19195312293328
 30
0.0000000000000089
  0
VERTEX
  5
1134B
  8
0
 10
37.99560839502394
 20
23.16683336402198
 30
0.0000000000000089
  0
VERTEX
  5
1134C
  8
0
 10
37.94081256646962
 20
23.14178097616028
 30
0.0000000000000089
  0
VERTEX
  5
1134D
  8
0
 10
37.8860433334866
 20
23.11679591235097
 30
0.0000000000000089
  0
VERTEX
  5
1134E
  8
0
 10
37.83130089388742
 20
23.0918781232544
 30
0.0000000000000089
  0
VERTEX
  5
1134F
  8
0
 10
37.77658544042853
 20
23.06702755723378
 30
0.0000000000000089
  0
VERTEX
  5
11350
  8
0
 10
37.72189716083886
 20
23.04224416040015
 30
0.0000000000000089
  0
SEQEND
  5
1186E
  8
0
  0
POLYLINE
  5
195
  8
0
 66
     1
 10
0.0
 20
0.0
 30
0.0000000000000089
  0
VERTEX
  5
11351
  8
0
 10
40.37331227063075
 20
24.30803058487847
 30
0.0000000000000089
  0
VERTEX
  5
11352
  8
0
 10
40.38879693272849
 20
24.31598315474103
 30
0.0000000000000089
  0
VERTEX
  5
11353
  8
0
 10
40.4041290271023
 20
24.32419761819044
 30
0.0000000000000089
  0
VERTEX
  5
11354
  8
0
 10
40.41930544766272
 20
24.33267156230741
 30
0.0000000000000089
  0
VERTEX
  5
11355
  8
0
 10
40.43432308832033
 20
24.3414025741727
 30
0.0000000000000089
  0
VERTEX
  5
11356
  8
0
 10
40.44917884298564
 20
24.35038824086702
 30
0.0000000000000089
  0
VERTEX
  5
11357
  8
0
 10
40.46386960556925
 20
24.35962614947108
 30
0.0000000000000089
  0
VERTEX
  5
11358
  8
0
 10
40.4783922699817
 20
24.36911388706563
 30
0.0000000000000089
  0
VERTEX
  5
11359
  8
0
 10
40.49274373013353
 20
24.37884904073136
 30
0.0000000000000089
  0
VERTEX
  5
1135A
  8
0
 10
40.50692087993533
 20
24.38882919754904
 30
0.0000000000000089
  0
VERTEX
  5
1135B
  8
0
 10
40.52092061329763
 20
24.39905194459935
 30
0.0000000000000089
  0
VERTEX
  5
1135C
  8
0
 10
40.53473982413097
 20
24.40951486896305
 30
0.0000000000000089
  0
VERTEX
  5
1135D
  8
0
 10
40.54837540634593
 20
24.42021555772085
 30
0.0000000000000089
  0
VERTEX
  5
1135E
  8
0
 10
40.56182425385307
 20
24.43115159795347
 30
0.0000000000000089
  0
VERTEX
  5
1135F
  8
0
 10
40.57508326056292
 20
24.44232057674165
 30
0.0000000000000089
  0
VERTEX
  5
11360
  8
0
 10
40.58814932038606
 20
24.4537200811661
 30
0.0000000000000089
  0
VERTEX
  5
11361
  8
0
 10
40.60101932723303
 20
24.46534769830756
 30
0.0000000000000089
  0
VERTEX
  5
11362
  8
0
 10
40.61369017501438
 20
24.47720101524673
 30
0.0000000000000089
  0
VERTEX
  5
11363
  8
0
 10
40.62615875764068
 20
24.48927761906436
 30
0.0000000000000089
  0
VERTEX
  5
11364
  8
0
 10
40.63842196902248
 20
24.50157509684117
 30
0.0000000000000089
  0
VERTEX
  5
11365
  8
0
 10
40.65047670307034
 20
24.51409103565788
 30
0.0000000000000089
  0
VERTEX
  5
11366
  8
0
 10
40.6623198536948
 20
24.52682302259521
 30
0.0000000000000089
  0
VERTEX
  5
11367
  8
0
 10
40.67394831480644
 20
24.5397686447339
 30
0.0000000000000089
  0
VERTEX
  5
11368
  8
0
 10
40.68535587020313
 20
24.55292184076256
 30
0.0000000000000089
  0
VERTEX
  5
11369
  8
0
 10
40.69652552840209
 20
24.56626294751325
 30
0.0000000000000089
  0
VERTEX
  5
1136A
  8
0
 10
40.70745350123436
 20
24.57978647882594
 30
0.0000000000000089
  0
VERTEX
  5
1136B
  8
0
 10
40.71813783122892
 20
24.59348902320851
 30
0.0000000000000089
  0
VERTEX
  5
1136C
  8
0
 10
40.72857656091484
 20
24.60736716916884
 30
0.0000000000000089
  0
VERTEX
  5
1136D
  8
0
 10
40.73876773282115
 20
24.62141750521482
 30
0.0000000000000089
  0
VERTEX
  5
1136E
  8
0
 10
40.74870938947686
 20
24.63563661985431
 30
0.0000000000000089
  0
VERTEX
  5
1136F
  8
0
 10
40.75839957341105
 20
24.65002110159521
 30
0.0000000000000089
  0
VERTEX
  5
11370
  8
0
 10
40.76783632715274
 20
24.66456753894539
 30
0.0000000000000089
  0
VERTEX
  5
11371
  8
0
 10
40.77701769323095
 20
24.67927252041274
 30
0.0000000000000089
  0
VERTEX
  5
11372
  8
0
 10
40.7859417141747
 20
24.69413263450512
 30
0.0000000000000089
  0
VERTEX
  5
11373
  8
0
 10
40.79460643251307
 20
24.70914446973043
 30
0.0000000000000089
  0
VERTEX
  5
11374
  8
0
 10
40.80300989077507
 20
24.72430461459652
 30
0.0000000000000089
  0
VERTEX
  5
11375
  8
0
 10
40.81115013148973
 20
24.7396096576113
 30
0.0000000000000089
  0
VERTEX
  5
11376
  8
0
 10
40.81902519718609
 20
24.75505618728263
 30
0.0000000000000089
  0
VERTEX
  5
11377
  8
0
 10
40.82663313039318
 20
24.77064079211841
 30
0.0000000000000089
  0
VERTEX
  5
11378
  8
0
 10
40.83397197364005
 20
24.78636006062649
 30
0.0000000000000089
  0
VERTEX
  5
11379
  8
0
 10
40.84103976945573
 20
24.80221058131477
 30
0.0000000000000089
  0
VERTEX
  5
1137A
  8
0
 10
40.84783456036925
 20
24.81818894269113
 30
0.0000000000000089
  0
VERTEX
  5
1137B
  8
0
 10
40.85435438890965
 20
24.83429173326345
 30
0.0000000000000089
  0
VERTEX
  5
1137C
  8
0
 10
40.86059729760595
 20
24.85051554153959
 30
0.0000000000000089
  0
VERTEX
  5
1137D
  8
0
 10
40.8665613289872
 20
24.86685695602745
 30
0.0000000000000089
  0
VERTEX
  5
1137E
  8
0
 10
40.87224445492841
 20
24.88331235476055
 30
0.0000000000000089
  0
VERTEX
  5
1137F
  8
0
 10
40.87764028095174
 20
24.89986427925422
 30
0.0000000000000089
  0
VERTEX
  5
11380
  8
0
 10
40.88274502372159
 20
24.91650050512463
 30
0.0000000000000089
  0
VERTEX
  5
11381
  8
0
 10
40.88755786658764
 20
24.93321716688515
 30
0.0000000000000089
  0
VERTEX
  5
11382
  8
0
 10
40.89207799289963
 20
24.95001039904917
 30
0.0000000000000089
  0
VERTEX
  5
11383
  8
0
 10
40.8963045860073
 20
24.96687633613009
 30
0.0000000000000089
  0
VERTEX
  5
11384
  8
0
 10
40.9002368292603
 20
24.98381111264127
 30
0.0000000000000089
  0
VERTEX
  5
11385
  8
0
 10
40.90387390600843
 20
25.00081086309612
 30
0.0000000000000089
  0
VERTEX
  5
11386
  8
0
 10
40.90721499960134
 20
25.01787172200801
 30
0.0000000000000089
  0
VERTEX
  5
11387
  8
0
 10
40.91025929338878
 20
25.03498982389033
 30
0.0000000000000089
  0
VERTEX
  5
11388
  8
0
 10
40.91300597072046
 20
25.05216130325647
 30
0.0000000000000089
  0
VERTEX
  5
11389
  8
0
 10
40.91545421494609
 20
25.0693822946198
 30
0.0000000000000089
  0
VERTEX
  5
1138A
  8
0
 10
40.91760320941538
 20
25.08664893249371
 30
0.0000000000000089
  0
VERTEX
  5
1138B
  8
0
 10
40.91945213747806
 20
25.1039573513916
 30
0.0000000000000089
  0
VERTEX
  5
1138C
  8
0
 10
40.92099995002878
 20
25.12130079975467
 30
0.0000000000000089
  0
VERTEX
  5
1138D
  8
0
 10
40.92224513719822
 20
25.13866205568468
 30
0.0000000000000089
  0
VERTEX
  5
1138E
  8
0
 10
40.92318764590066
 20
25.15603550679078
 30
0.0000000000000089
  0
VERTEX
  5
1138F
  8
0
 10
40.92382758599421
 20
25.17341720379003
 30
0.0000000000000089
  0
VERTEX
  5
11390
  8
0
 10
40.92416506733699
 20
25.19080319739951
 30
0.0000000000000089
  0
VERTEX
  5
11391
  8
0
 10
40.92420019978711
 20
25.20818953833626
 30
0.0000000000000089
  0
VERTEX
  5
11392
  8
0
 10
40.92393309320273
 20
25.2255722773174
 30
0.0000000000000089
  0
VERTEX
  5
11393
  8
0
 10
40.92336385744195
 20
25.24294746505997
 30
0.0000000000000089
  0
VERTEX
  5
11394
  8
0
 10
40.92249260236288
 20
25.26031115228104
 30
0.0000000000000089
  0
VERTEX
  5
11395
  8
0
 10
40.92131943782366
 20
25.2776593896977
 30
0.0000000000000089
  0
VERTEX
  5
11396
  8
0
 10
40.91984447368242
 20
25.29498822802701
 30
0.0000000000000089
  0
VERTEX
  5
11397
  8
0
 10
40.91806781979725
 20
25.31229371798604
 30
0.0000000000000089
  0
VERTEX
  5
11398
  8
0
 10
40.9159895860263
 20
25.32957191029187
 30
0.0000000000000089
  0
VERTEX
  5
11399
  8
0
 10
40.91360988222769
 20
25.34681885566157
 30
0.0000000000000089
  0
SEQEND
  5
1186F
  8
0
  0
ARC
  5
196
  8
0
 10
42.89238468839428
 20
25.63742213589146
 30
0.0
 40
1.999999999999992
 50
49.60763142873545
 51
188.3547468854225
  0
POLYLINE
  5
197
  8
0
 66
     1
 10
0.0
 20
0.0
 30
0.0
  0
VERTEX
  5
1139A
  8
0
 10
44.18842161502958
 20
27.16067138824567
 30
0.0
  0
VERTEX
  5
1139B
  8
0
 10
44.20178856042322
 20
27.14949756297741
 30
0.0
  0
VERTEX
  5
1139C
  8
0
 10
44.21533760018183
 20
27.1385666719659
 30
0.0
  0
VERTEX
  5
1139D
  8
0
 10
44.22906529345943
 20
27.12788064110116
 30
0.0
  0
VERTEX
  5
1139E
  8
0
 10
44.24296819941006
 20
27.11744139627322
 30
0.0
  0
VERTEX
  5
1139F
  8
0
 10
44.25704287718775
 20
27.10725086337208
 30
0.0
  0
VERTEX
  5
113A0
  8
0
 10
44.2712858859465
 20
27.09731096828778
 30
0.0
  0
VERTEX
  5
113A1
  8
0
 10
44.28569378484039
 20
27.08762363691035
 30
0.0
  0
VERTEX
  5
113A2
  8
0
 10
44.30026313302342
 20
27.07819079512979
 30
0.0
  0
VERTEX
  5
113A3
  8
0
 10
44.31499048964965
 20
27.06901436883614
 30
0.0
  0
VERTEX
  5
113A4
  8
0
 10
44.32987241387307
 20
27.06009628391941
 30
0.0
  0
VERTEX
  5
113A5
  8
0
 10
44.34490546484773
 20
27.05143846626964
 30
0.0
  0
VERTEX
  5
113A6
  8
0
 10
44.36008620172768
 20
27.04304284177683
 30
0.0
  0
VERTEX
  5
113A7
  8
0
 10
44.37541118366693
 20
27.03491133633101
 30
0.0
  0
VERTEX
  5
113A8
  8
0
 10
44.39087696981952
 20
27.02704587582221
 30
0.0
  0
VERTEX
  5
113A9
  8
0
 10
44.40648011933948
 20
27.01944838614044
 30
0.0
  0
VERTEX
  5
113AA
  8
0
 10
44.42221719138082
 20
27.01212079317573
 30
0.0
  0
VERTEX
  5
113AB
  8
0
 10
44.4380847450976
 20
27.0050650228181
 30
0.0
  0
VERTEX
  5
113AC
  8
0
 10
44.45407933964385
 20
26.99828300095758
 30
0.0
  0
VERTEX
  5
113AD
  8
0
 10
44.47019753417359
 20
26.99177665348418
 30
0.0
  0
VERTEX
  5
113AE
  8
0
 10
44.48643588784083
 20
26.98554790628792
 30
0.0
  0
VERTEX
  5
113AF
  8
0
 10
44.50279095979965
 20
26.97959868525884
 30
0.0
  0
VERTEX
  5
113B0
  8
0
 10
44.51925930920406
 20
26.97393091628694
 30
0.0
  0
VERTEX
  5
113B1
  8
0
 10
44.53583260540236
 20
26.96854806747843
 30
0.0
  0
VERTEX
  5
113B2
  8
0
 10
44.55248615165795
 20
26.96345809698325
 30
0.0
  0
VERTEX
  5
113B3
  8
0
 10
44.56921363029925
 20
26.95866228360003
 30
0.0
  0
VERTEX
  5
113B4
  8
0
 10
44.58601112693139
 20
26.95416110270905
 30
0.0
  0
VERTEX
  5
113B5
  8
0
 10
44.60287472715956
 20
26.94995502969059
 30
0.0
  0
VERTEX
  5
113B6
  8
0
 10
44.61980051658891
 20
26.94604453992492
 30
0.0
  0
VERTEX
  5
113B7
  8
0
 10
44.63678458082462
 20
26.94243010879232
 30
0.0
  0
VERTEX
  5
113B8
  8
0
 10
44.65382300547183
 20
26.93911221167303
 30
0.0
  0
VERTEX
  5
113B9
  8
0
 10
44.67091187613572
 20
26.93609132394736
 30
0.0
  0
VERTEX
  5
113BA
  8
0
 10
44.68804727842141
 20
26.93336792099556
 30
0.0
  0
VERTEX
  5
113BB
  8
0
 10
44.7052252979341
 20
26.93094247819792
 30
0.0
  0
VERTEX
  5
113BC
  8
0
 10
44.72244202027895
 20
26.92881547093469
 30
0.0
  0
VERTEX
  5
113BD
  8
0
 10
44.73969353106111
 20
26.92698737458616
 30
0.0
  0
VERTEX
  5
113BE
  8
0
 10
44.75697591588573
 20
26.9254586645326
 30
0.0
  0
VERTEX
  5
113BF
  8
0
 10
44.774285260358
 20
26.92422981615427
 30
0.0
  0
VERTEX
  5
113C0
  8
0
 10
44.79161765008305
 20
26.92330130483146
 30
0.0
  0
VERTEX
  5
113C1
  8
0
 10
44.80896917066607
 20
26.92267360594442
 30
0.0
  0
VERTEX
  5
113C2
  8
0
 10
44.82633590771221
 20
26.92234719487345
 30
0.0
  0
VERTEX
  5
113C3
  8
0
 10
44.8437139468266
 20
26.9223225469988
 30
0.0
  0
VERTEX
  5
113C4
  8
0
 10
44.86109937361446
 20
26.92260013770076
 30
0.0
  0
VERTEX
  5
113C5
  8
0
 10
44.87848827368091
 20
26.92318044235959
 30
0.0
  0
VERTEX
  5
113C6
  8
0
 10
44.89587673263112
 20
26.92406393635556
 30
0.0
  0
VERTEX
  5
113C7
  8
0
 10
44.91326047413613
 20
26.92525106719859
 30
0.0
  0
VERTEX
  5
113C8
  8
0
 10
44.93062026086642
 20
26.92674084675461
 30
0.0
  0
VERTEX
  5
113C9
  8
0
 10
44.947944089087
 20
26.9285320339277
 30
0.0
  0
VERTEX
  5
113CA
  8
0
 10
44.96522807089991
 20
26.93062387241383
 30
0.0
  0
VERTEX
  5
113CB
  8
0
 10
44.98246831840716
 20
26.93301560590899
 30
0.0
  0
VERTEX
  5
113CC
  8
0
 10
44.99966094371075
 20
26.93570647810918
 30
0.0
  0
VERTEX
  5
113CD
  8
0
 10
45.01680205891274
 20
26.93869573271039
 30
0.0
  0
VERTEX
  5
113CE
  8
0
 10
45.03388777611509
 20
26.94198261340858
 30
0.0
  0
VERTEX
  5
113CF
  8
0
 10
45.05091420741986
 20
26.94556636389977
 30
0.0
  0
VERTEX
  5
113D0
  8
0
 10
45.06787746492905
 20
26.94944622787992
 30
0.0
  0
VERTEX
  5
113D1
  8
0
 10
45.0847736607447
 20
26.95362144904504
 30
0.0
  0
VERTEX
  5
113D2
  8
0
 10
45.1015989069688
 20
26.95809127109112
 30
0.0
  0
VERTEX
  5
113D3
  8
0
 10
45.11834931570338
 20
26.96285493771413
 30
0.0
  0
VERTEX
  5
113D4
  8
0
 10
45.13502099905047
 20
26.96791169261006
 30
0.0
  0
VERTEX
  5
113D5
  8
0
 10
45.15160712365524
 20
26.97325980154257
 30
0.0
  0
VERTEX
  5
113D6
  8
0
 10
45.16809123741173
 20
26.97889392322289
 30
0.0
  0
VERTEX
  5
113D7
  8
0
 10
45.18446827405479
 20
26.98481195325257
 30
0.0
  0
VERTEX
  5
113D8
  8
0
 10
45.20073463118372
 20
26.99101224528547
 30
0.0
  0
VERTEX
  5
113D9
  8
0
 10
45.21688670639782
 20
26.99749315297548
 30
0.0
  0
VERTEX
  5
113DA
  8
0
 10
45.23292089729636
 20
27.00425302997642
 30
0.0
  0
VERTEX
  5
113DB
  8
0
 10
45.24883360147864
 20
27.01129022994218
 30
0.0
  0
VERTEX
  5
113DC
  8
0
 10
45.26462121654394
 20
27.01860310652659
 30
0.0
  0
VERTEX
  5
113DD
  8
0
 10
45.28028014009156
 20
27.02619001338353
 30
0.0
  0
VERTEX
  5
113DE
  8
0
 10
45.29580676972081
 20
27.03404930416687
 30
0.0
  0
VERTEX
  5
113DF
  8
0
 10
45.31119750303095
 20
27.04217933253046
 30
0.0
  0
VERTEX
  5
113E0
  8
0
 10
45.32644873762131
 20
27.05057845212815
 30
0.0
  0
VERTEX
  5
113E1
  8
0
 10
45.34155687109113
 20
27.0592450166138
 30
0.0
  0
VERTEX
  5
113E2
  8
0
 10
45.35651830103974
 20
27.06817737964128
 30
0.0
  0
SEQEND
  5
11870
  8
0
  0
POLYLINE
  5
198
  8
0
 66
     1
 10
0.0
 20
0.0
 30
0.0
  0
VERTEX
  5
113E3
  8
0
 10
46.7150510151146
 20
27.91831093350739
 30
0.0
  0
VERTEX
  5
113E4
  8
0
 10
46.6816242570364
 20
27.89682442922998
 30
0.0
  0
VERTEX
  5
113E5
  8
0
 10
46.64816642285644
 20
27.875347746246
 30
0.0
  0
VERTEX
  5
113E6
  8
0
 10
46.61467779210889
 20
27.85388105444564
 30
0.0
  0
VERTEX
  5
113E7
  8
0
 10
46.58115864488667
 20
27.83242452387354
 30
0.0
  0
VERTEX
  5
113E8
  8
0
 10
46.5476092617869
 20
27.8109783246884
 30
0.0
  0
VERTEX
  5
113E9
  8
0
 10
46.51402992385634
 20
27.78954262712241
 30
0.0
  0
VERTEX
  5
113EA
  8
0
 10
46.4804209125369
 20
27.76811760144088
 30
0.0
  0
VERTEX
  5
113EB
  8
0
 10
46.44678250961098
 20
27.74670341790171
 30
0.0
  0
VERTEX
  5
113EC
  8
0
 10
46.41311499714705
 20
27.72530024671498
 30
0.0
  0
VERTEX
  5
113ED
  8
0
 10
46.37941865744501
 20
27.70390825800249
 30
0.0
  0
VERTEX
  5
113EE
  8
0
 10
46.34569377298168
 20
27.68252762175724
 30
0.0
  0
VERTEX
  5
113EF
  8
0
 10
46.31194062635621
 20
27.66115850780305
 30
0.0
  0
VERTEX
  5
113F0
  8
0
 10
46.27815950023564
 20
27.63980108575405
 30
0.0
  0
VERTEX
  5
113F1
  8
0
 10
46.24435067730018
 20
27.61845552497421
 30
0.0
  0
VERTEX
  5
113F2
  8
0
 10
46.21051444018882
 20
27.59712199453692
 30
0.0
  0
VERTEX
  5
113F3
  8
0
 10
46.17665107144472
 20
27.57580066318449
 30
0.0
  0
VERTEX
  5
113F4
  8
0
 10
46.14276085346062
 20
27.55449169928775
 30
0.0
  0
VERTEX
  5
113F5
  8
0
 10
46.10884406842437
 20
27.53319527080549
 30
0.0
  0
VERTEX
  5
113F6
  8
0
 10
46.07490099826429
 20
27.5119115452441
 30
0.0
  0
VERTEX
  5
113F7
  8
0
 10
46.04093192459472
 20
27.49064068961705
 30
0.0
  0
VERTEX
  5
113F8
  8
0
 10
46.00693712866144
 20
27.46938287040444
 30
0.0
  0
VERTEX
  5
113F9
  8
0
 10
45.97291689128703
 20
27.44813825351257
 30
0.0
  0
VERTEX
  5
113FA
  8
0
 10
45.9388714928165
 20
27.42690700423343
 30
0.0
  0
VERTEX
  5
113FB
  8
0
 10
45.90480121306256
 20
27.40568928720427
 30
0.0
  0
VERTEX
  5
113FC
  8
0
 10
45.87070633125116
 20
27.38448526636715
 30
0.0
  0
VERTEX
  5
113FD
  8
0
 10
45.83658712596699
 20
27.36329510492845
 30
0.0
  0
VERTEX
  5
113FE
  8
0
 10
45.8024438750988
 20
27.34211896531841
 30
0.0
  0
VERTEX
  5
113FF
  8
0
 10
45.76827685578496
 20
27.3209570091507
 30
0.0
  0
VERTEX
  5
11400
  8
0
 10
45.7340863443589
 20
27.29980939718195
 30
0.0
  0
VERTEX
  5
11401
  8
0
 10
45.69987261629448
 20
27.27867628927127
 30
0.0
  0
VERTEX
  5
11402
  8
0
 10
45.66563594615154
 20
27.25755784433978
 30
0.0
  0
VERTEX
  5
11403
  8
0
 10
45.63137660752132
 20
27.23645422033022
 30
0.0
  0
VERTEX
  5
11404
  8
0
 10
45.59709487297187
 20
27.21536557416639
 30
0.0
  0
VERTEX
  5
11405
  8
0
 10
45.56279101399353
 20
27.19429206171276
 30
0.0
  0
VERTEX
  5
11406
  8
0
 10
45.52846530094443
 20
27.173233837734
 30
0.0
  0
VERTEX
  5
11407
  8
0
 10
45.49411800299588
 20
27.1521910558545
 30
0.0
  0
VERTEX
  5
11408
  8
0
 10
45.45974938807777
 20
27.13116386851789
 30
0.0
  0
VERTEX
  5
11409
  8
0
 10
45.4253597228242
 20
27.11015242694666
 30
0.0
  0
VERTEX
  5
1140A
  8
0
 10
45.39094927251875
 20
27.0891568811016
 30
0.0
  0
VERTEX
  5
1140B
  8
0
 10
45.35651830103976
 20
27.06817737964127
 30
0.0
  0
SEQEND
  5
11871
  8
0
  0
POLYLINE
  5
199
  8
0
 66
     1
 10
0.0
 20
0.0
 30
0.0
  0
VERTEX
  5
1140C
  8
0
 10
46.71505101511462
 20
27.91831093350736
 30
0.0
  0
VERTEX
  5
1140D
  8
0
 10
46.72965777283672
 20
27.92788795070343
 30
0.0
  0
VERTEX
  5
1140E
  8
0
 10
46.74408391536282
 20
27.93771092550154
 30
0.0
  0
VERTEX
  5
1140F
  8
0
 10
46.75832658001338
 20
27.94777710243487
 30
0.0
  0
VERTEX
  5
11410
  8
0
 10
46.77238290410882
 20
27.95808372603653
 30
0.0
  0
VERTEX
  5
11411
  8
0
 10
46.78625002496953
 20
27.96862804083967
 30
0.0
  0
VERTEX
  5
11412
  8
0
 10
46.79992507991597
 20
27.97940729137746
 30
0.0
  0
VERTEX
  5
11413
  8
0
 10
46.81340520626853
 20
27.99041872218301
 30
0.0
  0
VERTEX
  5
11414
  8
0
 10
46.8266875413477
 20
28.00165957778951
 30
0.0
  0
VERTEX
  5
11415
  8
0
 10
46.83976922247383
 20
28.01312710273005
 30
0.0
  0
VERTEX
  5
11416
  8
0
 10
46.85264738696738
 20
28.0248185415378
 30
0.0
  0
VERTEX
  5
11417
  8
0
 10
46.86531917214879
 20
28.03673113874592
 30
0.0
  0
VERTEX
  5
11418
  8
0
 10
46.87778171533845
 20
28.04886213888754
 30
0.0
  0
VERTEX
  5
11419
  8
0
 10
46.8900321538568
 20
28.0612087864958
 30
0.0
  0
VERTEX
  5
1141A
  8
0
 10
46.90206762502426
 20
28.07376832610385
 30
0.0
  0
VERTEX
  5
1141B
  8
0
 10
46.91388526616127
 20
28.08653800224484
 30
0.0
  0
VERTEX
  5
1141C
  8
0
 10
46.92548221458826
 20
28.09951505945191
 30
0.0
  0
VERTEX
  5
1141D
  8
0
 10
46.93685560762562
 20
28.1126967422582
 30
0.0
  0
VERTEX
  5
1141E
  8
0
 10
46.94800258259379
 20
28.12608029519686
 30
0.0
  0
VERTEX
  5
1141F
  8
0
 10
46.9589202768132
 20
28.13966296280103
 30
0.0
  0
VERTEX
  5
11420
  8
0
 10
46.96960582760427
 20
28.15344198960387
 30
0.0
  0
VERTEX
  5
11421
  8
0
 10
46.98005637228744
 20
28.16741462013851
 30
0.0
  0
VERTEX
  5
11422
  8
0
 10
46.99026904818311
 20
28.1815780989381
 30
0.0
  0
VERTEX
  5
11423
  8
0
 10
47.00023749776084
 20
28.19592454813918
 30
0.0
  0
VERTEX
  5
11424
  8
0
 10
47.00994714060597
 20
28.21043280862027
 30
0.0
  0
VERTEX
  5
11425
  8
0
 10
47.01939528098665
 20
28.22509769924925
 30
0.0
  0
VERTEX
  5
11426
  8
0
 10
47.02858031666604
 20
28.23991558404359
 30
0.0
  0
VERTEX
  5
11427
  8
0
 10
47.03750064540722
 20
28.25488282702075
 30
0.0
  0
VERTEX
  5
11428
  8
0
 10
47.04615466497335
 20
28.2699957921982
 30
0.0
  0
VERTEX
  5
11429
  8
0
 10
47.05454077312758
 20
28.28525084359342
 30
0.0
  0
VERTEX
  5
1142A
  8
0
 10
47.06265736763299
 20
28.30064434522385
 30
0.0
  0
VERTEX
  5
1142B
  8
0
 10
47.07050284625277
 20
28.31617266110699
 30
0.0
  0
VERTEX
  5
1142C
  8
0
 10
47.07807560675002
 20
28.3318321552603
 30
0.0
  0
VERTEX
  5
1142D
  8
0
 10
47.08537404688791
 20
28.34761919170124
 30
0.0
  0
VERTEX
  5
1142E
  8
0
 10
47.09239656442954
 20
28.36353013444729
 30
0.0
  0
VERTEX
  5
1142F
  8
0
 10
47.09914155713805
 20
28.37956134751592
 30
0.0
  0
VERTEX
  5
11430
  8
0
 10
47.10560742277659
 20
28.39570919492459
 30
0.0
  0
VERTEX
  5
11431
  8
0
 10
47.11179255910827
 20
28.41197004069076
 30
0.0
  0
VERTEX
  5
11432
  8
0
 10
47.11769536389623
 20
28.42834024883192
 30
0.0
  0
VERTEX
  5
11433
  8
0
 10
47.12331423490362
 20
28.44481618336554
 30
0.0
  0
VERTEX
  5
11434
  8
0
 10
47.12864756989357
 20
28.46139420830906
 30
0.0
  0
VERTEX
  5
11435
  8
0
 10
47.13369376662919
 20
28.47807068767998
 30
0.0
  0
VERTEX
  5
11436
  8
0
 10
47.13845122287364
 20
28.49484198549575
 30
0.0
  0
VERTEX
  5
11437
  8
0
 10
47.14291833639004
 20
28.51170446577385
 30
0.0
  0
VERTEX
  5
11438
  8
0
 10
47.14709350494154
 20
28.52865449253174
 30
0.0
  0
VERTEX
  5
11439
  8
0
 10
47.15097491269069
 20
28.54568745347169
 30
0.0
  0
VERTEX
  5
1143A
  8
0
 10
47.15455766289481
 20
28.56278304628162
 30
0.0
  0
VERTEX
  5
1143B
  8
0
 10
47.15783994824701
 20
28.579931375005
 30
0.0
  0
VERTEX
  5
1143C
  8
0
 10
47.16082136521619
 20
28.59712846912745
 30
0.0
  0
VERTEX
  5
1143D
  8
0
 10
47.16350151027132
 20
28.61437035813463
 30
0.0
  0
VERTEX
  5
1143E
  8
0
 10
47.16587997988134
 20
28.63165307151217
 30
0.0
  0
VERTEX
  5
1143F
  8
0
 10
47.16795637051518
 20
28.64897263874573
 30
0.0
  0
VERTEX
  5
11440
  8
0
 10
47.16973027864183
 20
28.66632508932096
 30
0.0
  0
VERTEX
  5
11441
  8
0
 10
47.17120130073018
 20
28.68370645272349
 30
0.0
  0
VERTEX
  5
11442
  8
0
 10
47.17236903324923
 20
28.70111275843899
 30
0.0
  0
VERTEX
  5
11443
  8
0
 10
47.17323307266789
 20
28.71854003595309
 30
0.0
  0
VERTEX
  5
11444
  8
0
 10
47.17379301545512
 20
28.73598431475143
 30
0.0
  0
VERTEX
  5
11445
  8
0
 10
47.17404845807987
 20
28.75344162431968
 30
0.0
  0
VERTEX
  5
11446
  8
0
 10
47.17399899701107
 20
28.77090799414347
 30
0.0
  0
VERTEX
  5
11447
  8
0
 10
47.17364433813401
 20
28.78837567638885
 30
0.0
  0
VERTEX
  5
11448
  8
0
 10
47.17298488964315
 20
28.80582742957488
 30
0.0
  0
VERTEX
  5
11449
  8
0
 10
47.17202120939306
 20
28.82325814657272
 30
0.0
  0
VERTEX
  5
1144A
  8
0
 10
47.1707538418474
 20
28.84066387372824
 30
0.0
  0
VERTEX
  5
1144B
  8
0
 10
47.16918333146993
 20
28.85804065738737
 30
0.0
  0
VERTEX
  5
1144C
  8
0
 10
47.1673102227243
 20
28.87538454389597
 30
0.0
  0
VERTEX
  5
1144D
  8
0
 10
47.16513506007425
 20
28.89269157959993
 30
0.0
  0
VERTEX
  5
1144E
  8
0
 10
47.16265838798349
 20
28.90995781084516
 30
0.0
  0
VERTEX
  5
1144F
  8
0
 10
47.15988075091572
 20
28.92717928397754
 30
0.0
  0
VERTEX
  5
11450
  8
0
 10
47.15680269333463
 20
28.94435204534297
 30
0.0
  0
VERTEX
  5
11451
  8
0
 10
47.15342475970395
 20
28.96147214128733
 30
0.0
  0
VERTEX
  5
11452
  8
0
 10
47.14974749448737
 20
28.97853561815651
 30
0.0
  0
VERTEX
  5
11453
  8
0
 10
47.14577144214861
 20
28.99553852229641
 30
0.0
  0
VERTEX
  5
11454
  8
0
 10
47.14149714715137
 20
29.01247690005292
 30
0.0
  0
SEQEND
  5
11872
  8
0
  0
ARC
  5
200
  8
0
 10
49.07635969573452
 20
29.51874453489671
 30
0.0
 40
1.999999999999999
 50
56.82888121525998
 51
194.6630331637392
  0
POLYLINE
  5
201
  8
0
 66
     1
 10
0.0
 20
0.0
 30
0.0
  0
VERTEX
  5
11455
  8
0
 10
50.17064242420442
 20
31.19282497208374
 30
0.0
  0
VERTEX
  5
11456
  8
0
 10
50.18546227079871
 20
31.18332293095945
 30
0.0
  0
VERTEX
  5
11457
  8
0
 10
50.20043535132899
 20
31.17409035791409
 30
0.0
  0
VERTEX
  5
11458
  8
0
 10
50.21555789411361
 20
31.16512877796272
 30
0.0
  0
VERTEX
  5
11459
  8
0
 10
50.23082612747101
 20
31.15643971612041
 30
0.0
  0
VERTEX
  5
1145A
  8
0
 10
50.24623627971959
 20
31.14802469740221
 30
0.0
  0
VERTEX
  5
1145B
  8
0
 10
50.26178457917774
 20
31.13988524682317
 30
0.0
  0
VERTEX
  5
1145C
  8
0
 10
50.27746725416386
 20
31.13202288939833
 30
0.0
  0
VERTEX
  5
1145D
  8
0
 10
50.29328053299638
 20
31.12443915014278
 30
0.0
  0
VERTEX
  5
1145E
  8
0
 10
50.30922064399368
 20
31.11713555407156
 30
0.0
  0
VERTEX
  5
1145F
  8
0
 10
50.32528381547419
 20
31.11011362619972
 30
0.0
  0
VERTEX
  5
11460
  8
0
 10
50.3414662757563
 20
31.10337489154232
 30
0.0
  0
VERTEX
  5
11461
  8
0
 10
50.3577642531584
 20
31.09692087511441
 30
0.0
  0
VERTEX
  5
11462
  8
0
 10
50.37417397599891
 20
31.09075310193106
 30
0.0
  0
VERTEX
  5
11463
  8
0
 10
50.39069167259624
 20
31.08487309700731
 30
0.0
  0
VERTEX
  5
11464
  8
0
 10
50.40731357126877
 20
31.0792823853582
 30
0.0
  0
VERTEX
  5
11465
  8
0
 10
50.42403590033493
 20
31.07398249199883
 30
0.0
  0
VERTEX
  5
11466
  8
0
 10
50.44085488811311
 20
31.06897494194423
 30
0.0
  0
VERTEX
  5
11467
  8
0
 10
50.45776676292172
 20
31.06426126020945
 30
0.0
  0
VERTEX
  5
11468
  8
0
 10
50.47476775307916
 20
31.05984297180954
 30
0.0
  0
VERTEX
  5
11469
  8
0
 10
50.49185408690386
 20
31.05572160175959
 30
0.0
  0
VERTEX
  5
1146A
  8
0
 10
50.50902199271417
 20
31.05189867507462
 30
0.0
  0
VERTEX
  5
1146B
  8
0
 10
50.52626769882853
 20
31.0483757167697
 30
0.0
  0
VERTEX
  5
1146C
  8
0
 10
50.54357739388904
 20
31.04515603075646
 30
0.0
  0
VERTEX
  5
1146D
  8
0
 10
50.56092776696551
 20
31.04224372212137
 30
0.0
  0
VERTEX
  5
1146E
  8
0
 10
50.57831426398308
 20
31.03963886454585
 30
0.0
  0
VERTEX
  5
1146F
  8
0
 10
50.59573281667328
 20
31.03734143694683
 30
0.0
  0
VERTEX
  5
11470
  8
0
 10
50.61317935676759
 20
31.03535141824122
 30
0.0
  0
VERTEX
  5
11471
  8
0
 10
50.63064981599755
 20
31.03366878734596
 30
0.0
  0
VERTEX
  5
11472
  8
0
 10
50.64814012609466
 20
31.03229352317798
 30
0.0
  0
VERTEX
  5
11473
  8
0
 10
50.66564621879045
 20
31.0312256046542
 30
0.0
  0
VERTEX
  5
11474
  8
0
 10
50.68316402581642
 20
31.03046501069158
 30
0.0
  0
VERTEX
  5
11475
  8
0
 10
50.70068947890408
 20
31.03001172020699
 30
0.0
  0
VERTEX
  5
11476
  8
0
 10
50.71821850978495
 20
31.02986571211742
 30
0.0
  0
VERTEX
  5
11477
  8
0
 10
50.73574705019053
 20
31.03002696533975
 30
0.0
  0
VERTEX
  5
11478
  8
0
 10
50.75327103185234
 20
31.03049545879094
 30
0.0
  0
VERTEX
  5
11479
  8
0
 10
50.77078638650191
 20
31.03127117138791
 30
0.0
  0
VERTEX
  5
1147A
  8
0
 10
50.78828904587073
 20
31.03235408204759
 30
0.0
  0
VERTEX
  5
1147B
  8
0
 10
50.80577494169032
 20
31.03374416968691
 30
0.0
  0
VERTEX
  5
1147C
  8
0
 10
50.8232400056922
 20
31.0354414132228
 30
0.0
  0
VERTEX
  5
1147D
  8
0
 10
50.84068016960786
 20
31.03744579157217
 30
0.0
  0
VERTEX
  5
1147E
  8
0
 10
50.85809136516885
 20
31.03975728365197
 30
0.0
  0
VERTEX
  5
1147F
  8
0
 10
50.87546952410665
 20
31.04237586837913
 30
0.0
  0
VERTEX
  5
11480
  8
0
 10
50.89281057815279
 20
31.04530152467057
 30
0.0
  0
VERTEX
  5
11481
  8
0
 10
50.91011045903878
 20
31.04853423144321
 30
0.0
  0
VERTEX
  5
11482
  8
0
 10
50.92736018051766
 20
31.05207291436982
 30
0.0
  0
VERTEX
  5
11483
  8
0
 10
50.94453815209151
 20
31.05591321297222
 30
0.0
  0
VERTEX
  5
11484
  8
0
 10
50.96163892181526
 20
31.06005352750973
 30
0.0
  0
VERTEX
  5
11485
  8
0
 10
50.97865861305429
 20
31.06449256712469
 30
0.0
  0
VERTEX
  5
11486
  8
0
 10
50.99559334917397
 20
31.06922904095945
 30
0.0
  0
VERTEX
  5
11487
  8
0
 10
51.01243925353969
 20
31.07426165815635
 30
0.0
  0
VERTEX
  5
11488
  8
0
 10
51.02919244951683
 20
31.07958912785777
 30
0.0
  0
VERTEX
  5
11489
  8
0
 10
51.04584906047078
 20
31.08521015920604
 30
0.0
  0
VERTEX
  5
1148A
  8
0
 10
51.06240520976691
 20
31.09112346134352
 30
0.0
  0
VERTEX
  5
1148B
  8
0
 10
51.07885702077061
 20
31.09732774341255
 30
0.0
  0
VERTEX
  5
1148C
  8
0
 10
51.09520061684725
 20
31.10382171455549
 30
0.0
  0
VERTEX
  5
1148D
  8
0
 10
51.11143212136222
 20
31.11060408391469
 30
0.0
  0
VERTEX
  5
1148E
  8
0
 10
51.12754765768091
 20
31.1176735606325
 30
0.0
  0
VERTEX
  5
1148F
  8
0
 10
51.1435433491687
 20
31.12502885385129
 30
0.0
  0
VERTEX
  5
11490
  8
0
 10
51.15940962770198
 20
31.13266587194425
 30
0.0
  0
VERTEX
  5
11491
  8
0
 10
51.17513186693209
 20
31.14057742494983
 30
0.0
  0
VERTEX
  5
11492
  8
0
 10
51.19070633628959
 20
31.14876119573625
 30
0.0
  0
VERTEX
  5
11493
  8
0
 10
51.2061295838296
 20
31.15721499828299
 30
0.0
  0
VERTEX
  5
11494
  8
0
 10
51.22139815760716
 20
31.16593664656951
 30
0.0
  0
VERTEX
  5
11495
  8
0
 10
51.23650860567739
 20
31.17492395457529
 30
0.0
  0
VERTEX
  5
11496
  8
0
 10
51.25145747609538
 20
31.18417473627979
 30
0.0
  0
VERTEX
  5
11497
  8
0
 10
51.26624131691621
 20
31.19368680566249
 30
0.0
  0
VERTEX
  5
11498
  8
0
 10
51.28085667619497
 20
31.20345797670285
 30
0.0
  0
VERTEX
  5
11499
  8
0
 10
51.29530010198676
 20
31.21348606338034
 30
0.0
  0
VERTEX
  5
1149A
  8
0
 10
51.30956814234665
 20
31.22376887967442
 30
0.0
  0
VERTEX
  5
1149B
  8
0
 10
51.32365734532975
 20
31.23430423956459
 30
0.0
  0
VERTEX
  5
1149C
  8
0
 10
51.33756425899111
 20
31.24508995703028
 30
0.0
  0
VERTEX
  5
1149D
  8
0
 10
51.35128543138586
 20
31.25612384605099
 30
0.0
  0
SEQEND
  5
11873
  8
0
  0
POLYLINE
  5
202
  8
0
 66
     1
 10
0.0
 20
0.0
 30
0.0
  0
VERTEX
  5
1149E
  8
0
 10
52.94368997029034
 20
32.63903164718379
 30
0.0
  0
VERTEX
  5
1149F
  8
0
 10
52.91257492772499
 20
32.61033159366671
 30
0.0
  0
VERTEX
  5
114A0
  8
0
 10
52.88137502407353
 20
32.58162710537849
 30
0.0
  0
VERTEX
  5
114A1
  8
0
 10
52.8500900413912
 20
32.55291816249496
 30
0.0
  0
VERTEX
  5
114A2
  8
0
 10
52.81871976469849
 20
32.52420474544584
 30
0.0
  0
VERTEX
  5
114A3
  8
0
 10
52.78726398199994
 20
32.49548683490804
 30
0.0
  0
VERTEX
  5
114A4
  8
0
 10
52.75572248430317
 20
32.46676441179917
 30
0.0
  0
VERTEX
  5
114A5
  8
0
 10
52.72409506563778
 20
32.43803745727106
 30
0.0
  0
VERTEX
  5
114A6
  8
0
 10
52.69238152307427
 20
32.40930595270314
 30
0.0
  0
VERTEX
  5
114A7
  8
0
 10
52.66058165674292
 20
32.38056987969598
 30
0.0
  0
VERTEX
  5
114A8
  8
0
 10
52.62869526985288
 20
32.35182922006474
 30
0.0
  0
VERTEX
  5
114A9
  8
0
 10
52.59672216871083
 20
32.32308395583253
 30
0.0
  0
VERTEX
  5
114AA
  8
0
 10
52.56466216274018
 20
32.29433406922408
 30
0.0
  0
VERTEX
  5
114AB
  8
0
 10
52.53251506449984
 20
32.26557954265903
 30
0.0
  0
VERTEX
  5
114AC
  8
0
 10
52.50028068970315
 20
32.23682035874544
 30
0.0
  0
VERTEX
  5
114AD
  8
0
 10
52.46795885723689
 20
32.20805650027332
 30
0.0
  0
VERTEX
  5
114AE
  8
0
 10
52.43554938918015
 20
32.17928795020802
 30
0.0
  0
VERTEX
  5
114AF
  8
0
 10
52.40305211082323
 20
32.15051469168372
 30
0.0
  0
VERTEX
  5
114B0
  8
0
 10
52.3704668506867
 20
32.12173670799692
 30
0.0
  0
VERTEX
  5
114B1
  8
0
 10
52.33779344054013
 20
32.09295398259984
 30
0.0
  0
VERTEX
  5
114B2
  8
0
 10
52.30503171542117
 20
32.06416649909399
 30
0.0
  0
VERTEX
  5
114B3
  8
0
 10
52.27218151365441
 20
32.03537424122353
 30
0.0
  0
VERTEX
  5
114B4
  8
0
 10
52.23924267687035
 20
32.00657719286879
 30
0.0
  0
VERTEX
  5
114B5
  8
0
 10
52.20621505002424
 20
31.97777533803973
 30
0.0
  0
VERTEX
  5
114B6
  8
0
 10
52.17309848141517
 20
31.94896866086939
 30
0.0
  0
VERTEX
  5
114B7
  8
0
 10
52.13989282270484
 20
31.9201571456074
 30
0.0
  0
VERTEX
  5
114B8
  8
0
 10
52.10659792893651
 20
31.89134077661338
 30
0.0
  0
VERTEX
  5
114B9
  8
0
 10
52.07321365855405
 20
31.86251953835044
 30
0.0
  0
VERTEX
  5
114BA
  8
0
 10
52.03973987342071
 20
31.83369341537868
 30
0.0
  0
VERTEX
  5
114BB
  8
0
 10
52.00617643883817
 20
31.80486239234864
 30
0.0
  0
VERTEX
  5
114BC
  8
0
 10
51.97252322356967
 20
31.77602645400264
 30
0.0
  0
VERTEX
  5
114BD
  8
0
 10
51.93878009988345
 20
31.7471855852141
 30
0.0
  0
VERTEX
  5
114BE
  8
0
 10
51.90494694361117
 20
31.71833977105467
 30
0.0
  0
VERTEX
  5
114BF
  8
0
 10
51.871023634208
 20
31.68948899686438
 30
0.0
  0
VERTEX
  5
114C0
  8
0
 10
51.83701005481242
 20
31.66063324832147
 30
0.0
  0
VERTEX
  5
114C1
  8
0
 10
51.80290609230616
 20
31.63177251151244
 30
0.0
  0
VERTEX
  5
114C2
  8
0
 10
51.76871163737414
 20
31.60290677300199
 30
0.0
  0
VERTEX
  5
114C3
  8
0
 10
51.7344265845644
 20
31.57403601990294
 30
0.0
  0
VERTEX
  5
114C4
  8
0
 10
51.70005083234804
 20
31.54516023994627
 30
0.0
  0
VERTEX
  5
114C5
  8
0
 10
51.66558428317902
 20
31.51627942155103
 30
0.0
  0
VERTEX
  5
114C6
  8
0
 10
51.63102684355428
 20
31.48739355389432
 30
0.0
  0
VERTEX
  5
114C7
  8
0
 10
51.59637842407351
 20
31.45850262698128
 30
0.0
  0
VERTEX
  5
114C8
  8
0
 10
51.5616389394991
 20
31.42960663171501
 30
0.0
  0
VERTEX
  5
114C9
  8
0
 10
51.52680830881617
 20
31.40070555996658
 30
0.0
  0
VERTEX
  5
114CA
  8
0
 10
51.49188645529232
 20
31.37179940464496
 30
0.0
  0
VERTEX
  5
114CB
  8
0
 10
51.45687330653767
 20
31.34288815976701
 30
0.0
  0
VERTEX
  5
114CC
  8
0
 10
51.4217687945648
 20
31.31397182052743
 30
0.0
  0
VERTEX
  5
114CD
  8
0
 10
51.38657285584857
 20
31.28505038336872
 30
0.0
  0
VERTEX
  5
114CE
  8
0
 10
51.35128543138586
 20
31.25612384605099
 30
0.0
  0
SEQEND
  5
11874
  8
0
  0
POLYLINE
  5
203
  8
0
 66
     1
 10
0.0
 20
0.0
 30
0.0
  0
VERTEX
  5
114CF
  8
0
 10
52.94368997029035
 20
32.63903164718377
 30
0.0
  0
VERTEX
  5
114D0
  8
0
 10
52.95662775839055
 20
32.65119524794937
 30
0.0
  0
VERTEX
  5
114D1
  8
0
 10
52.96933760015332
 20
32.66357685086038
 30
0.0
  0
VERTEX
  5
114D2
  8
0
 10
52.98181703418396
 20
32.67617308288983
 30
0.0
  0
VERTEX
  5
114D3
  8
0
 10
52.99406359908772
 20
32.6889805710107
 30
0.0
  0
VERTEX
  5
114D4
  8
0
 10
53.0060748334699
 20
32.70199594219602
 30
0.0
  0
VERTEX
  5
114D5
  8
0
 10
53.01784827593578
 20
32.71521582341881
 30
0.0
  0
VERTEX
  5
114D6
  8
0
 10
53.02938146509066
 20
32.72863684165209
 30
0.0
  0
VERTEX
  5
114D7
  8
0
 10
53.04067193953982
 20
32.74225562386886
 30
0.0
  0
VERTEX
  5
114D8
  8
0
 10
53.05171723788851
 20
32.75606879704215
 30
0.0
  0
VERTEX
  5
114D9
  8
0
 10
53.06251489874205
 20
32.77007298814495
 30
0.0
  0
VERTEX
  5
114DA
  8
0
 10
53.07306246070574
 20
32.78426482415031
 30
0.0
  0
VERTEX
  5
114DB
  8
0
 10
53.08335746238482
 20
32.79864093203121
 30
0.0
  0
VERTEX
  5
114DC
  8
0
 10
53.09339744238461
 20
32.81319793876068
 30
0.0
  0
VERTEX
  5
114DD
  8
0
 10
53.10317993931037
 20
32.82793247131174
 30
0.0
  0
VERTEX
  5
114DE
  8
0
 10
53.11270249176741
 20
32.84284115665741
 30
0.0
  0
VERTEX
  5
114DF
  8
0
 10
53.12196263836099
 20
32.85792062177067
 30
0.0
  0
VERTEX
  5
114E0
  8
0
 10
53.13095791769643
 20
32.87316749362458
 30
0.0
  0
VERTEX
  5
114E1
  8
0
 10
53.13968586837896
 20
32.88857839919211
 30
0.0
  0
VERTEX
  5
114E2
  8
0
 10
53.1481440290139
 20
32.90414996544631
 30
0.0
  0
VERTEX
  5
114E3
  8
0
 10
53.15632993820654
 20
32.91987881936018
 30
0.0
  0
VERTEX
  5
114E4
  8
0
 10
53.16424113456215
 20
32.93576158790673
 30
0.0
  0
VERTEX
  5
114E5
  8
0
 10
53.17187515588682
 20
32.95179489634135
 30
0.0
  0
VERTEX
  5
114E6
  8
0
 10
53.17922313048157
 20
32.96796094213867
 30
0.0
  0
VERTEX
  5
114E7
  8
0
 10
53.18627744944061
 20
32.98424208345456
 30
0.0
  0
VERTEX
  5
114E8
  8
0
 10
53.19303711622463
 20
33.000634265331
 30
0.0
  0
VERTEX
  5
114E9
  8
0
 10
53.19950113429441
 20
33.01713343280996
 30
0.0
  0
VERTEX
  5
114EA
  8
0
 10
53.20566850711069
 20
33.03373553093346
 30
0.0
  0
VERTEX
  5
114EB
  8
0
 10
53.21153823813422
 20
33.05043650474344
 30
0.0
  0
VERTEX
  5
114EC
  8
0
 10
53.21710933082574
 20
33.06723229928194
 30
0.0
  0
VERTEX
  5
114ED
  8
0
 10
53.22238078864601
 20
33.08411885959092
 30
0.0
  0
VERTEX
  5
114EE
  8
0
 10
53.22735161505576
 20
33.10109213071234
 30
0.0
  0
VERTEX
  5
114EF
  8
0
 10
53.23202081351572
 20
33.1181480576882
 30
0.0
  0
VERTEX
  5
114F0
  8
0
 10
53.23638738748667
 20
33.1352825855605
 30
0.0
  0
VERTEX
  5
114F1
  8
0
 10
53.24045034042933
 20
33.15249165937122
 30
0.0
  0
VERTEX
  5
114F2
  8
0
 10
53.24420867580447
 20
33.16977122416234
 30
0.0
  0
VERTEX
  5
114F3
  8
0
 10
53.2476613970728
 20
33.18711722497585
 30
0.0
  0
VERTEX
  5
114F4
  8
0
 10
53.25080750769511
 20
33.20452560685373
 30
0.0
  0
VERTEX
  5
114F5
  8
0
 10
53.25364601113211
 20
33.22199231483796
 30
0.0
  0
VERTEX
  5
114F6
  8
0
 10
53.25617591084458
 20
33.23951329397054
 30
0.0
  0
VERTEX
  5
114F7
  8
0
 10
53.25839621029321
 20
33.25708448929343
 30
0.0
  0
VERTEX
  5
114F8
  8
0
 10
53.26030591293881
 20
33.27470184584864
 30
0.0
  0
VERTEX
  5
114F9
  8
0
 10
53.26190402224208
 20
33.29236130867815
 30
0.0
  0
VERTEX
  5
114FA
  8
0
 10
53.26318954166378
 20
33.31005882282393
 30
0.0
  0
VERTEX
  5
114FB
  8
0
 10
53.2641614743803
 20
33.32779032713465
 30
0.0
  0
VERTEX
  5
114FC
  8
0
 10
53.26481844942436
 20
33.34553857194626
 30
0.0
  0
VERTEX
  5
114FD
  8
0
 10
53.26516002836824
 20
33.36328732397367
 30
0.0
  0
VERTEX
  5
114FE
  8
0
 10
53.26518653804432
 20
33.38103240284288
 30
0.0
  0
VERTEX
  5
114FF
  8
0
 10
53.26489830528504
 20
33.39876962817992
 30
0.0
  0
VERTEX
  5
11500
  8
0
 10
53.2642956569228
 20
33.41649481961075
 30
0.0
  0
VERTEX
  5
11501
  8
0
 10
53.26337891979002
 20
33.43420379676139
 30
0.0
  0
VERTEX
  5
11502
  8
0
 10
53.26214842071911
 20
33.45189237925784
 30
0.0
  0
VERTEX
  5
11503
  8
0
 10
53.26060448654247
 20
33.4695563867261
 30
0.0
  0
VERTEX
  5
11504
  8
0
 10
53.25874744409251
 20
33.48719163879218
 30
0.0
  0
VERTEX
  5
11505
  8
0
 10
53.25657762020167
 20
33.50479395508208
 30
0.0
  0
VERTEX
  5
11506
  8
0
 10
53.25409534170234
 20
33.52235915522179
 30
0.0
  0
VERTEX
  5
11507
  8
0
 10
53.25130093542691
 20
33.53988305883731
 30
0.0
  0
VERTEX
  5
11508
  8
0
 10
53.24819472820785
 20
33.55736148555467
 30
0.0
  0
VERTEX
  5
11509
  8
0
 10
53.24477704711998
 20
33.57479025381906
 30
0.0
  0
VERTEX
  5
1150A
  8
0
 10
53.24105041290125
 20
33.59215537924914
 30
0.0
  0
VERTEX
  5
1150B
  8
0
 10
53.23701793839924
 20
33.60944343970305
 30
0.0
  0
VERTEX
  5
1150C
  8
0
 10
53.23268096894544
 20
33.62665046372898
 30
0.0
  0
VERTEX
  5
1150D
  8
0
 10
53.22804084987133
 20
33.64377247987515
 30
0.0
  0
VERTEX
  5
1150E
  8
0
 10
53.22309892650838
 20
33.66080551668974
 30
0.0
  0
VERTEX
  5
1150F
  8
0
 10
53.21785654418811
 20
33.67774560272098
 30
0.0
  0
VERTEX
  5
11510
  8
0
 10
53.21231504824199
 20
33.69458876651705
 30
0.0
  0
VERTEX
  5
11511
  8
0
 10
53.2064757840015
 20
33.71133103662616
 30
0.0
  0
VERTEX
  5
11512
  8
0
 10
53.20034009679813
 20
33.72796844159651
 30
0.0
  0
VERTEX
  5
11513
  8
0
 10
53.19390933196337
 20
33.7444970099763
 30
0.0
  0
VERTEX
  5
11514
  8
0
 10
53.18718483482871
 20
33.76091277031374
 30
0.0
  0
VERTEX
  5
11515
  8
0
 10
53.18016795072562
 20
33.77721175115702
 30
0.0
  0
VERTEX
  5
11516
  8
0
 10
53.17286002498561
 20
33.79338998105435
 30
0.0
  0
VERTEX
  5
11517
  8
0
 10
53.16526240294014
 20
33.80944348855392
 30
0.0
  0
SEQEND
  5
11875
  8
0
  0
ARC
  5
204
  8
0
 10
54.96535967368543
 20
34.68102240973974
 30
0.0
 40
2.00000000000001
 50
69.44603366243525
 51
205.8355391241105
  0
POLYLINE
  5
205
  8
0
 66
     1
 10
0.0
 20
0.0
 30
0.0
  0
VERTEX
  5
11518
  8
0
 10
55.66753861010771
 20
36.55370624350481
 30
0.0
  0
VERTEX
  5
11519
  8
0
 10
55.68402378232817
 20
36.54768943846913
 30
0.0
  0
VERTEX
  5
1151A
  8
0
 10
55.70059906746955
 20
36.54196719428418
 30
0.0
  0
VERTEX
  5
1151B
  8
0
 10
55.71726048972538
 20
36.53654016899458
 30
0.0
  0
VERTEX
  5
1151C
  8
0
 10
55.73400407328908
 20
36.53140902064484
 30
0.0
  0
VERTEX
  5
1151D
  8
0
 10
55.75082584235409
 20
36.52657440727948
 30
0.0
  0
VERTEX
  5
1151E
  8
0
 10
55.76772182111392
 20
36.52203698694307
 30
0.0
  0
VERTEX
  5
1151F
  8
0
 10
55.78468803376196
 20
36.51779741768012
 30
0.0
  0
VERTEX
  5
11520
  8
0
 10
55.80172050449173
 20
36.51385635753522
 30
0.0
  0
VERTEX
  5
11521
  8
0
 10
55.81881525749662
 20
36.51021446455285
 30
0.0
  0
VERTEX
  5
11522
  8
0
 10
55.83596831697014
 20
36.5068723967776
 30
0.0
  0
VERTEX
  5
11523
  8
0
 10
55.85317570710573
 20
36.50383081225399
 30
0.0
  0
VERTEX
  5
11524
  8
0
 10
55.87043345209683
 20
36.50109036902656
 30
0.0
  0
VERTEX
  5
11525
  8
0
 10
55.88773757613691
 20
36.49865172513987
 30
0.0
  0
VERTEX
  5
11526
  8
0
 10
55.90508410341943
 20
36.49651553863844
 30
0.0
  0
VERTEX
  5
11527
  8
0
 10
55.92246905813784
 20
36.49468246756683
 30
0.0
  0
VERTEX
  5
11528
  8
0
 10
55.93988846448561
 20
36.49315316996956
 30
0.0
  0
VERTEX
  5
11529
  8
0
 10
55.95733834665616
 20
36.49192830389119
 30
0.0
  0
VERTEX
  5
1152A
  8
0
 10
55.97481472884298
 20
36.49100852737624
 30
0.0
  0
VERTEX
  5
1152B
  8
0
 10
55.99231363523951
 20
36.49039449846927
 30
0.0
  0
VERTEX
  5
1152C
  8
0
 10
56.00983109003921
 20
36.49008687521483
 30
0.0
  0
VERTEX
  5
1152D
  8
0
 10
56.02736311743555
 20
36.49008631565743
 30
0.0
  0
VERTEX
  5
1152E
  8
0
 10
56.04490574162196
 20
36.49039347784164
 30
0.0
  0
VERTEX
  5
1152F
  8
0
 10
56.0624465265738
 20
36.49100865080475
 30
0.0
  0
VERTEX
  5
11530
  8
0
 10
56.07996078174062
 20
36.49193079319696
 30
0.0
  0
VERTEX
  5
11531
  8
0
 10
56.09744363024318
 20
36.49315897935671
 30
0.0
  0
VERTEX
  5
11532
  8
0
 10
56.11489114411659
 20
36.49469230864435
 30
0.0
  0
VERTEX
  5
11533
  8
0
 10
56.1322993953959
 20
36.49652988042022
 30
0.0
  0
VERTEX
  5
11534
  8
0
 10
56.14966445611618
 20
36.49867079404469
 30
0.0
  0
VERTEX
  5
11535
  8
0
 10
56.16698239831248
 20
36.50111414887807
 30
0.0
  0
VERTEX
  5
11536
  8
0
 10
56.18424929401991
 20
36.50385904428075
 30
0.0
  0
VERTEX
  5
11537
  8
0
 10
56.2014612152735
 20
36.50690457961306
 30
0.0
  0
VERTEX
  5
11538
  8
0
 10
56.21861423410833
 20
36.51024985423533
 30
0.0
  0
VERTEX
  5
11539
  8
0
 10
56.23570442255946
 20
36.51389396750793
 30
0.0
  0
VERTEX
  5
1153A
  8
0
 10
56.25272785266198
 20
36.5178360187912
 30
0.0
  0
VERTEX
  5
1153B
  8
0
 10
56.26968059645093
 20
36.5220751074455
 30
0.0
  0
VERTEX
  5
1153C
  8
0
 10
56.2865587259614
 20
36.52661033283115
 30
0.0
  0
VERTEX
  5
1153D
  8
0
 10
56.30335831322843
 20
36.53144079430852
 30
0.0
  0
VERTEX
  5
1153E
  8
0
 10
56.32007543028713
 20
36.53656559123797
 30
0.0
  0
VERTEX
  5
1153F
  8
0
 10
56.33670614917251
 20
36.54198382297981
 30
0.0
  0
VERTEX
  5
11540
  8
0
 10
56.3532465419197
 20
36.54769458889442
 30
0.0
  0
VERTEX
  5
11541
  8
0
 10
56.36969268056373
 20
36.55369698834213
 30
0.0
  0
VERTEX
  5
11542
  8
0
 10
56.38604063713966
 20
36.5599901206833
 30
0.0
  0
VERTEX
  5
11543
  8
0
 10
56.40228648368259
 20
36.56657308527826
 30
0.0
  0
VERTEX
  5
11544
  8
0
 10
56.41842629222758
 20
36.57344498148738
 30
0.0
  0
VERTEX
  5
11545
  8
0
 10
56.43445337849486
 20
36.58060364882957
 30
0.0
  0
VERTEX
  5
11546
  8
0
 10
56.45034733709797
 20
36.58804013448911
 30
0.0
  0
VERTEX
  5
11547
  8
0
 10
56.46610188528627
 20
36.595751128092
 30
0.0
  0
VERTEX
  5
11548
  8
0
 10
56.48171355284199
 20
36.60373454642234
 30
0.0
  0
VERTEX
  5
11549
  8
0
 10
56.4971788695473
 20
36.61198830626421
 30
0.0
  0
VERTEX
  5
1154A
  8
0
 10
56.51249436518446
 20
36.62051032440169
 30
0.0
  0
VERTEX
  5
1154B
  8
0
 10
56.52765656953564
 20
36.62929851761888
 30
0.0
  0
VERTEX
  5
1154C
  8
0
 10
56.54266201238305
 20
36.63835080269983
 30
0.0
  0
VERTEX
  5
1154D
  8
0
 10
56.55750722350894
 20
36.64766509642867
 30
0.0
  0
VERTEX
  5
1154E
  8
0
 10
56.57218873269549
 20
36.65723931558946
 30
0.0
  0
VERTEX
  5
1154F
  8
0
 10
56.5867030697249
 20
36.66707137696631
 30
0.0
  0
VERTEX
  5
11550
  8
0
 10
56.60104676437941
 20
36.67715919734329
 30
0.0
  0
VERTEX
  5
11551
  8
0
 10
56.6152163464412
 20
36.68750069350448
 30
0.0
  0
VERTEX
  5
11552
  8
0
 10
56.6292083456925
 20
36.69809378223397
 30
0.0
  0
VERTEX
  5
11553
  8
0
 10
56.64301521032629
 20
36.70893311830763
 30
0.0
  0
VERTEX
  5
11554
  8
0
 10
56.65662376945221
 20
36.72000823032722
 30
0.0
  0
VERTEX
  5
11555
  8
0
 10
56.67003068679517
 20
36.73131590913836
 30
0.0
  0
VERTEX
  5
11556
  8
0
 10
56.6832330899053
 20
36.74285330320962
 30
0.0
  0
VERTEX
  5
11557
  8
0
 10
56.69622810633268
 20
36.7546175610095
 30
0.0
  0
VERTEX
  5
11558
  8
0
 10
56.70901286362746
 20
36.76660583100659
 30
0.0
  0
VERTEX
  5
11559
  8
0
 10
56.72158448933969
 20
36.77881526166939
 30
0.0
  0
VERTEX
  5
1155A
  8
0
 10
56.73394011101955
 20
36.79124300146646
 30
0.0
  0
VERTEX
  5
1155B
  8
0
 10
56.74607685621707
 20
36.80388619886633
 30
0.0
  0
VERTEX
  5
1155C
  8
0
 10
56.75799185248242
 20
36.81674200233754
 30
0.0
  0
VERTEX
  5
1155D
  8
0
 10
56.76968222736566
 20
36.82980756034864
 30
0.0
  0
VERTEX
  5
1155E
  8
0
 10
56.78114510841693
 20
36.84308002136816
 30
0.0
  0
VERTEX
  5
1155F
  8
0
 10
56.79237762318632
 20
36.85655653386463
 30
0.0
  0
VERTEX
  5
11560
  8
0
 10
56.80337689922395
 20
36.87023424630662
 30
0.0
  0
SEQEND
  5
11876
  8
0
  0
POLYLINE
  5
206
  8
0
 66
     1
 10
0.0
 20
0.0
 30
0.0
  0
VERTEX
  5
11561
  8
0
 10
57.87325156533048
 20
38.25417491220137
 30
0.0
  0
VERTEX
  5
11562
  8
0
 10
57.8517430001089
 20
38.2258921021235
 30
0.0
  0
VERTEX
  5
11563
  8
0
 10
57.830209203728
 20
38.19759145419353
 30
0.0
  0
VERTEX
  5
11564
  8
0
 10
57.80864960250073
 20
38.16927239098006
 30
0.0
  0
VERTEX
  5
11565
  8
0
 10
57.78706362720856
 20
38.14093435437594
 30
0.0
  0
VERTEX
  5
11566
  8
0
 10
57.76545071327185
 20
38.11257680597983
 30
0.0
  0
VERTEX
  5
11567
  8
0
 10
57.74381030091982
 20
38.08419922747806
 30
0.0
  0
VERTEX
  5
11568
  8
0
 10
57.72214183536026
 20
38.05580112102361
 30
0.0
  0
VERTEX
  5
11569
  8
0
 10
57.70044476691145
 20
38.02738200951192
 30
0.0
  0
VERTEX
  5
1156A
  8
0
 10
57.67871855101251
 20
37.99894143651761
 30
0.0
  0
VERTEX
  5
1156B
  8
0
 10
57.65696264817206
 20
37.97047896605998
 30
0.0
  0
VERTEX
  5
1156C
  8
0
 10
57.63517652391352
 20
37.94199418235874
 30
0.0
  0
VERTEX
  5
1156D
  8
0
 10
57.61335964871997
 20
37.91348668958972
 30
0.0
  0
VERTEX
  5
1156E
  8
0
 10
57.59151149797977
 20
37.88495611164075
 30
0.0
  0
VERTEX
  5
1156F
  8
0
 10
57.56963155193133
 20
37.85640209186733
 30
0.0
  0
VERTEX
  5
11570
  8
0
 10
57.54771929560861
 20
37.82782429284846
 30
0.0
  0
VERTEX
  5
11571
  8
0
 10
57.52577421878607
 20
37.79922239614237
 30
0.0
  0
VERTEX
  5
11572
  8
0
 10
57.50379581592403
 20
37.7705961020423
 30
0.0
  0
VERTEX
  5
11573
  8
0
 10
57.48178358611374
 20
37.74194512933226
 30
0.0
  0
VERTEX
  5
11574
  8
0
 10
57.45973703302258
 20
37.71326921504281
 30
0.0
  0
VERTEX
  5
11575
  8
0
 10
57.43765566483927
 20
37.68456811420682
 30
0.0
  0
VERTEX
  5
11576
  8
0
 10
57.41553899421907
 20
37.65584159961524
 30
0.0
  0
VERTEX
  5
11577
  8
0
 10
57.39338653822892
 20
37.62708946157282
 30
0.0
  0
VERTEX
  5
11578
  8
0
 10
57.37119781829259
 20
37.598311507654
 30
0.0
  0
VERTEX
  5
11579
  8
0
 10
57.34897236013597
 20
37.56950756245854
 30
0.0
  0
VERTEX
  5
1157A
  8
0
 10
57.3267096937322
 20
37.54067746736732
 30
0.0
  0
VERTEX
  5
1157B
  8
0
 10
57.30440935324678
 20
37.51182108029823
 30
0.0
  0
VERTEX
  5
1157C
  8
0
 10
57.28207087698285
 20
37.48293827546171
 30
0.0
  0
VERTEX
  5
1157D
  8
0
 10
57.25969380732634
 20
37.45402894311674
 30
0.0
  0
VERTEX
  5
1157E
  8
0
 10
57.2372776906912
 20
37.42509298932648
 30
0.0
  0
VERTEX
  5
1157F
  8
0
 10
57.21482207746444
 20
37.39613033571406
 30
0.0
  0
VERTEX
  5
11580
  8
0
 10
57.19232652195144
 20
37.36714091921834
 30
0.0
  0
VERTEX
  5
11581
  8
0
 10
57.16979058232119
 20
37.33812469184974
 30
0.0
  0
VERTEX
  5
11582
  8
0
 10
57.14721382055119
 20
37.30908162044593
 30
0.0
  0
VERTEX
  5
11583
  8
0
 10
57.12459580237303
 20
37.2800116864276
 30
0.0
  0
VERTEX
  5
11584
  8
0
 10
57.10193609721724
 20
37.25091488555431
 30
0.0
  0
VERTEX
  5
11585
  8
0
 10
57.07923427815862
 20
37.22179122768014
 30
0.0
  0
VERTEX
  5
11586
  8
0
 10
57.05648992186144
 20
37.19264073650955
 30
0.0
  0
VERTEX
  5
11587
  8
0
 10
57.03370260852454
 20
37.1634634493531
 30
0.0
  0
VERTEX
  5
11588
  8
0
 10
57.01087192182658
 20
37.13425941688325
 30
0.0
  0
VERTEX
  5
11589
  8
0
 10
56.98799744887118
 20
37.10502870289007
 30
0.0
  0
VERTEX
  5
1158A
  8
0
 10
56.96507878013215
 20
37.07577138403708
 30
0.0
  0
VERTEX
  5
1158B
  8
0
 10
56.94211550939863
 20
37.04648754961696
 30
0.0
  0
VERTEX
  5
1158C
  8
0
 10
56.91910723372027
 20
37.01717730130733
 30
0.0
  0
VERTEX
  5
1158D
  8
0
 10
56.89605355335244
 20
36.98784075292654
 30
0.0
  0
VERTEX
  5
1158E
  8
0
 10
56.87295407170143
 20
36.95847803018943
 30
0.0
  0
VERTEX
  5
1158F
  8
0
 10
56.84980839526953
 20
36.92908927046305
 30
0.0
  0
VERTEX
  5
11590
  8
0
 10
56.82661613360037
 20
36.8996746225225
 30
0.0
  0
VERTEX
  5
11591
  8
0
 10
56.80337689922396
 20
36.87023424630662
 30
0.0
  0
SEQEND
  5
11877
  8
0
  0
POLYLINE
  5
207
  8
0
 66
     1
 10
0.0
 20
0.0
 30
0.0
  0
VERTEX
  5
11592
  8
0
 10
57.87325156533048
 20
38.25417491220137
 30
0.0
  0
VERTEX
  5
11593
  8
0
 10
57.88359580415484
 20
38.26802773235619
 30
0.0
  0
VERTEX
  5
11594
  8
0
 10
57.89369134079839
 20
38.28204649161943
 30
0.0
  0
VERTEX
  5
11595
  8
0
 10
57.90353648070472
 20
38.29622772927164
 30
0.0
  0
VERTEX
  5
11596
  8
0
 10
57.91312952931748
 20
38.31056798459347
 30
0.0
  0
VERTEX
  5
11597
  8
0
 10
57.92246879208029
 20
38.32506379686546
 30
0.0
  0
VERTEX
  5
11598
  8
0
 10
57.93155257443674
 20
38.33971170536822
 30
0.0
  0
VERTEX
  5
11599
  8
0
 10
57.94037918183049
 20
38.35450824938233
 30
0.0
  0
VERTEX
  5
1159A
  8
0
 10
57.94894691970516
 20
38.36944996818837
 30
0.0
  0
VERTEX
  5
1159B
  8
0
 10
57.95725409350436
 20
38.38453340106694
 30
0.0
  0
VERTEX
  5
1159C
  8
0
 10
57.96529900867174
 20
38.39975508729862
 30
0.0
  0
VERTEX
  5
1159D
  8
0
 10
57.97307997065087
 20
38.41511156616398
 30
0.0
  0
VERTEX
  5
1159E
  8
0
 10
57.98059528488541
 20
38.43059937694361
 30
0.0
  0
VERTEX
  5
1159F
  8
0
 10
57.98784325681898
 20
38.44621505891811
 30
0.0
  0
VERTEX
  5
115A0
  8
0
 10
57.99482219189519
 20
38.46195515136807
 30
0.0
  0
VERTEX
  5
115A1
  8
0
 10
58.00153039555766
 20
38.47781619357405
 30
0.0
  0
VERTEX
  5
115A2
  8
0
 10
58.00796617325004
 20
38.49379472481666
 30
0.0
  0
VERTEX
  5
115A3
  8
0
 10
58.01412783041593
 20
38.50988728437649
 30
0.0
  0
VERTEX
  5
115A4
  8
0
 10
58.02001367249898
 20
38.5260904115341
 30
0.0
  0
VERTEX
  5
115A5
  8
0
 10
58.02562200494276
 20
38.5424006455701
 30
0.0
  0
VERTEX
  5
115A6
  8
0
 10
58.03095113319095
 20
38.55881452576506
 30
0.0
  0
VERTEX
  5
115A7
  8
0
 10
58.03599936268714
 20
38.57532859139957
 30
0.0
  0
VERTEX
  5
115A8
  8
0
 10
58.04076499887495
 20
38.59193938175422
 30
0.0
  0
VERTEX
  5
115A9
  8
0
 10
58.04524571642801
 20
38.60864100235217
 30
0.0
  0
VERTEX
  5
115AA
  8
0
 10
58.04943484430744
 20
38.62540880979793
 30
0.0
  0
VERTEX
  5
115AB
  8
0
 10
58.05333078631033
 20
38.64223411943039
 30
0.0
  0
VERTEX
  5
115AC
  8
0
 10
58.05693328861509
 20
38.65911308629509
 30
0.0
  0
VERTEX
  5
115AD
  8
0
 10
58.06024209740008
 20
38.67604186543755
 30
0.0
  0
VERTEX
  5
115AE
  8
0
 10
58.06325695884372
 20
38.69301661190335
 30
0.0
  0
VERTEX
  5
115AF
  8
0
 10
58.06597761912441
 20
38.71003348073802
 30
0.0
  0
VERTEX
  5
115B0
  8
0
 10
58.06840382442054
 20
38.7270886269871
 30
0.0
  0
VERTEX
  5
115B1
  8
0
 10
58.07053532091045
 20
38.74417820569614
 30
0.0
  0
VERTEX
  5
115B2
  8
0
 10
58.07237185477261
 20
38.76129837191068
 30
0.0
  0
VERTEX
  5
115B3
  8
0
 10
58.07391317218538
 20
38.77844528067625
 30
0.0
  0
VERTEX
  5
115B4
  8
0
 10
58.07515901932715
 20
38.79561508703843
 30
0.0
  0
VERTEX
  5
115B5
  8
0
 10
58.0761091423763
 20
38.81280394604273
 30
0.0
  0
VERTEX
  5
115B6
  8
0
 10
58.07676328751126
 20
38.8300080127347
 30
0.0
  0
VERTEX
  5
115B7
  8
0
 10
58.0771212009104
 20
38.84722344215989
 30
0.0
  0
VERTEX
  5
115B8
  8
0
 10
58.07718262875212
 20
38.86444638936386
 30
0.0
  0
VERTEX
  5
115B9
  8
0
 10
58.07694731721481
 20
38.88167300939213
 30
0.0
  0
VERTEX
  5
115BA
  8
0
 10
58.07641501247686
 20
38.89889945729025
 30
0.0
  0
VERTEX
  5
115BB
  8
0
 10
58.07558546071667
 20
38.91612188810377
 30
0.0
  0
VERTEX
  5
115BC
  8
0
 10
58.07445840811263
 20
38.93333645687822
 30
0.0
  0
VERTEX
  5
115BD
  8
0
 10
58.07303360084313
 20
38.95053931865915
 30
0.0
  0
VERTEX
  5
115BE
  8
0
 10
58.07131078508657
 20
38.96772662849212
 30
0.0
  0
VERTEX
  5
115BF
  8
0
 10
58.06928970702133
 20
38.98489454142266
 30
0.0
  0
VERTEX
  5
115C0
  8
0
 10
58.06697125461275
 20
39.00203127729721
 30
0.0
  0
VERTEX
  5
115C1
  8
0
 10
58.06435797265488
 20
39.01911820650367
 30
0.0
  0
VERTEX
  5
115C2
  8
0
 10
58.06145084177751
 20
39.03615123397227
 30
0.0
  0
VERTEX
  5
115C3
  8
0
 10
58.05825079966208
 20
39.05312660404178
 30
0.0
  0
VERTEX
  5
115C4
  8
0
 10
58.05475878399009
 20
39.07004056105107
 30
0.0
  0
VERTEX
  5
115C5
  8
0
 10
58.05097573244298
 20
39.08688934933892
 30
0.0
  0
VERTEX
  5
115C6
  8
0
 10
58.04690258270222
 20
39.10366921324412
 30
0.0
  0
VERTEX
  5
115C7
  8
0
 10
58.04254027244926
 20
39.12037639710551
 30
0.0
  0
VERTEX
  5
115C8
  8
0
 10
58.03788973936554
 20
39.13700714526188
 30
0.0
  0
VERTEX
  5
115C9
  8
0
 10
58.03295192113258
 20
39.15355770205205
 30
0.0
  0
VERTEX
  5
115CA
  8
0
 10
58.02772775543179
 20
39.17002431181482
 30
0.0
  0
VERTEX
  5
115CB
  8
0
 10
58.02221817994463
 20
39.18640321888899
 30
0.0
  0
VERTEX
  5
115CC
  8
0
 10
58.01642413235257
 20
39.20269066761338
 30
0.0
  0
VERTEX
  5
115CD
  8
0
 10
58.01034708623781
 20
39.21888151103316
 30
0.0
  0
VERTEX
  5
115CE
  8
0
 10
58.00399289463428
 20
39.23496006261168
 30
0.0
  0
VERTEX
  5
115CF
  8
0
 10
57.99736435542346
 20
39.25092008517574
 30
0.0
  0
VERTEX
  5
115D0
  8
0
 10
57.99046324384948
 20
39.26675813884948
 30
0.0
  0
VERTEX
  5
115D1
  8
0
 10
57.98329133515647
 20
39.28247078375708
 30
0.0
  0
VERTEX
  5
115D2
  8
0
 10
57.9758504045885
 20
39.29805458002266
 30
0.0
  0
VERTEX
  5
115D3
  8
0
 10
57.96814222738969
 20
39.31350608777036
 30
0.0
  0
VERTEX
  5
115D4
  8
0
 10
57.9601685788041
 20
39.32882186712434
 30
0.0
  0
VERTEX
  5
115D5
  8
0
 10
57.95193123407586
 20
39.34399847820873
 30
0.0
  0
VERTEX
  5
115D6
  8
0
 10
57.94343196844909
 20
39.35903248114771
 30
0.0
  0
VERTEX
  5
115D7
  8
0
 10
57.93467255716788
 20
39.37392043606539
 30
0.0
  0
VERTEX
  5
115D8
  8
0
 10
57.92565477547632
 20
39.38865890308595
 30
0.0
  0
VERTEX
  5
115D9
  8
0
 10
57.91638039861853
 20
39.40324444233352
 30
0.0
  0
VERTEX
  5
115DA
  8
0
 10
57.90685120183859
 20
39.41767361393224
 30
0.0
  0
SEQEND
  5
11878
  8
0
  0
ARC
  5
208
  8
0
 10
59.56616230445845
 20
40.53422485087683
 30
0.0
 40
2.000000000000004
 50
75.04213434648045
 51
213.9366289605856
  0
POLYLINE
  5
209
  8
0
 66
     1
 10
0.0
 20
0.0
 30
0.0
  0
VERTEX
  5
115DB
  8
0
 10
60.08237960381795
 20
42.46645664334946
 30
0.0
  0
VERTEX
  5
115DC
  8
0
 10
60.09933360708373
 20
42.46208584095862
 30
0.0
  0
VERTEX
  5
115DD
  8
0
 10
60.1163482975519
 20
42.45801558877978
 30
0.0
  0
VERTEX
  5
115DE
  8
0
 10
60.13341968199979
 20
42.4542461521721
 30
0.0
  0
VERTEX
  5
115DF
  8
0
 10
60.15054376720474
 20
42.45077779649481
 30
0.0
  0
VERTEX
  5
115E0
  8
0
 10
60.16771655994407
 20
42.44761078710709
 30
0.0
  0
VERTEX
  5
115E1
  8
0
 10
60.18493406699514
 20
42.44474538936815
 30
0.0
  0
VERTEX
  5
115E2
  8
0
 10
60.20219229513522
 20
42.44218186863715
 30
0.0
  0
VERTEX
  5
115E3
  8
0
 10
60.21948725114174
 20
42.43992049027334
 30
0.0
  0
VERTEX
  5
115E4
  8
0
 10
60.23681494179194
 20
42.43796151963587
 30
0.0
  0
VERTEX
  5
115E5
  8
0
 10
60.25417137386318
 20
42.43630522208395
 30
0.0
  0
VERTEX
  5
115E6
  8
0
 10
60.27155255413284
 20
42.4349518629768
 30
0.0
  0
VERTEX
  5
115E7
  8
0
 10
60.28895448937818
 20
42.43390170767356
 30
0.0
  0
VERTEX
  5
115E8
  8
0
 10
60.30637318637658
 20
42.43315502153347
 30
0.0
  0
VERTEX
  5
115E9
  8
0
 10
60.32380465190536
 20
42.43271206991572
 30
0.0
  0
VERTEX
  5
115EA
  8
0
 10
60.34124489274181
 20
42.43257311817949
 30
0.0
  0
VERTEX
  5
115EB
  8
0
 10
60.35868991566334
 20
42.43273843168399
 30
0.0
  0
VERTEX
  5
115EC
  8
0
 10
60.37613572744723
 20
42.43320827578842
 30
0.0
  0
VERTEX
  5
115ED
  8
0
 10
60.39357833487082
 20
42.43398291585196
 30
0.0
  0
VERTEX
  5
115EE
  8
0
 10
60.41101374471145
 20
42.43506261723381
 30
0.0
  0
VERTEX
  5
115EF
  8
0
 10
60.42843796374646
 20
42.43644764529316
 30
0.0
  0
VERTEX
  5
115F0
  8
0
 10
60.44584699875315
 20
42.43813826538923
 30
0.0
  0
VERTEX
  5
115F1
  8
0
 10
60.46323685650889
 20
42.44013474288118
 30
0.0
  0
VERTEX
  5
115F2
  8
0
 10
60.48059630613937
 20
42.44243632064335
 30
0.0
  0
VERTEX
  5
115F3
  8
0
 10
60.49790030528482
 20
42.44503953916965
 30
0.0
  0
VERTEX
  5
115F4
  8
0
 10
60.5151436964391
 20
42.44794295926593
 30
0.0
  0
VERTEX
  5
115F5
  8
0
 10
60.5323226846082
 20
42.45114531039551
 30
0.0
  0
VERTEX
  5
115F6
  8
0
 10
60.54943347479819
 20
42.45464532202168
 30
0.0
  0
VERTEX
  5
115F7
  8
0
 10
60.56647227201505
 20
42.45844172360774
 30
0.0
  0
VERTEX
  5
115F8
  8
0
 10
60.58343528126484
 20
42.46253324461699
 30
0.0
  0
VERTEX
  5
115F9
  8
0
 10
60.60031870755355
 20
42.46691861451273
 30
0.0
  0
VERTEX
  5
115FA
  8
0
 10
60.61711875588723
 20
42.47159656275825
 30
0.0
  0
VERTEX
  5
115FB
  8
0
 10
60.63383163127192
 20
42.47656581881687
 30
0.0
  0
VERTEX
  5
115FC
  8
0
 10
60.65045353871359
 20
42.48182511215185
 30
0.0
  0
VERTEX
  5
115FD
  8
0
 10
60.66698068321831
 20
42.48737317222653
 30
0.0
  0
VERTEX
  5
115FE
  8
0
 10
60.6834092697921
 20
42.4932087285042
 30
0.0
  0
VERTEX
  5
115FF
  8
0
 10
60.69973550344098
 20
42.49933051044815
 30
0.0
  0
VERTEX
  5
11600
  8
0
 10
60.71595558917097
 20
42.50573724752167
 30
0.0
  0
VERTEX
  5
11601
  8
0
 10
60.73206573198809
 20
42.51242766918807
 30
0.0
  0
VERTEX
  5
11602
  8
0
 10
60.74806213689837
 20
42.51940050491065
 30
0.0
  0
VERTEX
  5
11603
  8
0
 10
60.76394100890786
 20
42.52665448415272
 30
0.0
  0
VERTEX
  5
11604
  8
0
 10
60.77969855302255
 20
42.53418833637756
 30
0.0
  0
VERTEX
  5
11605
  8
0
 10
60.79533097424847
 20
42.54200079104848
 30
0.0
  0
VERTEX
  5
11606
  8
0
 10
60.81083447759165
 20
42.55009057762877
 30
0.0
  0
VERTEX
  5
11607
  8
0
 10
60.82620526805814
 20
42.55845642558174
 30
0.0
  0
VERTEX
  5
11608
  8
0
 10
60.84143791184618
 20
42.56709611602746
 30
0.0
  0
VERTEX
  5
11609
  8
0
 10
60.85651329468111
 20
42.57599904326356
 30
0.0
  0
VERTEX
  5
1160A
  8
0
 10
60.87142431678335
 20
42.58516066346095
 30
0.0
  0
VERTEX
  5
1160B
  8
0
 10
60.88616774824909
 20
42.59457858388044
 30
0.0
  0
VERTEX
  5
1160C
  8
0
 10
60.90074035917447
 20
42.6042504117829
 30
0.0
  0
VERTEX
  5
1160D
  8
0
 10
60.91513891965565
 20
42.61417375442915
 30
0.0
  0
VERTEX
  5
1160E
  8
0
 10
60.92936019978885
 20
42.62434621908004
 30
0.0
  0
VERTEX
  5
1160F
  8
0
 10
60.94340096967017
 20
42.63476541299637
 30
0.0
  0
VERTEX
  5
11610
  8
0
 10
60.9572579993958
 20
42.64542894343899
 30
0.0
  0
VERTEX
  5
11611
  8
0
 10
60.97092805906191
 20
42.65633441766875
 30
0.0
  0
VERTEX
  5
11612
  8
0
 10
60.98440791876466
 20
42.66747944294646
 30
0.0
  0
VERTEX
  5
11613
  8
0
 10
60.99769434860021
 20
42.67886162653298
 30
0.0
  0
VERTEX
  5
11614
  8
0
 10
61.01078411866472
 20
42.69047857568911
 30
0.0
  0
VERTEX
  5
11615
  8
0
 10
61.02367399905437
 20
42.70232789767572
 30
0.0
  0
VERTEX
  5
11616
  8
0
 10
61.03635754028764
 20
42.71440408067961
 30
0.0
  0
VERTEX
  5
11617
  8
0
 10
61.04882242378788
 20
42.72669528438849
 30
0.0
  0
VERTEX
  5
11618
  8
0
 10
61.06106546505987
 20
42.73919784257853
 30
0.0
  0
VERTEX
  5
11619
  8
0
 10
61.07308409442069
 20
42.75190866426129
 30
0.0
  0
VERTEX
  5
1161A
  8
0
 10
61.0848757421875
 20
42.76482465844838
 30
0.0
  0
VERTEX
  5
1161B
  8
0
 10
61.09643783867732
 20
42.77794273415137
 30
0.0
  0
VERTEX
  5
1161C
  8
0
 10
61.10776781420734
 20
42.79125980038189
 30
0.0
  0
VERTEX
  5
1161D
  8
0
 10
61.1188630990946
 20
42.80477276615151
 30
0.0
  0
VERTEX
  5
1161E
  8
0
 10
61.12972112365625
 20
42.81847854047182
 30
0.0
  0
VERTEX
  5
1161F
  8
0
 10
61.14033931820937
 20
42.83237403235444
 30
0.0
  0
VERTEX
  5
11620
  8
0
 10
61.15071511307109
 20
42.84645615081092
 30
0.0
  0
VERTEX
  5
11621
  8
0
 10
61.16084593855848
 20
42.86072180485291
 30
0.0
  0
VERTEX
  5
11622
  8
0
 10
61.17072922498867
 20
42.87516790349195
 30
0.0
  0
VERTEX
  5
11623
  8
0
 10
61.18036240267877
 20
42.88979135573967
 30
0.0
  0
SEQEND
  5
11879
  8
0
  0
POLYLINE
  5
210
  8
0
 66
     1
 10
0.0
 20
0.0
 30
0.0
  0
VERTEX
  5
11624
  8
0
 10
61.43838612089145
 20
43.29353190105714
 30
0.0
  0
VERTEX
  5
11625
  8
0
 10
61.43190342237081
 20
43.28327534265068
 30
0.0
  0
VERTEX
  5
11626
  8
0
 10
61.42542224755753
 20
43.27302715353267
 30
0.0
  0
VERTEX
  5
11627
  8
0
 10
61.41894260662249
 20
43.26278733403054
 30
0.0
  0
VERTEX
  5
11628
  8
0
 10
61.41246450969
 20
43.25255588437003
 30
0.0
  0
VERTEX
  5
11629
  8
0
 10
61.40598796683699
 20
43.24233280467499
 30
0.0
  0
VERTEX
  5
1162A
  8
0
 10
61.39951298809221
 20
43.23211809496694
 30
0.0
  0
VERTEX
  5
1162B
  8
0
 10
61.39303958343562
 20
43.22191175516484
 30
0.0
  0
VERTEX
  5
1162C
  8
0
 10
61.38656776279738
 20
43.21171378508478
 30
0.0
  0
VERTEX
  5
1162D
  8
0
 10
61.3800975360574
 20
43.20152418443967
 30
0.0
  0
VERTEX
  5
1162E
  8
0
 10
61.37362891304439
 20
43.19134295283897
 30
0.0
  0
VERTEX
  5
1162F
  8
0
 10
61.36716190353509
 20
43.18117008978837
 30
0.0
  0
VERTEX
  5
11630
  8
0
 10
61.36069651725369
 20
43.17100559468948
 30
0.0
  0
VERTEX
  5
11631
  8
0
 10
61.35423276387084
 20
43.16084946683951
 30
0.0
  0
VERTEX
  5
11632
  8
0
 10
61.34777065300315
 20
43.15070170543107
 30
0.0
  0
VERTEX
  5
11633
  8
0
 10
61.34131019421218
 20
43.14056230955173
 30
0.0
  0
VERTEX
  5
11634
  8
0
 10
61.33485139700385
 20
43.13043127818379
 30
0.0
  0
VERTEX
  5
11635
  8
0
 10
61.32839427082762
 20
43.12030861020401
 30
0.0
  0
VERTEX
  5
11636
  8
0
 10
61.32193882507585
 20
43.11019430438328
 30
0.0
  0
VERTEX
  5
11637
  8
0
 10
61.31548506908278
 20
43.10008835938626
 30
0.0
  0
VERTEX
  5
11638
  8
0
 10
61.30903301212408
 20
43.08999077377119
 30
0.0
  0
VERTEX
  5
11639
  8
0
 10
61.30258266341595
 20
43.07990154598956
 30
0.0
  0
VERTEX
  5
1163A
  8
0
 10
61.29613403211428
 20
43.06982067438565
 30
0.0
  0
VERTEX
  5
1163B
  8
0
 10
61.28968712731406
 20
43.05974815719654
 30
0.0
  0
VERTEX
  5
1163C
  8
0
 10
61.28324195804854
 20
43.04968399255149
 30
0.0
  0
VERTEX
  5
1163D
  8
0
 10
61.27679853328846
 20
43.03962817847188
 30
0.0
  0
VERTEX
  5
1163E
  8
0
 10
61.2703568619414
 20
43.02958071287078
 30
0.0
  0
VERTEX
  5
1163F
  8
0
 10
61.26391695285083
 20
43.01954159355263
 30
0.0
  0
VERTEX
  5
11640
  8
0
 10
61.25747881479556
 20
43.00951081821307
 30
0.0
  0
VERTEX
  5
11641
  8
0
 10
61.25104245648887
 20
42.99948838443854
 30
0.0
  0
VERTEX
  5
11642
  8
0
 10
61.24460788657776
 20
42.989474289706
 30
0.0
  0
VERTEX
  5
11643
  8
0
 10
61.23817511364223
 20
42.97946853138258
 30
0.0
  0
VERTEX
  5
11644
  8
0
 10
61.2317441461945
 20
42.96947110672541
 30
0.0
  0
VERTEX
  5
11645
  8
0
 10
61.22531499267829
 20
42.95948201288119
 30
0.0
  0
VERTEX
  5
11646
  8
0
 10
61.21888766146803
 20
42.94950124688595
 30
0.0
  0
VERTEX
  5
11647
  8
0
 10
61.21246216086807
 20
42.93952880566475
 30
0.0
  0
VERTEX
  5
11648
  8
0
 10
61.20603849911204
 20
42.92956468603136
 30
0.0
  0
VERTEX
  5
11649
  8
0
 10
61.19961668436193
 20
42.91960888468797
 30
0.0
  0
VERTEX
  5
1164A
  8
0
 10
61.19319672470755
 20
42.90966139822488
 30
0.0
  0
VERTEX
  5
1164B
  8
0
 10
61.18677862816553
 20
42.89972222312022
 30
0.0
  0
VERTEX
  5
1164C
  8
0
 10
61.18036240267877
 20
42.88979135573967
 30
0.0
  0
SEQEND
  5
1187A
  8
0
  0
POLYLINE
  5
211
  8
0
 66
     1
 10
0.0
 20
0.0
 30
0.0
  0
VERTEX
  5
1164D
  8
0
 10
61.43838612089144
 20
43.29353190105716
 30
0.0
  0
VERTEX
  5
1164E
  8
0
 10
61.44763986586923
 20
43.30846582644809
 30
0.0
  0
VERTEX
  5
1164F
  8
0
 10
61.45662292276695
 20
43.32354821241575
 30
0.0
  0
VERTEX
  5
11650
  8
0
 10
61.46533383386946
 20
43.33877528738898
 30
0.0
  0
VERTEX
  5
11651
  8
0
 10
61.47377114146158
 20
43.35414327979662
 30
0.0
  0
VERTEX
  5
11652
  8
0
 10
61.48193338782818
 20
43.3696484180675
 30
0.0
  0
VERTEX
  5
11653
  8
0
 10
61.48981911525413
 20
43.38528693063048
 30
0.0
  0
VERTEX
  5
11654
  8
0
 10
61.49742686602427
 20
43.40105504591437
 30
0.0
  0
VERTEX
  5
11655
  8
0
 10
61.50475518242348
 20
43.41694899234808
 30
0.0
  0
VERTEX
  5
11656
  8
0
 10
61.51180260673657
 20
43.43296499836038
 30
0.0
  0
VERTEX
  5
11657
  8
0
 10
61.51856768124843
 20
43.44909929238015
 30
0.0
  0
VERTEX
  5
11658
  8
0
 10
61.5250489482439
 20
43.46534810283622
 30
0.0
  0
VERTEX
  5
11659
  8
0
 10
61.53124495000785
 20
43.48170765815744
 30
0.0
  0
VERTEX
  5
1165A
  8
0
 10
61.53715422882512
 20
43.49817418677264
 30
0.0
  0
VERTEX
  5
1165B
  8
0
 10
61.54277532698056
 20
43.51474391711068
 30
0.0
  0
VERTEX
  5
1165C
  8
0
 10
61.54810678675904
 20
43.53141307760038
 30
0.0
  0
VERTEX
  5
1165D
  8
0
 10
61.55314715044542
 20
43.54817789667059
 30
0.0
  0
VERTEX
  5
1165E
  8
0
 10
61.55789496032454
 20
43.56503460275017
 30
0.0
  0
VERTEX
  5
1165F
  8
0
 10
61.56234875868124
 20
43.58197942426794
 30
0.0
  0
VERTEX
  5
11660
  8
0
 10
61.56650708780042
 20
43.59900858965275
 30
0.0
  0
VERTEX
  5
11661
  8
0
 10
61.5703684899669
 20
43.61611832733345
 30
0.0
  0
VERTEX
  5
11662
  8
0
 10
61.57393150746553
 20
43.63330486573886
 30
0.0
  0
VERTEX
  5
11663
  8
0
 10
61.57719468258121
 20
43.65056443329784
 30
0.0
  0
VERTEX
  5
11664
  8
0
 10
61.58015510713959
 20
43.66788431358489
 30
0.0
  0
VERTEX
  5
11665
  8
0
 10
61.58280886471933
 20
43.68524044504301
 30
0.0
  0
VERTEX
  5
11666
  8
0
 10
61.58515590199539
 20
43.70262802561923
 30
0.0
  0
VERTEX
  5
11667
  8
0
 10
61.58719630227004
 20
43.72004301269762
 30
0.0
  0
VERTEX
  5
11668
  8
0
 10
61.58893014884563
 20
43.73748136366233
 30
0.0
  0
VERTEX
  5
11669
  8
0
 10
61.59035752502446
 20
43.75493903589746
 30
0.0
  0
VERTEX
  5
1166A
  8
0
 10
61.59147851410884
 20
43.77241198678713
 30
0.0
  0
VERTEX
  5
1166B
  8
0
 10
61.59229319940106
 20
43.78989617371545
 30
0.0
  0
VERTEX
  5
1166C
  8
0
 10
61.59280166420348
 20
43.80738755406657
 30
0.0
  0
VERTEX
  5
1166D
  8
0
 10
61.59300399181839
 20
43.82488208522457
 30
0.0
  0
VERTEX
  5
1166E
  8
0
 10
61.59290026554809
 20
43.84237572457361
 30
0.0
  0
VERTEX
  5
1166F
  8
0
 10
61.5924905686949
 20
43.85986442949778
 30
0.0
  0
VERTEX
  5
11670
  8
0
 10
61.59177498456115
 20
43.87734415738119
 30
0.0
  0
VERTEX
  5
11671
  8
0
 10
61.59075359644913
 20
43.89481086560798
 30
0.0
  0
VERTEX
  5
11672
  8
0
 10
61.58942648766116
 20
43.91226051156225
 30
0.0
  0
VERTEX
  5
11673
  8
0
 10
61.58779374149955
 20
43.92968905262813
 30
0.0
  0
VERTEX
  5
11674
  8
0
 10
61.58585544126662
 20
43.94709244618974
 30
0.0
  0
VERTEX
  5
11675
  8
0
 10
61.58361167026469
 20
43.96446664963119
 30
0.0
  0
VERTEX
  5
11676
  8
0
 10
61.58106251179603
 20
43.98180762033661
 30
0.0
  0
VERTEX
  5
11677
  8
0
 10
61.57820804916301
 20
43.99911131569011
 30
0.0
  0
VERTEX
  5
11678
  8
0
 10
61.5750483656679
 20
44.0163736930758
 30
0.0
  0
VERTEX
  5
11679
  8
0
 10
61.57158354461302
 20
44.03359070987781
 30
0.0
  0
VERTEX
  5
1167A
  8
0
 10
61.56781448963782
 20
44.05075473604184
 30
0.0
  0
VERTEX
  5
1167B
  8
0
 10
61.56374586784068
 20
44.06784396201447
 30
0.0
  0
VERTEX
  5
1167C
  8
0
 10
61.55937953346633
 20
44.08485211034304
 30
0.0
  0
VERTEX
  5
1167D
  8
0
 10
61.55471682631795
 20
44.10177534733697
 30
0.0
  0
VERTEX
  5
1167E
  8
0
 10
61.54975908619878
 20
44.11860983930571
 30
0.0
  0
VERTEX
  5
1167F
  8
0
 10
61.544507652912
 20
44.13535175255872
 30
0.0
  0
VERTEX
  5
11680
  8
0
 10
61.53896386626075
 20
44.15199725340537
 30
0.0
  0
VERTEX
  5
11681
  8
0
 10
61.53312906604831
 20
44.16854250815516
 30
0.0
  0
VERTEX
  5
11682
  8
0
 10
61.52700459207782
 20
44.18498368311751
 30
0.0
  0
VERTEX
  5
11683
  8
0
 10
61.5205917841525
 20
44.20131694460184
 30
0.0
  0
VERTEX
  5
11684
  8
0
 10
61.51389198207553
 20
44.21753845891759
 30
0.0
  0
VERTEX
  5
11685
  8
0
 10
61.50690652565012
 20
44.23364439237422
 30
0.0
  0
VERTEX
  5
11686
  8
0
 10
61.49963675467946
 20
44.24963091128113
 30
0.0
  0
VERTEX
  5
11687
  8
0
 10
61.49208400896674
 20
44.26549418194779
 30
0.0
  0
VERTEX
  5
11688
  8
0
 10
61.48425217099059
 20
44.28122537274309
 30
0.0
  0
VERTEX
  5
11689
  8
0
 10
61.47614876889563
 20
44.29680961918104
 30
0.0
  0
VERTEX
  5
1168A
  8
0
 10
61.4677762305482
 20
44.3122430906161
 30
0.0
  0
VERTEX
  5
1168B
  8
0
 10
61.45913677475681
 20
44.32752238570375
 30
0.0
  0
VERTEX
  5
1168C
  8
0
 10
61.45023262032998
 20
44.34264410309942
 30
0.0
  0
VERTEX
  5
1168D
  8
0
 10
61.4410659860762
 20
44.35760484145857
 30
0.0
  0
VERTEX
  5
1168E
  8
0
 10
61.43163909080401
 20
44.37240119943667
 30
0.0
  0
VERTEX
  5
1168F
  8
0
 10
61.42195415332193
 20
44.38702977568914
 30
0.0
  0
VERTEX
  5
11690
  8
0
 10
61.41201339243845
 20
44.40148716887147
 30
0.0
  0
VERTEX
  5
11691
  8
0
 10
61.40181902696207
 20
44.41576997763907
 30
0.0
  0
VERTEX
  5
11692
  8
0
 10
61.39137327570132
 20
44.42987480064743
 30
0.0
  0
VERTEX
  5
11693
  8
0
 10
61.38067835746472
 20
44.44379823655198
 30
0.0
  0
VERTEX
  5
11694
  8
0
 10
61.36973649106079
 20
44.4575368840082
 30
0.0
  0
VERTEX
  5
11695
  8
0
 10
61.35854989529801
 20
44.47108734167151
 30
0.0
  0
SEQEND
  5
1187B
  8
0
  0
ARC
  5
212
  8
0
 10
62.88963293809268
 20
45.75786032711478
 30
0.0
 40
2.000000000000002
 50
82.00798176603614
 51
220.0448077605559
  0
POLYLINE
  5
213
  8
0
 66
     1
 10
0.0
 20
0.0
 30
0.0
  0
VERTEX
  5
11696
  8
0
 10
63.16770323259156
 20
47.73843522125973
 30
0.0
  0
VERTEX
  5
11697
  8
0
 10
63.18494166821199
 20
47.73616760345146
 30
0.0
  0
VERTEX
  5
11698
  8
0
 10
63.2022035914764
 20
47.73420145247357
 30
0.0
  0
VERTEX
  5
11699
  8
0
 10
63.21948508903847
 20
47.73253655200272
 30
0.0
  0
VERTEX
  5
1169A
  8
0
 10
63.23678224755191
 20
47.73117268571565
 30
0.0
  0
VERTEX
  5
1169B
  8
0
 10
63.25409115367053
 20
47.73010963728908
 30
0.0
  0
VERTEX
  5
1169C
  8
0
 10
63.27140789404794
 20
47.72934719039969
 30
0.0
  0
VERTEX
  5
1169D
  8
0
 10
63.28872855533795
 20
47.72888512872423
 30
0.0
  0
VERTEX
  5
1169E
  8
0
 10
63.30604922419425
 20
47.7287232359394
 30
0.0
  0
VERTEX
  5
1169F
  8
0
 10
63.32336598727053
 20
47.72886129572187
 30
0.0
  0
VERTEX
  5
116A0
  8
0
 10
63.34067493122057
 20
47.72929909174839
 30
0.0
  0
VERTEX
  5
116A1
  8
0
 10
63.35797214269807
 20
47.73003640769569
 30
0.0
  0
VERTEX
  5
116A2
  8
0
 10
63.37525370835674
 20
47.73107302724045
 30
0.0
  0
VERTEX
  5
116A3
  8
0
 10
63.39251571485033
 20
47.73240873405938
 30
0.0
  0
VERTEX
  5
116A4
  8
0
 10
63.40975424883255
 20
47.7340433118292
 30
0.0
  0
VERTEX
  5
116A5
  8
0
 10
63.42696539695712
 20
47.73597654422662
 30
0.0
  0
VERTEX
  5
116A6
  8
0
 10
63.44414524587776
 20
47.73820821492836
 30
0.0
  0
VERTEX
  5
116A7
  8
0
 10
63.4612898822482
 20
47.74073810761112
 30
0.0
  0
VERTEX
  5
116A8
  8
0
 10
63.47839539272216
 20
47.74356600595162
 30
0.0
  0
VERTEX
  5
116A9
  8
0
 10
63.49545786395336
 20
47.74669169362657
 30
0.0
  0
VERTEX
  5
116AA
  8
0
 10
63.51247338259553
 20
47.75011495431266
 30
0.0
  0
VERTEX
  5
116AB
  8
0
 10
63.52943803530239
 20
47.75383557168664
 30
0.0
  0
VERTEX
  5
116AC
  8
0
 10
63.54634790872768
 20
47.75785332942519
 30
0.0
  0
VERTEX
  5
116AD
  8
0
 10
63.56319488640719
 20
47.76216689677774
 30
0.0
  0
VERTEX
  5
116AE
  8
0
 10
63.57995378024756
 20
47.76676979491862
 30
0.0
  0
VERTEX
  5
116AF
  8
0
 10
63.59661803402788
 20
47.77165959270521
 30
0.0
  0
VERTEX
  5
116B0
  8
0
 10
63.61318410952117
 20
47.776834604307
 30
0.0
  0
VERTEX
  5
116B1
  8
0
 10
63.62964846850041
 20
47.7822931438934
 30
0.0
  0
VERTEX
  5
116B2
  8
0
 10
63.64600757273864
 20
47.78803352563392
 30
0.0
  0
VERTEX
  5
116B3
  8
0
 10
63.66225788400887
 20
47.79405406369801
 30
0.0
  0
VERTEX
  5
116B4
  8
0
 10
63.67839586408407
 20
47.80035307225513
 30
0.0
  0
VERTEX
  5
116B5
  8
0
 10
63.69441797473726
 20
47.80692886547472
 30
0.0
  0
VERTEX
  5
116B6
  8
0
 10
63.71032067774147
 20
47.81377975752629
 30
0.0
  0
VERTEX
  5
116B7
  8
0
 10
63.72610043486971
 20
47.82090406257927
 30
0.0
  0
VERTEX
  5
116B8
  8
0
 10
63.74175370789497
 20
47.82830009480315
 30
0.0
  0
VERTEX
  5
116B9
  8
0
 10
63.75727695859025
 20
47.83596616836736
 30
0.0
  0
VERTEX
  5
116BA
  8
0
 10
63.77266664872856
 20
47.84390059744139
 30
0.0
  0
VERTEX
  5
116BB
  8
0
 10
63.78791924008293
 20
47.85210169619469
 30
0.0
  0
VERTEX
  5
116BC
  8
0
 10
63.80303119442635
 20
47.86056777879671
 30
0.0
  0
VERTEX
  5
116BD
  8
0
 10
63.81799897353184
 20
47.86929715941696
 30
0.0
  0
VERTEX
  5
116BE
  8
0
 10
63.83281903917239
 20
47.87828815222485
 30
0.0
  0
VERTEX
  5
116BF
  8
0
 10
63.847487853121
 20
47.88753907138988
 30
0.0
  0
VERTEX
  5
116C0
  8
0
 10
63.86200187715071
 20
47.89704823108148
 30
0.0
  0
VERTEX
  5
116C1
  8
0
 10
63.87635757303452
 20
47.90681394546916
 30
0.0
  0
VERTEX
  5
116C2
  8
0
 10
63.89055140254541
 20
47.91683452872234
 30
0.0
  0
VERTEX
  5
116C3
  8
0
 10
63.90457976082638
 20
47.92710824532021
 30
0.0
  0
VERTEX
  5
116C4
  8
0
 10
63.91842827276702
 20
47.93762502971064
 30
0.0
  0
VERTEX
  5
116C5
  8
0
 10
63.93208599691221
 20
47.94837636574356
 30
0.0
  0
VERTEX
  5
116C6
  8
0
 10
63.9455500714715
 20
47.95935954977561
 30
0.0
  0
VERTEX
  5
116C7
  8
0
 10
63.95881763465446
 20
47.97057187816337
 30
0.0
  0
VERTEX
  5
116C8
  8
0
 10
63.97188582467064
 20
47.98201064726349
 30
0.0
  0
VERTEX
  5
116C9
  8
0
 10
63.98475177972956
 20
47.99367315343255
 30
0.0
  0
VERTEX
  5
116CA
  8
0
 10
63.99741263804084
 20
48.0055566930272
 30
0.0
  0
VERTEX
  5
116CB
  8
0
 10
64.009865537814
 20
48.01765856240404
 30
0.0
  0
VERTEX
  5
116CC
  8
0
 10
64.0221076172586
 20
48.0299760579197
 30
0.0
  0
VERTEX
  5
116CD
  8
0
 10
64.0341360145842
 20
48.04250647593076
 30
0.0
  0
VERTEX
  5
116CE
  8
0
 10
64.04594786800035
 20
48.05524711279389
 30
0.0
  0
VERTEX
  5
116CF
  8
0
 10
64.05754031571662
 20
48.06819526486566
 30
0.0
  0
VERTEX
  5
116D0
  8
0
 10
64.06891049594256
 20
48.08134822850272
 30
0.0
  0
VERTEX
  5
116D1
  8
0
 10
64.08005388690125
 20
48.09470127564135
 30
0.0
  0
VERTEX
  5
116D2
  8
0
 10
64.09095944677853
 20
48.10824114931301
 30
0.0
  0
VERTEX
  5
116D3
  8
0
 10
64.10162381133497
 20
48.12196312667879
 30
0.0
  0
VERTEX
  5
116D4
  8
0
 10
64.112044827887
 20
48.13586391145511
 30
0.0
  0
VERTEX
  5
116D5
  8
0
 10
64.12222034375108
 20
48.14994020735838
 30
0.0
  0
VERTEX
  5
116D6
  8
0
 10
64.1321482062436
 20
48.16418871810504
 30
0.0
  0
VERTEX
  5
116D7
  8
0
 10
64.14182626268094
 20
48.17860614741146
 30
0.0
  0
VERTEX
  5
116D8
  8
0
 10
64.15125236037954
 20
48.19318919899411
 30
0.0
  0
VERTEX
  5
116D9
  8
0
 10
64.16042434665582
 20
48.20793457656935
 30
0.0
  0
VERTEX
  5
116DA
  8
0
 10
64.16934006882616
 20
48.22283898385363
 30
0.0
  0
VERTEX
  5
116DB
  8
0
 10
64.17799737420701
 20
48.23789912456338
 30
0.0
  0
VERTEX
  5
116DC
  8
0
 10
64.18639411011478
 20
48.253111702415
 30
0.0
  0
VERTEX
  5
116DD
  8
0
 10
64.19452812386585
 20
48.2684734211249
 30
0.0
  0
VERTEX
  5
116DE
  8
0
 10
64.20239726277667
 20
48.28398098440949
 30
0.0
  0
SEQEND
  5
1187C
  8
0
  0
POLYLINE
  5
214
  8
0
 66
     1
 10
0.0
 20
0.0
 30
0.0
  0
VERTEX
  5
116DF
  8
0
 10
64.52368066016251
 20
48.93634528643584
 30
0.0
  0
VERTEX
  5
116E0
  8
0
 10
64.51568205174094
 20
48.91998413856367
 30
0.0
  0
VERTEX
  5
116E1
  8
0
 10
64.5076817171263
 20
48.90362510340012
 30
0.0
  0
VERTEX
  5
116E2
  8
0
 10
64.4996796568398
 20
48.8872682248372
 30
0.0
  0
VERTEX
  5
116E3
  8
0
 10
64.49167587142593
 20
48.87091354677226
 30
0.0
  0
VERTEX
  5
116E4
  8
0
 10
64.4836703614527
 20
48.85456111310745
 30
0.0
  0
VERTEX
  5
116E5
  8
0
 10
64.47566312751194
 20
48.83821096774889
 30
0.0
  0
VERTEX
  5
116E6
  8
0
 10
64.46765417021908
 20
48.82186315460617
 30
0.0
  0
VERTEX
  5
116E7
  8
0
 10
64.45964349021362
 20
48.80551771759146
 30
0.0
  0
VERTEX
  5
116E8
  8
0
 10
64.45163108815896
 20
48.78917470061898
 30
0.0
  0
VERTEX
  5
116E9
  8
0
 10
64.44361696474267
 20
48.77283414760423
 30
0.0
  0
VERTEX
  5
116EA
  8
0
 10
64.4356011206767
 20
48.75649610246348
 30
0.0
  0
VERTEX
  5
116EB
  8
0
 10
64.42758355669729
 20
48.74016060911288
 30
0.0
  0
VERTEX
  5
116EC
  8
0
 10
64.41956427356529
 20
48.72382771146788
 30
0.0
  0
VERTEX
  5
116ED
  8
0
 10
64.41154327206615
 20
48.70749745344262
 30
0.0
  0
VERTEX
  5
116EE
  8
0
 10
64.40352055301014
 20
48.69116987894908
 30
0.0
  0
VERTEX
  5
116EF
  8
0
 10
64.39549611723245
 20
48.67484503189659
 30
0.0
  0
VERTEX
  5
116F0
  8
0
 10
64.38746996559321
 20
48.65852295619099
 30
0.0
  0
VERTEX
  5
116F1
  8
0
 10
64.37944209897779
 20
48.64220369573408
 30
0.0
  0
VERTEX
  5
116F2
  8
0
 10
64.37141251829681
 20
48.6258872944229
 30
0.0
  0
VERTEX
  5
116F3
  8
0
 10
64.36338122448628
 20
48.60957379614894
 30
0.0
  0
VERTEX
  5
116F4
  8
0
 10
64.35534821850773
 20
48.59326324479768
 30
0.0
  0
VERTEX
  5
116F5
  8
0
 10
64.3473135013484
 20
48.57695568424774
 30
0.0
  0
VERTEX
  5
116F6
  8
0
 10
64.33927707402123
 20
48.56065115837023
 30
0.0
  0
VERTEX
  5
116F7
  8
0
 10
64.3312389375651
 20
48.54434971102817
 30
0.0
  0
VERTEX
  5
116F8
  8
0
 10
64.32319909304493
 20
48.52805138607565
 30
0.0
  0
VERTEX
  5
116F9
  8
0
 10
64.31515754155177
 20
48.51175622735732
 30
0.0
  0
VERTEX
  5
116FA
  8
0
 10
64.30711428420292
 20
48.49546427870759
 30
0.0
  0
VERTEX
  5
116FB
  8
0
 10
64.29906932214215
 20
48.47917558395001
 30
0.0
  0
VERTEX
  5
116FC
  8
0
 10
64.29102265653965
 20
48.46289018689655
 30
0.0
  0
VERTEX
  5
116FD
  8
0
 10
64.28297428859237
 20
48.44660813134699
 30
0.0
  0
VERTEX
  5
116FE
  8
0
 10
64.27492421952397
 20
48.43032946108816
 30
0.0
  0
VERTEX
  5
116FF
  8
0
 10
64.26687245058498
 20
48.41405421989334
 30
0.0
  0
VERTEX
  5
11700
  8
0
 10
64.25881898305306
 20
48.39778245152152
 30
0.0
  0
VERTEX
  5
11701
  8
0
 10
64.25076381823291
 20
48.38151419971676
 30
0.0
  0
VERTEX
  5
11702
  8
0
 10
64.24270695745655
 20
48.36524950820749
 30
0.0
  0
VERTEX
  5
11703
  8
0
 10
64.23464840208337
 20
48.34898842070582
 30
0.0
  0
VERTEX
  5
11704
  8
0
 10
64.22658815350033
 20
48.33273098090693
 30
0.0
  0
VERTEX
  5
11705
  8
0
 10
64.21852621312198
 20
48.3164772324883
 30
0.0
  0
VERTEX
  5
11706
  8
0
 10
64.21046258239068
 20
48.30022721910909
 30
0.0
  0
VERTEX
  5
11707
  8
0
 10
64.20239726277667
 20
48.28398098440949
 30
0.0
  0
SEQEND
  5
1187D
  8
0
  0
POLYLINE
  5
215
  8
0
 66
     1
 10
0.0
 20
0.0
 30
0.0
  0
VERTEX
  5
11708
  8
0
 10
64.52368066016251
 20
48.93634528643584
 30
0.0
  0
VERTEX
  5
11709
  8
0
 10
64.5311084953682
 20
48.9518790885292
 30
0.0
  0
VERTEX
  5
1170A
  8
0
 10
64.53826239452764
 20
48.96752646636086
 30
0.0
  0
VERTEX
  5
1170B
  8
0
 10
64.54514137934122
 20
48.98328374143003
 30
0.0
  0
VERTEX
  5
1170C
  8
0
 10
64.55174447150941
 20
48.99914723523593
 30
0.0
  0
VERTEX
  5
1170D
  8
0
 10
64.5580706927326
 20
49.01511326927776
 30
0.0
  0
VERTEX
  5
1170E
  8
0
 10
64.56411906471125
 20
49.03117816505471
 30
0.0
  0
VERTEX
  5
1170F
  8
0
 10
64.56988860914579
 20
49.04733824406604
 30
0.0
  0
VERTEX
  5
11710
  8
0
 10
64.57537834773663
 20
49.06358982781089
 30
0.0
  0
VERTEX
  5
11711
  8
0
 10
64.58058730218418
 20
49.07992923778851
 30
0.0
  0
VERTEX
  5
11712
  8
0
 10
64.5855144941889
 20
49.09635279549809
 30
0.0
  0
VERTEX
  5
11713
  8
0
 10
64.59015894545121
 20
49.11285682243886
 30
0.0
  0
VERTEX
  5
11714
  8
0
 10
64.59451967767154
 20
49.12943764011001
 30
0.0
  0
VERTEX
  5
11715
  8
0
 10
64.59859571255029
 20
49.14609157001075
 30
0.0
  0
VERTEX
  5
11716
  8
0
 10
64.60238607178793
 20
49.16281493364031
 30
0.0
  0
VERTEX
  5
11717
  8
0
 10
64.60588977708487
 20
49.17960405249787
 30
0.0
  0
VERTEX
  5
11718
  8
0
 10
64.6091058501415
 20
49.19645524808263
 30
0.0
  0
VERTEX
  5
11719
  8
0
 10
64.61203331265831
 20
49.21336484189383
 30
0.0
  0
VERTEX
  5
1171A
  8
0
 10
64.61467118633571
 20
49.23032915543067
 30
0.0
  0
VERTEX
  5
1171B
  8
0
 10
64.6170184928741
 20
49.24734451019235
 30
0.0
  0
VERTEX
  5
1171C
  8
0
 10
64.61907425397393
 20
49.26440722767808
 30
0.0
  0
VERTEX
  5
1171D
  8
0
 10
64.62083749133564
 20
49.28151362938707
 30
0.0
  0
VERTEX
  5
1171E
  8
0
 10
64.62230722665961
 20
49.29866003681853
 30
0.0
  0
VERTEX
  5
1171F
  8
0
 10
64.62348239174477
 20
49.31584126949887
 30
0.0
  0
VERTEX
  5
11720
  8
0
 10
64.62436118971365
 20
49.33303279398256
 30
0.0
  0
VERTEX
  5
11721
  8
0
 10
64.62494360033948
 20
49.35022417598497
 30
0.0
  0
VERTEX
  5
11722
  8
0
 10
64.62523011511212
 20
49.36741164100271
 30
0.0
  0
VERTEX
  5
11723
  8
0
 10
64.62522122552143
 20
49.38459141453239
 30
0.0
  0
VERTEX
  5
11724
  8
0
 10
64.62491742305728
 20
49.40175972207064
 30
0.0
  0
VERTEX
  5
11725
  8
0
 10
64.62431919920954
 20
49.41891278911403
 30
0.0
  0
VERTEX
  5
11726
  8
0
 10
64.62342704546805
 20
49.43604684115919
 30
0.0
  0
VERTEX
  5
11727
  8
0
 10
64.62224145332269
 20
49.45315810370273
 30
0.0
  0
VERTEX
  5
11728
  8
0
 10
64.62076291426331
 20
49.47024280224126
 30
0.0
  0
VERTEX
  5
11729
  8
0
 10
64.61899191977979
 20
49.48729716227139
 30
0.0
  0
VERTEX
  5
1172A
  8
0
 10
64.61692896136199
 20
49.50431740928973
 30
0.0
  0
VERTEX
  5
1172B
  8
0
 10
64.61457453049977
 20
49.52129976879289
 30
0.0
  0
VERTEX
  5
1172C
  8
0
 10
64.61192911868298
 20
49.53824046627748
 30
0.0
  0
VERTEX
  5
1172D
  8
0
 10
64.60899321740149
 20
49.55513572724011
 30
0.0
  0
VERTEX
  5
1172E
  8
0
 10
64.60576731814515
 20
49.57198177717737
 30
0.0
  0
VERTEX
  5
1172F
  8
0
 10
64.60225191240387
 20
49.5887748415859
 30
0.0
  0
VERTEX
  5
11730
  8
0
 10
64.59844749166747
 20
49.6055111459623
 30
0.0
  0
VERTEX
  5
11731
  8
0
 10
64.59435454742581
 20
49.62218691580316
 30
0.0
  0
VERTEX
  5
11732
  8
0
 10
64.58997357116877
 20
49.63879837660512
 30
0.0
  0
VERTEX
  5
11733
  8
0
 10
64.58530505438621
 20
49.65534175386477
 30
0.0
  0
VERTEX
  5
11734
  8
0
 10
64.580349488568
 20
49.67181327307873
 30
0.0
  0
VERTEX
  5
11735
  8
0
 10
64.57510736520399
 20
49.68820915974359
 30
0.0
  0
VERTEX
  5
11736
  8
0
 10
64.56958074697691
 20
49.70452112771201
 30
0.0
  0
VERTEX
  5
11737
  8
0
 10
64.56377616631954
 20
49.72072966216069
 30
0.0
  0
VERTEX
  5
11738
  8
0
 10
64.55769570516394
 20
49.73682991288892
 30
0.0
  0
VERTEX
  5
11739
  8
0
 10
64.55134098816823
 20
49.75281841819794
 30
0.0
  0
VERTEX
  5
1173A
  8
0
 10
64.54471363999056
 20
49.76869171638896
 30
0.0
  0
VERTEX
  5
1173B
  8
0
 10
64.53781528528907
 20
49.78444634576321
 30
0.0
  0
VERTEX
  5
1173C
  8
0
 10
64.53064754872186
 20
49.80007884462194
 30
0.0
  0
VERTEX
  5
1173D
  8
0
 10
64.52321205494707
 20
49.81558575126633
 30
0.0
  0
VERTEX
  5
1173E
  8
0
 10
64.5155104286228
 20
49.83096360399764
 30
0.0
  0
VERTEX
  5
1173F
  8
0
 10
64.50754429440725
 20
49.8462089411171
 30
0.0
  0
VERTEX
  5
11740
  8
0
 10
64.49931527695847
 20
49.86131830092591
 30
0.0
  0
VERTEX
  5
11741
  8
0
 10
64.49082500093462
 20
49.8762882217253
 30
0.0
  0
VERTEX
  5
11742
  8
0
 10
64.48207509099385
 20
49.89111524181654
 30
0.0
  0
VERTEX
  5
11743
  8
0
 10
64.4730676397649
 20
49.90579515129551
 30
0.0
  0
VERTEX
  5
11744
  8
0
 10
64.46381097767787
 20
49.92031424741221
 30
0.0
  0
VERTEX
  5
11745
  8
0
 10
64.45430949373124
 20
49.93466617172066
 30
0.0
  0
VERTEX
  5
11746
  8
0
 10
64.44456555666835
 20
49.94884792223358
 30
0.0
  0
VERTEX
  5
11747
  8
0
 10
64.43458153523244
 20
49.96285649696364
 30
0.0
  0
VERTEX
  5
11748
  8
0
 10
64.42435979816673
 20
49.97668889392352
 30
0.0
  0
VERTEX
  5
11749
  8
0
 10
64.41390271421461
 20
49.99034211112602
 30
0.0
  0
VERTEX
  5
1174A
  8
0
 10
64.40321265211928
 20
50.00381314658375
 30
0.0
  0
VERTEX
  5
1174B
  8
0
 10
64.39229198062402
 20
50.01709899830948
 30
0.0
  0
VERTEX
  5
1174C
  8
0
 10
64.38114306847214
 20
50.03019666431587
 30
0.0
  0
VERTEX
  5
1174D
  8
0
 10
64.3697682844069
 20
50.04310314261565
 30
0.0
  0
VERTEX
  5
1174E
  8
0
 10
64.35816999717159
 20
50.05581543122152
 30
0.0
  0
VERTEX
  5
1174F
  8
0
 10
64.34635057550945
 20
50.06833052814618
 30
0.0
  0
VERTEX
  5
11750
  8
0
 10
64.3343123881638
 20
50.08064543140233
 30
0.0
  0
SEQEND
  5
1187E
  8
0
  0
ARC
  5
216
  8
0
 10
65.75241161743168
 20
51.4909626212394
 30
0.0
 40
2.000000000000008
 50
83.60352583647169
 51
224.8423581169754
  0
POLYLINE
  5
217
  8
0
 66
     1
 10
0.0
 20
0.0
 30
0.0000000000000089
  0
VERTEX
  5
11751
  8
0
 10
65.97522717352444
 20
53.4785121748262
 30
0.0000000000000089
  0
VERTEX
  5
11752
  8
0
 10
65.99214982259873
 20
53.47676068052397
 30
0.0000000000000089
  0
VERTEX
  5
11753
  8
0
 10
66.00908699459558
 20
53.47529834245029
 30
0.0000000000000089
  0
VERTEX
  5
11754
  8
0
 10
66.02603503040496
 20
53.47412485594314
 30
0.0000000000000089
  0
VERTEX
  5
11755
  8
0
 10
66.04299027091673
 20
53.47323991634041
 30
0.0000000000000089
  0
VERTEX
  5
11756
  8
0
 10
66.05994905702096
 20
53.47264321898014
 30
0.0000000000000089
  0
VERTEX
  5
11757
  8
0
 10
66.07690772960744
 20
53.47233445920021
 30
0.0000000000000089
  0
VERTEX
  5
11758
  8
0
 10
66.09386262956622
 20
53.47231333233862
 30
0.0000000000000089
  0
VERTEX
  5
11759
  8
0
 10
66.11081009778715
 20
53.47257953373331
 30
0.0000000000000089
  0
VERTEX
  5
1175A
  8
0
 10
66.12774647516022
 20
53.47313275872223
 30
0.0000000000000089
  0
VERTEX
  5
1175B
  8
0
 10
66.14466810257535
 20
53.47397270264334
 30
0.0000000000000089
  0
VERTEX
  5
1175C
  8
0
 10
66.16157132092246
 20
53.47509906083459
 30
0.0000000000000089
  0
VERTEX
  5
1175D
  8
0
 10
66.1784524710915
 20
53.47651152863396
 30
0.0000000000000089
  0
VERTEX
  5
1175E
  8
0
 10
66.19530789397241
 20
53.47820980137935
 30
0.0000000000000089
  0
VERTEX
  5
1175F
  8
0
 10
66.2121339304551
 20
53.48019357440876
 30
0.0000000000000089
  0
VERTEX
  5
11760
  8
0
 10
66.22892692142956
 20
53.48246254306014
 30
0.0000000000000089
  0
VERTEX
  5
11761
  8
0
 10
66.24568320778566
 20
53.48501640267142
 30
0.0000000000000089
  0
VERTEX
  5
11762
  8
0
 10
66.26239913041337
 20
53.48785484858058
 30
0.0000000000000089
  0
VERTEX
  5
11763
  8
0
 10
66.2790710302026
 20
53.49097757612554
 30
0.0000000000000089
  0
VERTEX
  5
11764
  8
0
 10
66.29569524804333
 20
53.4943842806443
 30
0.0000000000000089
  0
VERTEX
  5
11765
  8
0
 10
66.31226812482547
 20
53.4980746574748
 30
0.0000000000000089
  0
VERTEX
  5
11766
  8
0
 10
66.32878600143894
 20
53.50204840195497
 30
0.0000000000000089
  0
VERTEX
  5
11767
  8
0
 10
66.34524521877371
 20
53.50630520942281
 30
0.0000000000000089
  0
VERTEX
  5
11768
  8
0
 10
66.36164208620485
 20
53.51084476620236
 30
0.0000000000000089
  0
VERTEX
  5
11769
  8
0
 10
66.37795813536843
 20
53.51566226134081
 30
0.0000000000000089
  0
VERTEX
  5
1176A
  8
0
 10
66.39417768465691
 20
53.5207526968825
 30
0.0000000000000089
  0
VERTEX
  5
1176B
  8
0
 10
66.41029746458274
 20
53.52611440179302
 30
0.0000000000000089
  0
VERTEX
  5
1176C
  8
0
 10
66.42631420565824
 20
53.5317457050378
 30
0.0000000000000089
  0
VERTEX
  5
1176D
  8
0
 10
66.44222463839593
 20
53.53764493558239
 30
0.0000000000000089
  0
VERTEX
  5
1176E
  8
0
 10
66.45802549330811
 20
53.54381042239221
 30
0.0000000000000089
  0
VERTEX
  5
1176F
  8
0
 10
66.47371350090727
 20
53.55024049443286
 30
0.0000000000000089
  0
VERTEX
  5
11770
  8
0
 10
66.48928539170575
 20
53.55693348066973
 30
0.0000000000000089
  0
VERTEX
  5
11771
  8
0
 10
66.50473789621601
 20
53.56388771006841
 30
0.0000000000000089
  0
VERTEX
  5
11772
  8
0
 10
66.52006774495044
 20
53.57110151159434
 30
0.0000000000000089
  0
VERTEX
  5
11773
  8
0
 10
66.53527166842143
 20
53.57857321421305
 30
0.0000000000000089
  0
VERTEX
  5
11774
  8
0
 10
66.55034639714141
 20
53.58630114689001
 30
0.0000000000000089
  0
VERTEX
  5
11775
  8
0
 10
66.56528866162277
 20
53.59428363859074
 30
0.0000000000000089
  0
VERTEX
  5
11776
  8
0
 10
66.58009519237794
 20
53.60251901828073
 30
0.0000000000000089
  0
VERTEX
  5
11777
  8
0
 10
66.59476271991932
 20
53.61100561492547
 30
0.0000000000000089
  0
VERTEX
  5
11778
  8
0
 10
66.60928797475928
 20
53.61974175749046
 30
0.0000000000000089
  0
VERTEX
  5
11779
  8
0
 10
66.62366768741029
 20
53.6287257749412
 30
0.0000000000000089
  0
VERTEX
  5
1177A
  8
0
 10
66.6378985883847
 20
53.63795599624319
 30
0.0000000000000089
  0
VERTEX
  5
1177B
  8
0
 10
66.65197740819495
 20
53.64743075036192
 30
0.0000000000000089
  0
VERTEX
  5
1177C
  8
0
 10
66.66590087735344
 20
53.6571483662629
 30
0.0000000000000089
  0
VERTEX
  5
1177D
  8
0
 10
66.67966572637259
 20
53.66710717291163
 30
0.0000000000000089
  0
VERTEX
  5
1177E
  8
0
 10
66.69326868576478
 20
53.67730549927358
 30
0.0000000000000089
  0
VERTEX
  5
1177F
  8
0
 10
66.70670640540901
 20
53.68774161058807
 30
0.0000000000000089
  0
VERTEX
  5
11780
  8
0
 10
66.71996550845559
 20
53.69840556221563
 30
0.0000000000000089
  0
VERTEX
  5
11781
  8
0
 10
66.73303615617529
 20
53.70928925954483
 30
0.0000000000000089
  0
VERTEX
  5
11782
  8
0
 10
66.74591572090196
 20
53.72039011286488
 30
0.0000000000000089
  0
VERTEX
  5
11783
  8
0
 10
66.75860157496939
 20
53.73170553246496
 30
0.0000000000000089
  0
VERTEX
  5
11784
  8
0
 10
66.77109109071134
 20
53.74323292863424
 30
0.0000000000000089
  0
VERTEX
  5
11785
  8
0
 10
66.78338164046166
 20
53.75496971166194
 30
0.0000000000000089
  0
VERTEX
  5
11786
  8
0
 10
66.79547059655415
 20
53.76691329183726
 30
0.0000000000000089
  0
VERTEX
  5
11787
  8
0
 10
66.80735533132261
 20
53.77906107944938
 30
0.0000000000000089
  0
VERTEX
  5
11788
  8
0
 10
66.81903321710085
 20
53.79141048478748
 30
0.0000000000000089
  0
VERTEX
  5
11789
  8
0
 10
66.83050162622268
 20
53.80395891814077
 30
0.0000000000000089
  0
VERTEX
  5
1178A
  8
0
 10
66.84175793102189
 20
53.81670378979844
 30
0.0000000000000089
  0
VERTEX
  5
1178B
  8
0
 10
66.8527995038323
 20
53.82964251004967
 30
0.0000000000000089
  0
VERTEX
  5
1178C
  8
0
 10
66.86362370527597
 20
53.84277247472839
 30
0.0000000000000089
  0
VERTEX
  5
1178D
  8
0
 10
66.87422249378068
 20
53.85608417444017
 30
0.0000000000000089
  0
VERTEX
  5
1178E
  8
0
 10
66.88458918932245
 20
53.86956891627396
 30
0.0000000000000089
  0
VERTEX
  5
1178F
  8
0
 10
66.89472179846828
 20
53.8832235958045
 30
0.0000000000000089
  0
VERTEX
  5
11790
  8
0
 10
66.90461832778509
 20
53.89704510860646
 30
0.0000000000000089
  0
VERTEX
  5
11791
  8
0
 10
66.91427678383984
 20
53.91103035025456
 30
0.0000000000000089
  0
VERTEX
  5
11792
  8
0
 10
66.9236951731995
 20
53.92517621632353
 30
0.0000000000000089
  0
VERTEX
  5
11793
  8
0
 10
66.932871502431
 20
53.93947960238805
 30
0.0000000000000089
  0
VERTEX
  5
11794
  8
0
 10
66.94180377810133
 20
53.95393740402285
 30
0.0000000000000089
  0
VERTEX
  5
11795
  8
0
 10
66.95049000677743
 20
53.96854651680261
 30
0.0000000000000089
  0
VERTEX
  5
11796
  8
0
 10
66.95892819502625
 20
53.98330383630207
 30
0.0000000000000089
  0
VERTEX
  5
11797
  8
0
 10
66.96711634941474
 20
53.99820625809592
 30
0.0000000000000089
  0
VERTEX
  5
11798
  8
0
 10
66.97505247650987
 20
54.01325067775888
 30
0.0000000000000089
  0
VERTEX
  5
11799
  8
0
 10
66.9827345828786
 20
54.02843399086564
 30
0.0000000000000089
  0
SEQEND
  5
1187F
  8
0
  0
POLYLINE
  5
218
  8
0
 66
     1
 10
0.0
 20
0.0
 30
0.0
  0
VERTEX
  5
1179A
  8
0
 10
74.44509114832034
 20
86.70454153996916
 30
0.0
  0
VERTEX
  5
1179B
  8
0
 10
74.43570940733336
 20
86.39911630298461
 30
0.0
  0
VERTEX
  5
1179C
  8
0
 10
74.42530941402426
 20
86.0938174962906
 30
0.0
  0
VERTEX
  5
1179D
  8
0
 10
74.41389989777139
 20
85.78866358889272
 30
0.0
  0
VERTEX
  5
1179E
  8
0
 10
74.40149032680091
 20
85.48367463557595
 30
0.0
  0
VERTEX
  5
1179F
  8
0
 10
74.38809087866524
 20
85.17887221866074
 30
0.0
  0
VERTEX
  5
117A0
  8
0
 10
74.37371241074314
 20
84.87427938994826
 30
0.0
  0
VERTEX
  5
117A1
  8
0
 10
74.35836643075716
 20
84.569920612816
 30
0.0
  0
VERTEX
  5
117A2
  8
0
 10
74.34206506729278
 20
84.2658217043292
 30
0.0
  0
VERTEX
  5
117A3
  8
0
 10
74.32482104031742
 20
83.96200977735181
 30
0.0
  0
VERTEX
  5
117A4
  8
0
 10
74.30664763169986
 20
83.65851318265788
 30
0.0
  0
VERTEX
  5
117A5
  8
0
 10
74.28755865572916
 20
83.35536145104287
 30
0.0
  0
VERTEX
  5
117A6
  8
0
 10
74.26756842963391
 20
83.05258523543478
 30
0.0
  0
VERTEX
  5
117A7
  8
0
 10
74.2466917441014
 20
82.75021625300548
 30
0.0
  0
VERTEX
  5
117A8
  8
0
 10
74.22494383379667
 20
82.44828722728187
 30
0.0
  0
VERTEX
  5
117A9
  8
0
 10
74.20234034788186
 20
82.14683183025728
 30
0.0
  0
VERTEX
  5
117AA
  8
0
 10
74.17889732053509
 20
81.84588462449766
 30
0.0
  0
VERTEX
  5
117AB
  8
0
 10
74.15463114146871
 20
81.5454810051292
 30
0.0
  0
VERTEX
  5
117AC
  8
0
 10
74.12955852644482
 20
81.24565714153734
 30
0.0
  0
VERTEX
  5
117AD
  8
0
 10
74.1036964877899
 20
80.94644991895693
 30
0.0
  0
VERTEX
  5
117AE
  8
0
 10
74.0770623049095
 20
80.64789688005874
 30
0.0
  0
VERTEX
  5
117AF
  8
0
 10
74.04967349480273
 20
80.35003616653587
 30
0.0
  0
VERTEX
  5
117B0
  8
0
 10
74.02154778257697
 20
80.05290646069001
 30
0.0
  0
VERTEX
  5
117B1
  8
0
 10
73.99270307196251
 20
79.75654692701801
 30
0.0
  0
VERTEX
  5
117B2
  8
0
 10
73.96315741582696
 20
79.46099715379808
 30
0.0
  0
VERTEX
  5
117B3
  8
0
 10
73.93292898669011
 20
79.16629709467637
 30
0.0
  0
VERTEX
  5
117B4
  8
0
 10
73.90203604723848
 20
78.87248701025321
 30
0.0
  0
VERTEX
  5
117B5
  8
0
 10
73.87049692083973
 20
78.57960740966975
 30
0.0
  0
VERTEX
  5
117B6
  8
0
 10
73.83832996205994
 20
78.28769899225355
 30
0.0
  0
VERTEX
  5
117B7
  8
0
 10
73.80555352720101
 20
77.9968025896707
 30
0.0
  0
VERTEX
  5
117B8
  8
0
 10
73.77218594486179
 20
77.70695910866569
 30
0.0
  0
VERTEX
  5
117B9
  8
0
 10
73.73824548650349
 20
77.41820947390073
 30
0.0
  0
VERTEX
  5
117BA
  8
0
 10
73.70375033701497
 20
77.13059457079588
 30
0.0
  0
VERTEX
  5
117BB
  8
0
 10
73.66871856527793
 20
76.84415518836863
 30
0.0
  0
VERTEX
  5
117BC
  8
0
 10
73.63316809473234
 20
76.55893196207423
 30
0.0
  0
VERTEX
  5
117BD
  8
0
 10
73.59711667394164
 20
76.2749653166454
 30
0.0
  0
VERTEX
  5
117BE
  8
0
 10
73.56058184715806
 20
75.99229540893238
 30
0.0
  0
VERTEX
  5
117BF
  8
0
 10
73.52358092488794
 20
75.71096207074285
 30
0.0
  0
VERTEX
  5
117C0
  8
0
 10
73.48613095445701
 20
75.43100475168195
 30
0.0
  0
VERTEX
  5
117C1
  8
0
 10
73.44824869057531
 20
75.15246246198353
 30
0.0
  0
VERTEX
  5
117C2
  8
0
 10
73.40995056588304
 20
74.8753737149194
 30
0.0
  0
VERTEX
  5
117C3
  8
0
 10
73.37125266142678
 20
74.59977646766423
 30
0.0
  0
VERTEX
  5
117C4
  8
0
 10
73.33217067709657
 20
74.32570806129402
 30
0.0
  0
VERTEX
  5
117C5
  8
0
 10
73.29271990206055
 20
74.05320516072821
 30
0.0
  0
VERTEX
  5
117C6
  8
0
 10
73.25291518519947
 20
73.78230369467137
 30
0.0
  0
VERTEX
  5
117C7
  8
0
 10
73.21277090554125
 20
73.51303879555526
 30
0.0
  0
VERTEX
  5
117C8
  8
0
 10
73.1723009426956
 20
73.24544473948049
 30
0.0
  0
VERTEX
  5
117C9
  8
0
 10
73.1315186472885
 20
72.97955488615868
 30
0.0
  0
VERTEX
  5
117CA
  8
0
 10
73.09043681139694
 20
72.71540161885414
 30
0.0
  0
VERTEX
  5
117CB
  8
0
 10
73.04906763898322
 20
72.4530162843259
 30
0.0
  0
VERTEX
  5
117CC
  8
0
 10
73.00742271632971
 20
72.19242913276939
 30
0.0
  0
VERTEX
  5
117CD
  8
0
 10
72.96551298247945
 20
71.9336692579016
 30
0.0
  0
VERTEX
  5
117CE
  8
0
 10
72.92334869976362
 20
71.67676453910043
 30
0.0
  0
VERTEX
  5
117CF
  8
0
 10
72.88093942447776
 20
71.42174158705971
 30
0.0
  0
VERTEX
  5
117D0
  8
0
 10
72.83829397759676
 20
71.16862569036206
 30
0.0
  0
VERTEX
  5
117D1
  8
0
 10
72.79542041549081
 20
70.91744076206935
 30
0.0
  0
VERTEX
  5
117D2
  8
0
 10
72.75232600064089
 20
70.66820928631286
 30
0.0
  0
VERTEX
  5
117D3
  8
0
 10
72.7090171723549
 20
70.42095226488385
 30
0.0
  0
VERTEX
  5
117D4
  8
0
 10
72.66549951748307
 20
70.17568916382355
 30
0.0
  0
VERTEX
  5
117D5
  8
0
 10
72.62177774113394
 20
69.93243786001378
 30
0.0
  0
VERTEX
  5
117D6
  8
0
 10
72.57785563739019
 20
69.69121458776706
 30
0.0
  0
VERTEX
  5
117D7
  8
0
 10
72.5337360600242
 20
69.45203388541701
 30
0.0
  0
VERTEX
  5
117D8
  8
0
 10
72.48942089321284
 20
69.21490854189749
 30
0.0
  0
VERTEX
  5
117D9
  8
0
 10
72.44491102210169
 20
68.97984954191136
 30
0.0
  0
VERTEX
  5
117DA
  8
0
 10
72.40020630252103
 20
68.74686600313548
 30
0.0
  0
VERTEX
  5
117DB
  8
0
 10
72.35530553000056
 20
68.51596510684311
 30
0.0
  0
VERTEX
  5
117DC
  8
0
 10
72.31020640870645
 20
68.28715202779678
 30
0.0
  0
VERTEX
  5
117DD
  8
0
 10
72.26490552037808
 20
68.06042986413983
 30
0.0
  0
VERTEX
  5
117DE
  8
0
 10
72.21939829326509
 20
67.83579956728788
 30
0.0
  0
VERTEX
  5
117DF
  8
0
 10
72.17367897106396
 20
67.61325987182025
 30
0.0
  0
VERTEX
  5
117E0
  8
0
 10
72.12774058185526
 20
67.39280722537151
 30
0.0
  0
VERTEX
  5
117E1
  8
0
 10
72.08157490704006
 20
67.17443571852287
 30
0.0
  0
VERTEX
  5
117E2
  8
0
 10
72.03517245027714
 20
66.9581370146938
 30
0.0
  0
VERTEX
  5
117E3
  8
0
 10
71.98852240641963
 20
66.74390028003334
 30
0.0
  0
VERTEX
  5
117E4
  8
0
 10
71.94161263126877
 20
66.53171211444149
 30
0.0
  0
VERTEX
  5
117E5
  8
0
 10
71.89442963261646
 20
66.3215565120376
 30
0.0
  0
VERTEX
  5
117E6
  8
0
 10
71.84695861541319
 20
66.11341489649557
 30
0.0
  0
VERTEX
  5
117E7
  8
0
 10
71.7991835482915
 20
65.90726618591846
 30
0.0
  0
VERTEX
  5
117E8
  8
0
 10
71.75108723091287
 20
65.7030868588518
 30
0.0
  0
VERTEX
  5
117E9
  8
0
 10
71.70265136131434
 20
65.50085102029682
 30
0.0
  0
VERTEX
  5
117EA
  8
0
 10
71.65385660325538
 20
65.30053046772382
 30
0.0
  0
VERTEX
  5
117EB
  8
0
 10
71.60468265356475
 20
65.10209475708562
 30
0.0
  0
VERTEX
  5
117EC
  8
0
 10
71.55510830948721
 20
64.90551126883085
 30
0.0
  0
VERTEX
  5
117ED
  8
0
 10
71.50511153603034
 20
64.71074527391718
 30
0.0
  0
VERTEX
  5
117EE
  8
0
 10
71.45466953331136
 20
64.51775999982486
 30
0.0
  0
VERTEX
  5
117EF
  8
0
 10
71.4037588039077
 20
64.3265166965675
 30
0.0
  0
VERTEX
  5
117F0
  8
0
 10
71.3523552223118
 20
64.13697470140198
 30
0.0
  0
VERTEX
  5
117F1
  8
0
 10
71.3004341234374
 20
63.9490914917566
 30
0.0
  0
VERTEX
  5
117F2
  8
0
 10
71.24797041424567
 20
63.76282272386148
 30
0.0
  0
VERTEX
  5
117F3
  8
0
 10
71.19493868947954
 20
63.57812226883874
 30
0.0
  0
VERTEX
  5
117F4
  8
0
 10
71.14131334743108
 20
63.39494224877222
 30
0.0
  0
VERTEX
  5
117F5
  8
0
 10
71.08706870570872
 20
63.21323307277705
 30
0.0
  0
VERTEX
  5
117F6
  8
0
 10
71.0321791170045
 20
63.0329434730694
 30
0.0
  0
VERTEX
  5
117F7
  8
0
 10
70.97661908486141
 20
62.85402054103618
 30
0.0
  0
VERTEX
  5
117F8
  8
0
 10
70.92036337944062
 20
62.67640976330464
 30
0.0
  0
VERTEX
  5
117F9
  8
0
 10
70.86338715328876
 20
62.50005505781223
 30
0.0
  0
VERTEX
  5
117FA
  8
0
 10
70.8056660571052
 20
62.32489880987606
 30
0.0
  0
VERTEX
  5
117FB
  8
0
 10
70.74717635527604
 20
62.15088190849726
 30
0.0
  0
VERTEX
  5
117FC
  8
0
 10
70.68789502885643
 20
61.97794379528005
 30
0.0
  0
VERTEX
  5
117FD
  8
0
 10
70.62779983036876
 20
61.80602256177754
 30
0.0
  0
VERTEX
  5
117FE
  8
0
 10
70.56686931034193
 20
61.63505507523958
 30
0.0
  0
VERTEX
  5
117FF
  8
0
 10
70.50508284187778
 20
61.46497710634284
 30
0.0
  0
VERTEX
  5
11800
  8
0
 10
70.44242064521727
 20
61.29572345692127
 30
0.0
  0
VERTEX
  5
11801
  8
0
 10
70.3788638123067
 20
61.12722808769657
 30
0.0
  0
VERTEX
  5
11802
  8
0
 10
70.31439433136403
 20
60.95942424600865
 30
0.0
  0
VERTEX
  5
11803
  8
0
 10
70.24899511144484
 20
60.7922445935461
 30
0.0
  0
VERTEX
  5
11804
  8
0
 10
70.18265000700889
 20
60.6256213340767
 30
0.0
  0
VERTEX
  5
11805
  8
0
 10
70.11534384248601
 20
60.45948634117781
 30
0.0
  0
VERTEX
  5
11806
  8
0
 10
70.04706243684286
 20
60.29377128596649
 30
0.0
  0
VERTEX
  5
11807
  8
0
 10
69.9777926322085
 20
60.12840776044568
 30
0.0
  0
VERTEX
  5
11808
  8
0
 10
69.90752238472811
 20
59.96332733364306
 30
0.0
  0
VERTEX
  5
11809
  8
0
 10
69.8362409667033
 20
59.79846148755862
 30
0.0
  0
VERTEX
  5
1180A
  8
0
 10
69.76393919924965
 20
59.63374152015286
 30
0.0
  0
VERTEX
  5
1180B
  8
0
 10
69.69060968558045
 20
59.46909844765884
 30
0.0
  0
VERTEX
  5
1180C
  8
0
 10
69.61624704429033
 20
59.30446290689442
 30
0.0
  0
VERTEX
  5
1180D
  8
0
 10
69.54084814263894
 20
59.13976505757419
 30
0.0
  0
VERTEX
  5
1180E
  8
0
 10
69.46441232983466
 20
58.97493448462178
 30
0.0
  0
VERTEX
  5
1180F
  8
0
 10
69.38694167031822
 20
58.80990010048173
 30
0.0
  0
VERTEX
  5
11810
  8
0
 10
69.30844117704642
 20
58.64459004743183
 30
0.0
  0
VERTEX
  5
11811
  8
0
 10
69.22891904477574
 20
58.47893159989503
 30
0.0
  0
VERTEX
  5
11812
  8
0
 10
69.1483868830291
 20
58.31285106709933
 30
0.0
  0
VERTEX
  5
11813
  8
0
 10
69.06685990342112
 20
58.14627374579477
 30
0.0
  0
VERTEX
  5
11814
  8
0
 10
68.98435683556676
 20
57.97912417064757
 30
0.0
  0
VERTEX
  5
11815
  8
0
 10
68.90089960859503
 20
57.81132662170754
 30
0.0
  0
VERTEX
  5
11816
  8
0
 10
68.81651300517292
 20
57.64280566202489
 30
0.0
  0
VERTEX
  5
11817
  8
0
 10
68.73122431546624
 20
57.47348667533647
 30
0.0
  0
VERTEX
  5
11818
  8
0
 10
68.64506299110043
 20
57.3032964037516
 30
0.0
  0
VERTEX
  5
11819
  8
0
 10
68.55806029912159
 20
57.13216348543845
 30
0.0
  0
VERTEX
  5
1181A
  8
0
 10
68.47024897595702
 20
56.96001899230991
 30
0.0
  0
VERTEX
  5
1181B
  8
0
 10
68.38166288137631
 20
56.78679696770965
 30
0.0
  0
VERTEX
  5
1181C
  8
0
 10
68.29233665245214
 20
56.61243496409838
 30
0.0
  0
VERTEX
  5
1181D
  8
0
 10
68.20230535752098
 20
56.43687458073976
 30
0.0
  0
VERTEX
  5
1181E
  8
0
 10
68.11160415109738
 20
56.26006199845245
 30
0.0
  0
VERTEX
  5
1181F
  8
0
 10
68.02026795555565
 20
56.08194843196768
 30
0.0
  0
VERTEX
  5
11820
  8
0
 10
67.92833121407917
 20
55.90249036291753
 30
0.0
  0
VERTEX
  5
11821
  8
0
 10
67.83582767304947
 20
55.72164968220382
 30
0.0
  0
VERTEX
  5
11822
  8
0
 10
67.7427901656562
 20
55.5393938286089
 30
0.0
  0
VERTEX
  5
11823
  8
0
 10
67.64925039550712
 20
55.35569592740664
 30
0.0
  0
VERTEX
  5
11824
  8
0
 10
67.55523872023812
 20
55.17053492897342
 30
0.0
  0
VERTEX
  5
11825
  8
0
 10
67.46078393512309
 20
54.98389574739887
 30
0.0
  0
VERTEX
  5
11826
  8
0
 10
67.36591305668395
 20
54.79576939909697
 30
0.0
  0
VERTEX
  5
11827
  8
0
 10
67.27065110630062
 20
54.60615314141688
 30
0.0
  0
VERTEX
  5
11828
  8
0
 10
67.175020893821
 20
54.41505061125388
 30
0.0
  0
VERTEX
  5
11829
  8
0
 10
67.0790428011953
 20
54.22247196363202
 30
0.0
  0
VERTEX
  5
1182A
  8
0
 10
66.98273458287859
 20
54.02843399086564
 30
0.0
  0
SEQEND
  5
11880
  8
0
  0
LINE
  5
219
  8
0
 10
74.44509114832034
 20
86.70454153996916
 30
0.0
 11
74.48279315616325
 21
89.22205310744735
 31
0.0
  0
ENDSEC
  0
EOF
