ISO-10303-21;
HEADER;
/* Generated by software containing ST-Developer
 * from STEP Tools, Inc. (www.steptools.com) 
 */

FILE_DESCRIPTION(
/* description */ ('',
'CAx-IF Rec.Pracs.---Representation and Presentation of Product Manufa
cturing Information (PMI)---4.0---2014-10-13'),
/* implementation_level */ '2;1');

FILE_NAME(
/* name */ 'AMASS_XT60-M_1x02_P7.2mm_Vertical v2.step',
/* time_stamp */ '2025-01-10T23:40:42+01:00',
/* author */ (''),
/* organization */ (''),
/* preprocessor_version */ 'ST-DEVELOPER v20',
/* originating_system */ 'Autodesk Translation Framework v13.20.0.188',

/* authorisation */ '');

FILE_SCHEMA (('AP242_MANAGED_MODEL_BASED_3D_ENGINEERING_MIM_LF { 1 0 10303 442 1 1 4 }'));
ENDSEC;

DATA;
#10=MECHANICAL_DESIGN_GEOMETRIC_PRESENTATION_REPRESENTATION('',(#13,#14,
#15),#3877);
#11=SHAPE_REPRESENTATION_RELATIONSHIP('SRR','None',#3884,#12);
#12=ADVANCED_BREP_SHAPE_REPRESENTATION('',(#16,#17,#18),#3876);
#13=STYLED_ITEM('',(#3894),#16);
#14=STYLED_ITEM('',(#3895),#17);
#15=STYLED_ITEM('',(#3894),#18);
#16=MANIFOLD_SOLID_BREP('Body1',#2218);
#17=MANIFOLD_SOLID_BREP('Body3',#2219);
#18=MANIFOLD_SOLID_BREP('Body4',#2220);
#19=(
BOUNDED_SURFACE()
B_SPLINE_SURFACE(2,2,((#3248,#3249,#3250),(#3251,#3252,#3253),(#3254,#3255,
#3256)),.UNSPECIFIED.,.F.,.F.,.F.)
B_SPLINE_SURFACE_WITH_KNOTS((3,3),(3,3),(-1.05506397244256E-13,1.57079632679483),
(0.128558960041445,1.44223736675345),.UNSPECIFIED.)
GEOMETRIC_REPRESENTATION_ITEM()
RATIONAL_B_SPLINE_SURFACE(((1.,0.791926219699691,1.),(0.707106781186534,
0.559976400149068,0.707106781186534),(1.,0.791926219699691,1.)))
REPRESENTATION_ITEM('')
SURFACE()
);
#20=(
BOUNDED_SURFACE()
B_SPLINE_SURFACE(2,2,((#3257,#3258,#3259),(#3260,#3261,#3262),(#3263,#3264,
#3265)),.UNSPECIFIED.,.F.,.F.,.F.)
B_SPLINE_SURFACE_WITH_KNOTS((3,3),(3,3),(-5.27531986221241E-14,1.57079632679486),
(-1.44223736675346,-0.12855896004144),.UNSPECIFIED.)
GEOMETRIC_REPRESENTATION_ITEM()
RATIONAL_B_SPLINE_SURFACE(((1.,0.791926219699686,1.),(0.707106781186537,
0.559976400149067,0.707106781186537),(1.,0.791926219699686,1.)))
REPRESENTATION_ITEM('')
SURFACE()
);
#21=(
BOUNDED_SURFACE()
B_SPLINE_SURFACE(2,2,((#3266,#3267,#3268),(#3269,#3270,#3271),(#3272,#3273,
#3274)),.UNSPECIFIED.,.F.,.F.,.F.)
B_SPLINE_SURFACE_WITH_KNOTS((3,3),(3,3),(3.0915962260063E-14,1.57079632679495),
(-3.01303369354839,-1.69935528683629),.UNSPECIFIED.)
GEOMETRIC_REPRESENTATION_ITEM()
RATIONAL_B_SPLINE_SURFACE(((1.,0.791926219699662,1.),(0.707106781186542,
0.559976400149054,0.707106781186542),(1.,0.791926219699662,1.)))
REPRESENTATION_ITEM('')
SURFACE()
);
#22=(
BOUNDED_SURFACE()
B_SPLINE_SURFACE(2,2,((#3275,#3276,#3277),(#3278,#3279,#3280),(#3281,#3282,
#3283)),.UNSPECIFIED.,.F.,.F.,.F.)
B_SPLINE_SURFACE_WITH_KNOTS((3,3),(3,3),(-5.27531986221229E-14,1.57079632679486),
(1.69935528683634,3.01303369354835),.UNSPECIFIED.)
GEOMETRIC_REPRESENTATION_ITEM()
RATIONAL_B_SPLINE_SURFACE(((1.,0.791926219699687,1.),(0.707106781186539,
0.559976400149069,0.707106781186539),(1.,0.791926219699687,1.)))
REPRESENTATION_ITEM('')
SURFACE()
);
#23=(
BOUNDED_SURFACE()
B_SPLINE_SURFACE(2,2,((#3795,#3796,#3797),(#3798,#3799,#3800),(#3801,#3802,
#3803)),.UNSPECIFIED.,.F.,.F.,.F.)
B_SPLINE_SURFACE_WITH_KNOTS((3,3),(3,3),(-9.72938830430011E-14,1.57079632679483),
(-1.44223736675345,-0.128558960041449),.UNSPECIFIED.)
GEOMETRIC_REPRESENTATION_ITEM()
RATIONAL_B_SPLINE_SURFACE(((1.,0.791926219699691,1.),(0.707106781186534,
0.559976400149068,0.707106781186534),(1.,0.791926219699691,1.)))
REPRESENTATION_ITEM('')
SURFACE()
);
#24=(
BOUNDED_SURFACE()
B_SPLINE_SURFACE(2,2,((#3804,#3805,#3806),(#3807,#3808,#3809),(#3810,#3811,
#3812)),.UNSPECIFIED.,.F.,.F.,.F.)
B_SPLINE_SURFACE_WITH_KNOTS((3,3),(3,3),(-9.13018148909958E-14,1.57079632679483),
(-3.01303369354835,-1.69935528683634),.UNSPECIFIED.)
GEOMETRIC_REPRESENTATION_ITEM()
RATIONAL_B_SPLINE_SURFACE(((1.,0.791926219699688,1.),(0.707106781186536,
0.559976400149067,0.707106781186536),(1.,0.791926219699688,1.)))
REPRESENTATION_ITEM('')
SURFACE()
);
#25=(
BOUNDED_SURFACE()
B_SPLINE_SURFACE(2,2,((#3813,#3814,#3815),(#3816,#3817,#3818),(#3819,#3820,
#3821)),.UNSPECIFIED.,.F.,.F.,.F.)
B_SPLINE_SURFACE_WITH_KNOTS((3,3),(3,3),(-5.27531986221232E-14,1.57079632679486),
(1.69935528683634,3.01303369354835),.UNSPECIFIED.)
GEOMETRIC_REPRESENTATION_ITEM()
RATIONAL_B_SPLINE_SURFACE(((1.,0.791926219699687,1.),(0.707106781186544,
0.559976400149074,0.707106781186544),(1.,0.791926219699687,1.)))
REPRESENTATION_ITEM('')
SURFACE()
);
#26=(
BOUNDED_SURFACE()
B_SPLINE_SURFACE(2,2,((#3822,#3823,#3824),(#3825,#3826,#3827),(#3828,#3829,
#3830)),.UNSPECIFIED.,.F.,.F.,.F.)
B_SPLINE_SURFACE_WITH_KNOTS((3,3),(3,3),(2.86955162108162E-14,1.57079632679495),
(0.128558960041409,1.44223736675349),.UNSPECIFIED.)
GEOMETRIC_REPRESENTATION_ITEM()
RATIONAL_B_SPLINE_SURFACE(((1.,0.791926219699667,1.),(0.707106781186542,
0.559976400149058,0.707106781186542),(1.,0.791926219699667,1.)))
REPRESENTATION_ITEM('')
SURFACE()
);
#27=FACE_BOUND('',#227,.T.);
#28=FACE_BOUND('',#273,.T.);
#29=FACE_BOUND('',#276,.T.);
#30=FACE_BOUND('',#281,.T.);
#31=FACE_BOUND('',#282,.T.);
#32=FACE_BOUND('',#295,.T.);
#33=FACE_BOUND('',#298,.T.);
#34=FACE_BOUND('',#301,.T.);
#35=FACE_BOUND('',#303,.T.);
#36=FACE_BOUND('',#305,.T.);
#37=FACE_BOUND('',#307,.T.);
#38=FACE_BOUND('',#308,.T.);
#39=FACE_BOUND('',#337,.T.);
#40=CYLINDRICAL_SURFACE('',#2249,0.75);
#41=CYLINDRICAL_SURFACE('',#2252,0.75);
#42=CYLINDRICAL_SURFACE('',#2255,0.75);
#43=CYLINDRICAL_SURFACE('',#2278,1.95);
#44=CYLINDRICAL_SURFACE('',#2280,1.95);
#45=CYLINDRICAL_SURFACE('',#2282,1.95);
#46=CYLINDRICAL_SURFACE('',#2287,0.75);
#47=CYLINDRICAL_SURFACE('',#2288,1.95);
#48=CYLINDRICAL_SURFACE('',#2289,1.5);
#49=CYLINDRICAL_SURFACE('',#2291,2.15);
#50=CYLINDRICAL_SURFACE('',#2294,2.15);
#51=CYLINDRICAL_SURFACE('',#2297,2.15);
#52=CYLINDRICAL_SURFACE('',#2328,3.);
#53=CYLINDRICAL_SURFACE('',#2332,3.);
#54=CYLINDRICAL_SURFACE('',#2373,0.75);
#55=CYLINDRICAL_SURFACE('',#2376,0.75);
#56=CYLINDRICAL_SURFACE('',#2379,0.75);
#57=CYLINDRICAL_SURFACE('',#2388,1.95);
#58=CYLINDRICAL_SURFACE('',#2391,1.95);
#59=CYLINDRICAL_SURFACE('',#2394,1.95);
#60=CYLINDRICAL_SURFACE('',#2406,0.75);
#61=CYLINDRICAL_SURFACE('',#2408,1.95);
#62=CYLINDRICAL_SURFACE('',#2413,2.15);
#63=CYLINDRICAL_SURFACE('',#2416,1.5);
#64=B_SPLINE_CURVE_WITH_KNOTS('',3,(#3061,#3062,#3063,#3064,#3065,#3066,
#3067,#3068,#3069,#3070),.UNSPECIFIED.,.F.,.F.,(4,2,2,2,4),(0.241437298122072,
0.278293280257428,0.315303382285868,0.352662729454849,0.390948849818735),
 .UNSPECIFIED.);
#65=B_SPLINE_CURVE_WITH_KNOTS('',3,(#3080,#3081,#3082,#3083,#3084,#3085,
#3086,#3087,#3088,#3089),.UNSPECIFIED.,.F.,.F.,(4,2,2,2,4),(0.574800342669528,
0.613086463033413,0.650445810202394,0.687455912230834,0.724311894366191),
 .UNSPECIFIED.);
#66=B_SPLINE_CURVE_WITH_KNOTS('',3,(#3100,#3101,#3102,#3103,#3104,#3105,
#3106,#3107,#3108,#3109),.UNSPECIFIED.,.F.,.F.,(4,2,2,2,4),(0.574800342669564,
0.61308646303345,0.650445810202431,0.687455912230871,0.724311894366227),
 .UNSPECIFIED.);
#67=B_SPLINE_CURVE_WITH_KNOTS('',3,(#3120,#3121,#3122,#3123,#3124,#3125,
#3126,#3127,#3128,#3129),.UNSPECIFIED.,.F.,.F.,(4,2,2,2,4),(0.574800342669575,
0.613086463033461,0.650445810202443,0.687455912230882,0.724311894366238),
 .UNSPECIFIED.);
#68=B_SPLINE_CURVE_WITH_KNOTS('',3,(#3140,#3141,#3142,#3143,#3144,#3145,
#3146,#3147,#3148,#3149),.UNSPECIFIED.,.F.,.F.,(4,2,2,2,4),(0.574800342669566,
0.613086463033452,0.650445810202433,0.687455912230872,0.724311894366229),
 .UNSPECIFIED.);
#69=B_SPLINE_CURVE_WITH_KNOTS('',3,(#3158,#3159,#3160,#3161,#3162,#3163,
#3164,#3165,#3166,#3167),.UNSPECIFIED.,.F.,.F.,(4,2,2,2,4),(0.241437298122069,
0.278293280257426,0.315303382285865,0.352662729454847,0.390948849818731),
 .UNSPECIFIED.);
#70=B_SPLINE_CURVE_WITH_KNOTS('',3,(#3178,#3179,#3180,#3181,#3182,#3183,
#3184,#3185,#3186,#3187),.UNSPECIFIED.,.F.,.F.,(4,2,2,2,4),(0.241437298122072,
0.278293280257428,0.315303382285868,0.352662729454849,0.390948849818734),
 .UNSPECIFIED.);
#71=B_SPLINE_CURVE_WITH_KNOTS('',3,(#3198,#3199,#3200,#3201,#3202,#3203,
#3204,#3205,#3206,#3207),.UNSPECIFIED.,.F.,.F.,(4,2,2,2,4),(0.241437298122071,
0.278293280257427,0.315303382285866,0.352662729454848,0.390948849818734),
 .UNSPECIFIED.);
#72=B_SPLINE_CURVE_WITH_KNOTS('',3,(#3620,#3621,#3622,#3623,#3624,#3625,
#3626,#3627,#3628,#3629),.UNSPECIFIED.,.F.,.F.,(4,2,2,2,4),(0.574800342669566,
0.613086463033452,0.650445810202433,0.687455912230873,0.72431189436623),
 .UNSPECIFIED.);
#73=B_SPLINE_CURVE_WITH_KNOTS('',3,(#3641,#3642,#3643,#3644,#3645,#3646,
#3647,#3648,#3649,#3650),.UNSPECIFIED.,.F.,.F.,(4,2,2,2,4),(0.241437298122072,
0.278293280257429,0.315303382285868,0.352662729454849,0.390948849818735),
 .UNSPECIFIED.);
#74=B_SPLINE_CURVE_WITH_KNOTS('',3,(#3660,#3661,#3662,#3663,#3664,#3665,
#3666,#3667,#3668,#3669),.UNSPECIFIED.,.F.,.F.,(4,2,2,2,4),(0.57480034266957,
0.613086463033455,0.650445810202437,0.687455912230876,0.724311894366232),
 .UNSPECIFIED.);
#75=B_SPLINE_CURVE_WITH_KNOTS('',3,(#3680,#3681,#3682,#3683,#3684,#3685,
#3686,#3687,#3688,#3689),.UNSPECIFIED.,.F.,.F.,(4,2,2,2,4),(0.574800342669574,
0.61308646303346,0.650445810202441,0.687455912230881,0.724311894366237),
 .UNSPECIFIED.);
#76=B_SPLINE_CURVE_WITH_KNOTS('',3,(#3700,#3701,#3702,#3703,#3704,#3705,
#3706,#3707,#3708,#3709),.UNSPECIFIED.,.F.,.F.,(4,2,2,2,4),(0.574800342669534,
0.613086463033419,0.6504458102024,0.68745591223084,0.724311894366197),
 .UNSPECIFIED.);
#77=B_SPLINE_CURVE_WITH_KNOTS('',3,(#3718,#3719,#3720,#3721,#3722,#3723,
#3724,#3725,#3726,#3727),.UNSPECIFIED.,.F.,.F.,(4,2,2,2,4),(0.24143729812207,
0.278293280257427,0.315303382285867,0.352662729454848,0.390948849818733),
 .UNSPECIFIED.);
#78=B_SPLINE_CURVE_WITH_KNOTS('',3,(#3738,#3739,#3740,#3741,#3742,#3743,
#3744,#3745,#3746,#3747),.UNSPECIFIED.,.F.,.F.,(4,2,2,2,4),(0.241437310350131,
0.278454576349584,0.315628114373291,0.352827550967162,0.390948874274856),
 .UNSPECIFIED.);
#79=B_SPLINE_CURVE_WITH_KNOTS('',3,(#3758,#3759,#3760,#3761,#3762,#3763,
#3764,#3765,#3766,#3767),.UNSPECIFIED.,.F.,.F.,(4,2,2,2,4),(0.24143729812207,
0.278293280257426,0.315303382285866,0.352662729454847,0.390948849818733),
 .UNSPECIFIED.);
#80=CONICAL_SURFACE('',#2239,0.75,1.02974425867665);
#81=CONICAL_SURFACE('',#2285,0.375,1.02974425867665);
#82=CONICAL_SURFACE('',#2362,0.75,1.02974425867665);
#83=CONICAL_SURFACE('',#2399,0.375,1.02974425867665);
#84=FACE_OUTER_BOUND('',#207,.T.);
#85=FACE_OUTER_BOUND('',#208,.T.);
#86=FACE_OUTER_BOUND('',#209,.T.);
#87=FACE_OUTER_BOUND('',#210,.T.);
#88=FACE_OUTER_BOUND('',#211,.T.);
#89=FACE_OUTER_BOUND('',#212,.T.);
#90=FACE_OUTER_BOUND('',#213,.T.);
#91=FACE_OUTER_BOUND('',#214,.T.);
#92=FACE_OUTER_BOUND('',#215,.T.);
#93=FACE_OUTER_BOUND('',#216,.T.);
#94=FACE_OUTER_BOUND('',#217,.T.);
#95=FACE_OUTER_BOUND('',#218,.T.);
#96=FACE_OUTER_BOUND('',#219,.T.);
#97=FACE_OUTER_BOUND('',#220,.T.);
#98=FACE_OUTER_BOUND('',#221,.T.);
#99=FACE_OUTER_BOUND('',#222,.T.);
#100=FACE_OUTER_BOUND('',#223,.T.);
#101=FACE_OUTER_BOUND('',#224,.T.);
#102=FACE_OUTER_BOUND('',#225,.T.);
#103=FACE_OUTER_BOUND('',#226,.T.);
#104=FACE_OUTER_BOUND('',#228,.T.);
#105=FACE_OUTER_BOUND('',#229,.T.);
#106=FACE_OUTER_BOUND('',#230,.T.);
#107=FACE_OUTER_BOUND('',#231,.T.);
#108=FACE_OUTER_BOUND('',#232,.T.);
#109=FACE_OUTER_BOUND('',#233,.T.);
#110=FACE_OUTER_BOUND('',#234,.T.);
#111=FACE_OUTER_BOUND('',#235,.T.);
#112=FACE_OUTER_BOUND('',#236,.T.);
#113=FACE_OUTER_BOUND('',#237,.T.);
#114=FACE_OUTER_BOUND('',#238,.T.);
#115=FACE_OUTER_BOUND('',#239,.T.);
#116=FACE_OUTER_BOUND('',#240,.T.);
#117=FACE_OUTER_BOUND('',#241,.T.);
#118=FACE_OUTER_BOUND('',#242,.T.);
#119=FACE_OUTER_BOUND('',#243,.T.);
#120=FACE_OUTER_BOUND('',#244,.T.);
#121=FACE_OUTER_BOUND('',#245,.T.);
#122=FACE_OUTER_BOUND('',#246,.T.);
#123=FACE_OUTER_BOUND('',#247,.T.);
#124=FACE_OUTER_BOUND('',#248,.T.);
#125=FACE_OUTER_BOUND('',#249,.T.);
#126=FACE_OUTER_BOUND('',#250,.T.);
#127=FACE_OUTER_BOUND('',#251,.T.);
#128=FACE_OUTER_BOUND('',#252,.T.);
#129=FACE_OUTER_BOUND('',#253,.T.);
#130=FACE_OUTER_BOUND('',#254,.T.);
#131=FACE_OUTER_BOUND('',#255,.T.);
#132=FACE_OUTER_BOUND('',#256,.T.);
#133=FACE_OUTER_BOUND('',#257,.T.);
#134=FACE_OUTER_BOUND('',#258,.T.);
#135=FACE_OUTER_BOUND('',#259,.T.);
#136=FACE_OUTER_BOUND('',#260,.T.);
#137=FACE_OUTER_BOUND('',#261,.T.);
#138=FACE_OUTER_BOUND('',#262,.T.);
#139=FACE_OUTER_BOUND('',#263,.T.);
#140=FACE_OUTER_BOUND('',#264,.T.);
#141=FACE_OUTER_BOUND('',#265,.T.);
#142=FACE_OUTER_BOUND('',#266,.T.);
#143=FACE_OUTER_BOUND('',#267,.T.);
#144=FACE_OUTER_BOUND('',#268,.T.);
#145=FACE_OUTER_BOUND('',#269,.T.);
#146=FACE_OUTER_BOUND('',#270,.T.);
#147=FACE_OUTER_BOUND('',#271,.T.);
#148=FACE_OUTER_BOUND('',#272,.T.);
#149=FACE_OUTER_BOUND('',#274,.T.);
#150=FACE_OUTER_BOUND('',#275,.T.);
#151=FACE_OUTER_BOUND('',#277,.T.);
#152=FACE_OUTER_BOUND('',#278,.T.);
#153=FACE_OUTER_BOUND('',#279,.T.);
#154=FACE_OUTER_BOUND('',#280,.T.);
#155=FACE_OUTER_BOUND('',#283,.T.);
#156=FACE_OUTER_BOUND('',#284,.T.);
#157=FACE_OUTER_BOUND('',#285,.T.);
#158=FACE_OUTER_BOUND('',#286,.T.);
#159=FACE_OUTER_BOUND('',#287,.T.);
#160=FACE_OUTER_BOUND('',#288,.T.);
#161=FACE_OUTER_BOUND('',#289,.T.);
#162=FACE_OUTER_BOUND('',#290,.T.);
#163=FACE_OUTER_BOUND('',#291,.T.);
#164=FACE_OUTER_BOUND('',#292,.T.);
#165=FACE_OUTER_BOUND('',#293,.T.);
#166=FACE_OUTER_BOUND('',#294,.T.);
#167=FACE_OUTER_BOUND('',#296,.T.);
#168=FACE_OUTER_BOUND('',#297,.T.);
#169=FACE_OUTER_BOUND('',#299,.T.);
#170=FACE_OUTER_BOUND('',#300,.T.);
#171=FACE_OUTER_BOUND('',#302,.T.);
#172=FACE_OUTER_BOUND('',#304,.T.);
#173=FACE_OUTER_BOUND('',#306,.T.);
#174=FACE_OUTER_BOUND('',#309,.T.);
#175=FACE_OUTER_BOUND('',#310,.T.);
#176=FACE_OUTER_BOUND('',#311,.T.);
#177=FACE_OUTER_BOUND('',#312,.T.);
#178=FACE_OUTER_BOUND('',#313,.T.);
#179=FACE_OUTER_BOUND('',#314,.T.);
#180=FACE_OUTER_BOUND('',#315,.T.);
#181=FACE_OUTER_BOUND('',#316,.T.);
#182=FACE_OUTER_BOUND('',#317,.T.);
#183=FACE_OUTER_BOUND('',#318,.T.);
#184=FACE_OUTER_BOUND('',#319,.T.);
#185=FACE_OUTER_BOUND('',#320,.T.);
#186=FACE_OUTER_BOUND('',#321,.T.);
#187=FACE_OUTER_BOUND('',#322,.T.);
#188=FACE_OUTER_BOUND('',#323,.T.);
#189=FACE_OUTER_BOUND('',#324,.T.);
#190=FACE_OUTER_BOUND('',#325,.T.);
#191=FACE_OUTER_BOUND('',#326,.T.);
#192=FACE_OUTER_BOUND('',#327,.T.);
#193=FACE_OUTER_BOUND('',#328,.T.);
#194=FACE_OUTER_BOUND('',#329,.T.);
#195=FACE_OUTER_BOUND('',#330,.T.);
#196=FACE_OUTER_BOUND('',#331,.T.);
#197=FACE_OUTER_BOUND('',#332,.T.);
#198=FACE_OUTER_BOUND('',#333,.T.);
#199=FACE_OUTER_BOUND('',#334,.T.);
#200=FACE_OUTER_BOUND('',#335,.T.);
#201=FACE_OUTER_BOUND('',#336,.T.);
#202=FACE_OUTER_BOUND('',#338,.T.);
#203=FACE_OUTER_BOUND('',#339,.T.);
#204=FACE_OUTER_BOUND('',#340,.T.);
#205=FACE_OUTER_BOUND('',#341,.T.);
#206=FACE_OUTER_BOUND('',#342,.T.);
#207=EDGE_LOOP('',(#1382,#1383,#1384,#1385));
#208=EDGE_LOOP('',(#1386,#1387,#1388,#1389));
#209=EDGE_LOOP('',(#1390,#1391,#1392,#1393));
#210=EDGE_LOOP('',(#1394,#1395,#1396));
#211=EDGE_LOOP('',(#1397,#1398,#1399,#1400,#1401));
#212=EDGE_LOOP('',(#1402,#1403,#1404,#1405,#1406));
#213=EDGE_LOOP('',(#1407,#1408,#1409,#1410,#1411));
#214=EDGE_LOOP('',(#1412,#1413,#1414,#1415,#1416));
#215=EDGE_LOOP('',(#1417,#1418,#1419,#1420,#1421));
#216=EDGE_LOOP('',(#1422,#1423,#1424,#1425,#1426));
#217=EDGE_LOOP('',(#1427,#1428,#1429,#1430,#1431));
#218=EDGE_LOOP('',(#1432,#1433,#1434,#1435,#1436));
#219=EDGE_LOOP('',(#1437,#1438,#1439,#1440));
#220=EDGE_LOOP('',(#1441,#1442,#1443,#1444));
#221=EDGE_LOOP('',(#1445,#1446,#1447,#1448));
#222=EDGE_LOOP('',(#1449,#1450,#1451,#1452));
#223=EDGE_LOOP('',(#1453,#1454,#1455,#1456));
#224=EDGE_LOOP('',(#1457,#1458,#1459,#1460));
#225=EDGE_LOOP('',(#1461,#1462,#1463,#1464));
#226=EDGE_LOOP('',(#1465));
#227=EDGE_LOOP('',(#1466,#1467,#1468,#1469,#1470,#1471,#1472,#1473,#1474,
#1475,#1476,#1477,#1478,#1479,#1480,#1481,#1482));
#228=EDGE_LOOP('',(#1483,#1484,#1485,#1486));
#229=EDGE_LOOP('',(#1487,#1488,#1489,#1490));
#230=EDGE_LOOP('',(#1491,#1492,#1493,#1494));
#231=EDGE_LOOP('',(#1495,#1496,#1497,#1498));
#232=EDGE_LOOP('',(#1499,#1500,#1501,#1502));
#233=EDGE_LOOP('',(#1503,#1504,#1505,#1506));
#234=EDGE_LOOP('',(#1507,#1508,#1509,#1510));
#235=EDGE_LOOP('',(#1511,#1512,#1513,#1514,#1515,#1516,#1517,#1518,#1519,
#1520,#1521));
#236=EDGE_LOOP('',(#1522,#1523,#1524,#1525));
#237=EDGE_LOOP('',(#1526,#1527,#1528,#1529));
#238=EDGE_LOOP('',(#1530,#1531,#1532,#1533,#1534,#1535,#1536));
#239=EDGE_LOOP('',(#1537,#1538,#1539,#1540,#1541,#1542,#1543));
#240=EDGE_LOOP('',(#1544,#1545,#1546,#1547));
#241=EDGE_LOOP('',(#1548,#1549,#1550,#1551));
#242=EDGE_LOOP('',(#1552,#1553,#1554,#1555));
#243=EDGE_LOOP('',(#1556,#1557,#1558,#1559));
#244=EDGE_LOOP('',(#1560,#1561,#1562,#1563));
#245=EDGE_LOOP('',(#1564,#1565,#1566,#1567));
#246=EDGE_LOOP('',(#1568,#1569,#1570,#1571));
#247=EDGE_LOOP('',(#1572,#1573,#1574,#1575));
#248=EDGE_LOOP('',(#1576,#1577,#1578,#1579));
#249=EDGE_LOOP('',(#1580,#1581,#1582,#1583));
#250=EDGE_LOOP('',(#1584,#1585,#1586,#1587));
#251=EDGE_LOOP('',(#1588,#1589,#1590,#1591));
#252=EDGE_LOOP('',(#1592,#1593,#1594,#1595));
#253=EDGE_LOOP('',(#1596,#1597,#1598,#1599));
#254=EDGE_LOOP('',(#1600,#1601,#1602,#1603));
#255=EDGE_LOOP('',(#1604,#1605,#1606,#1607));
#256=EDGE_LOOP('',(#1608,#1609,#1610,#1611));
#257=EDGE_LOOP('',(#1612,#1613,#1614,#1615));
#258=EDGE_LOOP('',(#1616,#1617,#1618,#1619));
#259=EDGE_LOOP('',(#1620,#1621,#1622,#1623));
#260=EDGE_LOOP('',(#1624,#1625,#1626,#1627));
#261=EDGE_LOOP('',(#1628,#1629,#1630,#1631));
#262=EDGE_LOOP('',(#1632,#1633,#1634,#1635));
#263=EDGE_LOOP('',(#1636,#1637,#1638,#1639));
#264=EDGE_LOOP('',(#1640,#1641,#1642,#1643));
#265=EDGE_LOOP('',(#1644,#1645,#1646,#1647));
#266=EDGE_LOOP('',(#1648,#1649,#1650,#1651));
#267=EDGE_LOOP('',(#1652,#1653,#1654,#1655));
#268=EDGE_LOOP('',(#1656,#1657,#1658,#1659));
#269=EDGE_LOOP('',(#1660,#1661,#1662,#1663));
#270=EDGE_LOOP('',(#1664,#1665,#1666,#1667,#1668,#1669,#1670,#1671,#1672,
#1673,#1674,#1675));
#271=EDGE_LOOP('',(#1676,#1677,#1678,#1679));
#272=EDGE_LOOP('',(#1680));
#273=EDGE_LOOP('',(#1681));
#274=EDGE_LOOP('',(#1682,#1683,#1684,#1685));
#275=EDGE_LOOP('',(#1686));
#276=EDGE_LOOP('',(#1687));
#277=EDGE_LOOP('',(#1688,#1689,#1690,#1691));
#278=EDGE_LOOP('',(#1692,#1693,#1694,#1695));
#279=EDGE_LOOP('',(#1696,#1697,#1698,#1699));
#280=EDGE_LOOP('',(#1700,#1701,#1702,#1703,#1704,#1705,#1706,#1707,#1708,
#1709,#1710,#1711,#1712,#1713));
#281=EDGE_LOOP('',(#1714));
#282=EDGE_LOOP('',(#1715));
#283=EDGE_LOOP('',(#1716,#1717,#1718,#1719));
#284=EDGE_LOOP('',(#1720,#1721,#1722,#1723));
#285=EDGE_LOOP('',(#1724,#1725,#1726,#1727,#1728,#1729,#1730,#1731));
#286=EDGE_LOOP('',(#1732,#1733,#1734,#1735));
#287=EDGE_LOOP('',(#1736,#1737,#1738,#1739));
#288=EDGE_LOOP('',(#1740,#1741,#1742,#1743));
#289=EDGE_LOOP('',(#1744,#1745,#1746,#1747));
#290=EDGE_LOOP('',(#1748,#1749,#1750,#1751,#1752,#1753,#1754,#1755));
#291=EDGE_LOOP('',(#1756,#1757,#1758,#1759));
#292=EDGE_LOOP('',(#1760,#1761,#1762,#1763));
#293=EDGE_LOOP('',(#1764,#1765,#1766,#1767));
#294=EDGE_LOOP('',(#1768,#1769,#1770,#1771));
#295=EDGE_LOOP('',(#1772,#1773,#1774,#1775));
#296=EDGE_LOOP('',(#1776,#1777,#1778,#1779));
#297=EDGE_LOOP('',(#1780,#1781,#1782,#1783));
#298=EDGE_LOOP('',(#1784,#1785,#1786,#1787));
#299=EDGE_LOOP('',(#1788,#1789,#1790,#1791));
#300=EDGE_LOOP('',(#1792,#1793,#1794,#1795));
#301=EDGE_LOOP('',(#1796,#1797,#1798,#1799));
#302=EDGE_LOOP('',(#1800,#1801,#1802,#1803));
#303=EDGE_LOOP('',(#1804,#1805,#1806,#1807,#1808,#1809,#1810,#1811,#1812,
#1813,#1814,#1815));
#304=EDGE_LOOP('',(#1816,#1817,#1818,#1819,#1820,#1821));
#305=EDGE_LOOP('',(#1822,#1823,#1824,#1825,#1826,#1827));
#306=EDGE_LOOP('',(#1828,#1829,#1830,#1831,#1832,#1833));
#307=EDGE_LOOP('',(#1834));
#308=EDGE_LOOP('',(#1835));
#309=EDGE_LOOP('',(#1836,#1837,#1838,#1839));
#310=EDGE_LOOP('',(#1840,#1841,#1842,#1843));
#311=EDGE_LOOP('',(#1844,#1845,#1846,#1847,#1848));
#312=EDGE_LOOP('',(#1849,#1850,#1851,#1852,#1853));
#313=EDGE_LOOP('',(#1854,#1855,#1856,#1857,#1858));
#314=EDGE_LOOP('',(#1859,#1860,#1861,#1862,#1863));
#315=EDGE_LOOP('',(#1864,#1865,#1866,#1867,#1868));
#316=EDGE_LOOP('',(#1869,#1870,#1871,#1872,#1873));
#317=EDGE_LOOP('',(#1874,#1875,#1876,#1877,#1878));
#318=EDGE_LOOP('',(#1879,#1880,#1881,#1882,#1883));
#319=EDGE_LOOP('',(#1884,#1885,#1886,#1887));
#320=EDGE_LOOP('',(#1888,#1889,#1890,#1891));
#321=EDGE_LOOP('',(#1892,#1893,#1894,#1895));
#322=EDGE_LOOP('',(#1896,#1897,#1898,#1899));
#323=EDGE_LOOP('',(#1900,#1901,#1902,#1903));
#324=EDGE_LOOP('',(#1904,#1905,#1906,#1907));
#325=EDGE_LOOP('',(#1908,#1909,#1910,#1911));
#326=EDGE_LOOP('',(#1912,#1913,#1914,#1915));
#327=EDGE_LOOP('',(#1916,#1917,#1918,#1919));
#328=EDGE_LOOP('',(#1920,#1921,#1922,#1923));
#329=EDGE_LOOP('',(#1924,#1925,#1926,#1927));
#330=EDGE_LOOP('',(#1928,#1929,#1930,#1931));
#331=EDGE_LOOP('',(#1932,#1933,#1934,#1935));
#332=EDGE_LOOP('',(#1936,#1937,#1938,#1939,#1940,#1941,#1942,#1943,#1944,
#1945,#1946));
#333=EDGE_LOOP('',(#1947,#1948,#1949,#1950));
#334=EDGE_LOOP('',(#1951,#1952,#1953,#1954));
#335=EDGE_LOOP('',(#1955,#1956,#1957,#1958));
#336=EDGE_LOOP('',(#1959));
#337=EDGE_LOOP('',(#1960,#1961,#1962,#1963,#1964,#1965,#1966,#1967,#1968,
#1969,#1970,#1971,#1972,#1973,#1974,#1975,#1976));
#338=EDGE_LOOP('',(#1977,#1978,#1979,#1980,#1981,#1982,#1983,#1984));
#339=EDGE_LOOP('',(#1985,#1986,#1987,#1988,#1989,#1990,#1991,#1992,#1993));
#340=EDGE_LOOP('',(#1994,#1995,#1996,#1997,#1998,#1999));
#341=EDGE_LOOP('',(#2000,#2001,#2002,#2003));
#342=EDGE_LOOP('',(#2004,#2005,#2006,#2007));
#343=CIRCLE('',#2235,1.5);
#344=CIRCLE('',#2236,2.15);
#345=CIRCLE('',#2240,1.5);
#346=CIRCLE('',#2250,0.75);
#347=CIRCLE('',#2251,0.75);
#348=CIRCLE('',#2253,0.75);
#349=CIRCLE('',#2254,0.75);
#350=CIRCLE('',#2256,0.75);
#351=CIRCLE('',#2257,0.75);
#352=CIRCLE('',#2259,0.95);
#353=CIRCLE('',#2261,0.95);
#354=CIRCLE('',#2263,0.95);
#355=CIRCLE('',#2265,0.75);
#356=CIRCLE('',#2266,0.95);
#357=CIRCLE('',#2268,2.15);
#358=CIRCLE('',#2269,1.95);
#359=CIRCLE('',#2270,0.75);
#360=CIRCLE('',#2271,1.95);
#361=CIRCLE('',#2272,0.75);
#362=CIRCLE('',#2273,1.95);
#363=CIRCLE('',#2274,0.75);
#364=CIRCLE('',#2275,1.95);
#365=CIRCLE('',#2276,0.75);
#366=CIRCLE('',#2277,0.75);
#367=CIRCLE('',#2279,1.95);
#368=CIRCLE('',#2281,1.95);
#369=CIRCLE('',#2283,1.95);
#370=CIRCLE('',#2284,1.95);
#371=CIRCLE('',#2286,0.75);
#372=CIRCLE('',#2290,1.5);
#373=CIRCLE('',#2292,2.15);
#374=CIRCLE('',#2295,2.15);
#375=CIRCLE('',#2296,2.15);
#376=CIRCLE('',#2298,2.15);
#377=CIRCLE('',#2299,2.15);
#378=CIRCLE('',#2329,3.);
#379=CIRCLE('',#2330,3.);
#380=CIRCLE('',#2333,3.);
#381=CIRCLE('',#2334,3.);
#382=CIRCLE('',#2360,1.5);
#383=CIRCLE('',#2361,2.15);
#384=CIRCLE('',#2363,1.5);
#385=CIRCLE('',#2364,1.5);
#386=CIRCLE('',#2374,0.75);
#387=CIRCLE('',#2375,0.75);
#388=CIRCLE('',#2377,0.75);
#389=CIRCLE('',#2378,0.75);
#390=CIRCLE('',#2380,0.75);
#391=CIRCLE('',#2381,0.75);
#392=CIRCLE('',#2383,0.95);
#393=CIRCLE('',#2385,0.95);
#394=CIRCLE('',#2387,0.95);
#395=CIRCLE('',#2389,1.95);
#396=CIRCLE('',#2390,1.95);
#397=CIRCLE('',#2392,1.95);
#398=CIRCLE('',#2393,1.95);
#399=CIRCLE('',#2395,1.95);
#400=CIRCLE('',#2396,1.95);
#401=CIRCLE('',#2397,0.95);
#402=CIRCLE('',#2398,1.95);
#403=CIRCLE('',#2400,0.75);
#404=CIRCLE('',#2401,0.75);
#405=CIRCLE('',#2402,0.75);
#406=CIRCLE('',#2403,0.75);
#407=CIRCLE('',#2404,0.75);
#408=CIRCLE('',#2405,0.75);
#409=CIRCLE('',#2407,0.75);
#410=CIRCLE('',#2409,1.95);
#411=CIRCLE('',#2412,2.15);
#412=CIRCLE('',#2414,2.15);
#413=CIRCLE('',#2415,2.15);
#414=CIRCLE('',#2417,1.5);
#415=CIRCLE('',#2418,1.5);
#416=LINE('',#3028,#640);
#417=LINE('',#3032,#641);
#418=LINE('',#3036,#642);
#419=LINE('',#3038,#643);
#420=LINE('',#3039,#644);
#421=LINE('',#3042,#645);
#422=LINE('',#3044,#646);
#423=LINE('',#3045,#647);
#424=LINE('',#3049,#648);
#425=LINE('',#3054,#649);
#426=LINE('',#3056,#650);
#427=LINE('',#3058,#651);
#428=LINE('',#3060,#652);
#429=LINE('',#3074,#653);
#430=LINE('',#3076,#654);
#431=LINE('',#3078,#655);
#432=LINE('',#3090,#656);
#433=LINE('',#3094,#657);
#434=LINE('',#3096,#658);
#435=LINE('',#3098,#659);
#436=LINE('',#3110,#660);
#437=LINE('',#3114,#661);
#438=LINE('',#3116,#662);
#439=LINE('',#3118,#663);
#440=LINE('',#3130,#664);
#441=LINE('',#3134,#665);
#442=LINE('',#3136,#666);
#443=LINE('',#3138,#667);
#444=LINE('',#3150,#668);
#445=LINE('',#3154,#669);
#446=LINE('',#3156,#670);
#447=LINE('',#3169,#671);
#448=LINE('',#3170,#672);
#449=LINE('',#3174,#673);
#450=LINE('',#3176,#674);
#451=LINE('',#3189,#675);
#452=LINE('',#3190,#676);
#453=LINE('',#3194,#677);
#454=LINE('',#3196,#678);
#455=LINE('',#3209,#679);
#456=LINE('',#3210,#680);
#457=LINE('',#3287,#681);
#458=LINE('',#3293,#682);
#459=LINE('',#3296,#683);
#460=LINE('',#3302,#684);
#461=LINE('',#3308,#685);
#462=LINE('',#3313,#686);
#463=LINE('',#3315,#687);
#464=LINE('',#3317,#688);
#465=LINE('',#3318,#689);
#466=LINE('',#3321,#690);
#467=LINE('',#3323,#691);
#468=LINE('',#3324,#692);
#469=LINE('',#3327,#693);
#470=LINE('',#3329,#694);
#471=LINE('',#3330,#695);
#472=LINE('',#3332,#696);
#473=LINE('',#3333,#697);
#474=LINE('',#3338,#698);
#475=LINE('',#3340,#699);
#476=LINE('',#3342,#700);
#477=LINE('',#3343,#701);
#478=LINE('',#3346,#702);
#479=LINE('',#3348,#703);
#480=LINE('',#3349,#704);
#481=LINE('',#3352,#705);
#482=LINE('',#3354,#706);
#483=LINE('',#3355,#707);
#484=LINE('',#3357,#708);
#485=LINE('',#3358,#709);
#486=LINE('',#3363,#710);
#487=LINE('',#3365,#711);
#488=LINE('',#3367,#712);
#489=LINE('',#3368,#713);
#490=LINE('',#3371,#714);
#491=LINE('',#3373,#715);
#492=LINE('',#3374,#716);
#493=LINE('',#3377,#717);
#494=LINE('',#3379,#718);
#495=LINE('',#3380,#719);
#496=LINE('',#3382,#720);
#497=LINE('',#3383,#721);
#498=LINE('',#3388,#722);
#499=LINE('',#3390,#723);
#500=LINE('',#3392,#724);
#501=LINE('',#3393,#725);
#502=LINE('',#3396,#726);
#503=LINE('',#3398,#727);
#504=LINE('',#3399,#728);
#505=LINE('',#3402,#729);
#506=LINE('',#3404,#730);
#507=LINE('',#3405,#731);
#508=LINE('',#3408,#732);
#509=LINE('',#3410,#733);
#510=LINE('',#3411,#734);
#511=LINE('',#3414,#735);
#512=LINE('',#3416,#736);
#513=LINE('',#3417,#737);
#514=LINE('',#3420,#738);
#515=LINE('',#3422,#739);
#516=LINE('',#3423,#740);
#517=LINE('',#3426,#741);
#518=LINE('',#3428,#742);
#519=LINE('',#3429,#743);
#520=LINE('',#3432,#744);
#521=LINE('',#3434,#745);
#522=LINE('',#3435,#746);
#523=LINE('',#3438,#747);
#524=LINE('',#3440,#748);
#525=LINE('',#3441,#749);
#526=LINE('',#3444,#750);
#527=LINE('',#3446,#751);
#528=LINE('',#3447,#752);
#529=LINE('',#3450,#753);
#530=LINE('',#3452,#754);
#531=LINE('',#3453,#755);
#532=LINE('',#3455,#756);
#533=LINE('',#3456,#757);
#534=LINE('',#3462,#758);
#535=LINE('',#3469,#759);
#536=LINE('',#3475,#760);
#537=LINE('',#3477,#761);
#538=LINE('',#3479,#762);
#539=LINE('',#3480,#763);
#540=LINE('',#3484,#764);
#541=LINE('',#3486,#765);
#542=LINE('',#3488,#766);
#543=LINE('',#3489,#767);
#544=LINE('',#3491,#768);
#545=LINE('',#3492,#769);
#546=LINE('',#3495,#770);
#547=LINE('',#3497,#771);
#548=LINE('',#3499,#772);
#549=LINE('',#3501,#773);
#550=LINE('',#3503,#774);
#551=LINE('',#3505,#775);
#552=LINE('',#3506,#776);
#553=LINE('',#3508,#777);
#554=LINE('',#3510,#778);
#555=LINE('',#3512,#779);
#556=LINE('',#3514,#780);
#557=LINE('',#3515,#781);
#558=LINE('',#3518,#782);
#559=LINE('',#3520,#783);
#560=LINE('',#3521,#784);
#561=LINE('',#3524,#785);
#562=LINE('',#3525,#786);
#563=LINE('',#3528,#787);
#564=LINE('',#3529,#788);
#565=LINE('',#3531,#789);
#566=LINE('',#3536,#790);
#567=LINE('',#3537,#791);
#568=LINE('',#3538,#792);
#569=LINE('',#3541,#793);
#570=LINE('',#3542,#794);
#571=LINE('',#3545,#795);
#572=LINE('',#3546,#796);
#573=LINE('',#3549,#797);
#574=LINE('',#3550,#798);
#575=LINE('',#3553,#799);
#576=LINE('',#3554,#800);
#577=LINE('',#3556,#801);
#578=LINE('',#3560,#802);
#579=LINE('',#3562,#803);
#580=LINE('',#3564,#804);
#581=LINE('',#3565,#805);
#582=LINE('',#3568,#806);
#583=LINE('',#3570,#807);
#584=LINE('',#3571,#808);
#585=LINE('',#3574,#809);
#586=LINE('',#3576,#810);
#587=LINE('',#3577,#811);
#588=LINE('',#3580,#812);
#589=LINE('',#3582,#813);
#590=LINE('',#3583,#814);
#591=LINE('',#3586,#815);
#592=LINE('',#3588,#816);
#593=LINE('',#3589,#817);
#594=LINE('',#3591,#818);
#595=LINE('',#3592,#819);
#596=LINE('',#3598,#820);
#597=LINE('',#3602,#821);
#598=LINE('',#3607,#822);
#599=LINE('',#3614,#823);
#600=LINE('',#3616,#824);
#601=LINE('',#3618,#825);
#602=LINE('',#3630,#826);
#603=LINE('',#3634,#827);
#604=LINE('',#3636,#828);
#605=LINE('',#3638,#829);
#606=LINE('',#3640,#830);
#607=LINE('',#3654,#831);
#608=LINE('',#3656,#832);
#609=LINE('',#3658,#833);
#610=LINE('',#3670,#834);
#611=LINE('',#3674,#835);
#612=LINE('',#3676,#836);
#613=LINE('',#3678,#837);
#614=LINE('',#3690,#838);
#615=LINE('',#3694,#839);
#616=LINE('',#3696,#840);
#617=LINE('',#3698,#841);
#618=LINE('',#3710,#842);
#619=LINE('',#3714,#843);
#620=LINE('',#3716,#844);
#621=LINE('',#3729,#845);
#622=LINE('',#3730,#846);
#623=LINE('',#3734,#847);
#624=LINE('',#3736,#848);
#625=LINE('',#3749,#849);
#626=LINE('',#3750,#850);
#627=LINE('',#3754,#851);
#628=LINE('',#3756,#852);
#629=LINE('',#3769,#853);
#630=LINE('',#3770,#854);
#631=LINE('',#3836,#855);
#632=LINE('',#3853,#856);
#633=LINE('',#3856,#857);
#634=LINE('',#3859,#858);
#635=LINE('',#3862,#859);
#636=LINE('',#3865,#860);
#637=LINE('',#3868,#861);
#638=LINE('',#3870,#862);
#639=LINE('',#3871,#863);
#640=VECTOR('',#2426,10.);
#641=VECTOR('',#2429,10.);
#642=VECTOR('',#2434,10.);
#643=VECTOR('',#2435,10.);
#644=VECTOR('',#2436,10.);
#645=VECTOR('',#2439,10.);
#646=VECTOR('',#2440,10.);
#647=VECTOR('',#2441,10.);
#648=VECTOR('',#2444,0.75);
#649=VECTOR('',#2449,10.);
#650=VECTOR('',#2450,10.);
#651=VECTOR('',#2451,10.);
#652=VECTOR('',#2452,10.);
#653=VECTOR('',#2455,10.);
#654=VECTOR('',#2456,10.);
#655=VECTOR('',#2457,10.);
#656=VECTOR('',#2458,10.);
#657=VECTOR('',#2461,10.);
#658=VECTOR('',#2462,10.);
#659=VECTOR('',#2463,10.);
#660=VECTOR('',#2464,10.);
#661=VECTOR('',#2467,10.);
#662=VECTOR('',#2468,10.);
#663=VECTOR('',#2469,10.);
#664=VECTOR('',#2470,10.);
#665=VECTOR('',#2473,10.);
#666=VECTOR('',#2474,10.);
#667=VECTOR('',#2475,10.);
#668=VECTOR('',#2476,10.);
#669=VECTOR('',#2479,10.);
#670=VECTOR('',#2480,10.);
#671=VECTOR('',#2481,10.);
#672=VECTOR('',#2482,10.);
#673=VECTOR('',#2485,10.);
#674=VECTOR('',#2486,10.);
#675=VECTOR('',#2487,10.);
#676=VECTOR('',#2488,10.);
#677=VECTOR('',#2491,10.);
#678=VECTOR('',#2492,10.);
#679=VECTOR('',#2493,10.);
#680=VECTOR('',#2494,10.);
#681=VECTOR('',#2569,0.375);
#682=VECTOR('',#2580,1.5);
#683=VECTOR('',#2585,2.15);
#684=VECTOR('',#2592,2.15);
#685=VECTOR('',#2599,2.15);
#686=VECTOR('',#2604,10.);
#687=VECTOR('',#2605,10.);
#688=VECTOR('',#2606,10.);
#689=VECTOR('',#2607,10.);
#690=VECTOR('',#2610,10.);
#691=VECTOR('',#2611,10.);
#692=VECTOR('',#2612,10.);
#693=VECTOR('',#2615,10.);
#694=VECTOR('',#2616,10.);
#695=VECTOR('',#2617,10.);
#696=VECTOR('',#2620,10.);
#697=VECTOR('',#2621,10.);
#698=VECTOR('',#2626,10.);
#699=VECTOR('',#2627,10.);
#700=VECTOR('',#2628,10.);
#701=VECTOR('',#2629,10.);
#702=VECTOR('',#2632,10.);
#703=VECTOR('',#2633,10.);
#704=VECTOR('',#2634,10.);
#705=VECTOR('',#2637,10.);
#706=VECTOR('',#2638,10.);
#707=VECTOR('',#2639,10.);
#708=VECTOR('',#2642,10.);
#709=VECTOR('',#2643,10.);
#710=VECTOR('',#2648,10.);
#711=VECTOR('',#2649,10.);
#712=VECTOR('',#2650,10.);
#713=VECTOR('',#2651,10.);
#714=VECTOR('',#2654,10.);
#715=VECTOR('',#2655,10.);
#716=VECTOR('',#2656,10.);
#717=VECTOR('',#2659,10.);
#718=VECTOR('',#2660,10.);
#719=VECTOR('',#2661,10.);
#720=VECTOR('',#2664,10.);
#721=VECTOR('',#2665,10.);
#722=VECTOR('',#2670,10.);
#723=VECTOR('',#2671,10.);
#724=VECTOR('',#2672,10.);
#725=VECTOR('',#2673,10.);
#726=VECTOR('',#2676,10.);
#727=VECTOR('',#2677,10.);
#728=VECTOR('',#2678,10.);
#729=VECTOR('',#2681,10.);
#730=VECTOR('',#2682,10.);
#731=VECTOR('',#2683,10.);
#732=VECTOR('',#2686,10.);
#733=VECTOR('',#2687,10.);
#734=VECTOR('',#2688,10.);
#735=VECTOR('',#2691,10.);
#736=VECTOR('',#2692,10.);
#737=VECTOR('',#2693,10.);
#738=VECTOR('',#2696,10.);
#739=VECTOR('',#2697,10.);
#740=VECTOR('',#2698,10.);
#741=VECTOR('',#2701,10.);
#742=VECTOR('',#2702,10.);
#743=VECTOR('',#2703,10.);
#744=VECTOR('',#2706,10.);
#745=VECTOR('',#2707,10.);
#746=VECTOR('',#2708,10.);
#747=VECTOR('',#2711,10.);
#748=VECTOR('',#2712,10.);
#749=VECTOR('',#2713,10.);
#750=VECTOR('',#2716,10.);
#751=VECTOR('',#2717,10.);
#752=VECTOR('',#2718,10.);
#753=VECTOR('',#2721,10.);
#754=VECTOR('',#2722,10.);
#755=VECTOR('',#2723,10.);
#756=VECTOR('',#2726,10.);
#757=VECTOR('',#2727,10.);
#758=VECTOR('',#2734,3.);
#759=VECTOR('',#2743,3.);
#760=VECTOR('',#2750,10.);
#761=VECTOR('',#2751,10.);
#762=VECTOR('',#2752,10.);
#763=VECTOR('',#2753,10.);
#764=VECTOR('',#2756,10.);
#765=VECTOR('',#2757,10.);
#766=VECTOR('',#2758,10.);
#767=VECTOR('',#2759,10.);
#768=VECTOR('',#2762,10.);
#769=VECTOR('',#2763,10.);
#770=VECTOR('',#2766,10.);
#771=VECTOR('',#2767,10.);
#772=VECTOR('',#2768,10.);
#773=VECTOR('',#2769,10.);
#774=VECTOR('',#2770,10.);
#775=VECTOR('',#2771,10.);
#776=VECTOR('',#2772,10.);
#777=VECTOR('',#2773,10.);
#778=VECTOR('',#2774,10.);
#779=VECTOR('',#2775,10.);
#780=VECTOR('',#2776,10.);
#781=VECTOR('',#2777,10.);
#782=VECTOR('',#2780,10.);
#783=VECTOR('',#2781,10.);
#784=VECTOR('',#2782,10.);
#785=VECTOR('',#2785,10.);
#786=VECTOR('',#2786,10.);
#787=VECTOR('',#2789,10.);
#788=VECTOR('',#2790,10.);
#789=VECTOR('',#2793,10.);
#790=VECTOR('',#2798,10.);
#791=VECTOR('',#2799,10.);
#792=VECTOR('',#2800,10.);
#793=VECTOR('',#2803,10.);
#794=VECTOR('',#2804,10.);
#795=VECTOR('',#2807,10.);
#796=VECTOR('',#2808,10.);
#797=VECTOR('',#2811,10.);
#798=VECTOR('',#2812,10.);
#799=VECTOR('',#2815,10.);
#800=VECTOR('',#2816,10.);
#801=VECTOR('',#2819,10.);
#802=VECTOR('',#2822,10.);
#803=VECTOR('',#2823,10.);
#804=VECTOR('',#2824,10.);
#805=VECTOR('',#2825,10.);
#806=VECTOR('',#2828,10.);
#807=VECTOR('',#2829,10.);
#808=VECTOR('',#2830,10.);
#809=VECTOR('',#2833,10.);
#810=VECTOR('',#2834,10.);
#811=VECTOR('',#2835,10.);
#812=VECTOR('',#2838,10.);
#813=VECTOR('',#2839,10.);
#814=VECTOR('',#2840,10.);
#815=VECTOR('',#2843,10.);
#816=VECTOR('',#2844,10.);
#817=VECTOR('',#2845,10.);
#818=VECTOR('',#2848,10.);
#819=VECTOR('',#2849,10.);
#820=VECTOR('',#2856,10.);
#821=VECTOR('',#2859,10.);
#822=VECTOR('',#2864,0.75);
#823=VECTOR('',#2871,10.);
#824=VECTOR('',#2872,10.);
#825=VECTOR('',#2873,10.);
#826=VECTOR('',#2874,10.);
#827=VECTOR('',#2877,10.);
#828=VECTOR('',#2878,10.);
#829=VECTOR('',#2879,10.);
#830=VECTOR('',#2880,10.);
#831=VECTOR('',#2883,10.);
#832=VECTOR('',#2884,10.);
#833=VECTOR('',#2885,10.);
#834=VECTOR('',#2886,10.);
#835=VECTOR('',#2889,10.);
#836=VECTOR('',#2890,10.);
#837=VECTOR('',#2891,10.);
#838=VECTOR('',#2892,10.);
#839=VECTOR('',#2895,10.);
#840=VECTOR('',#2896,10.);
#841=VECTOR('',#2897,10.);
#842=VECTOR('',#2898,10.);
#843=VECTOR('',#2901,10.);
#844=VECTOR('',#2902,10.);
#845=VECTOR('',#2903,10.);
#846=VECTOR('',#2904,10.);
#847=VECTOR('',#2907,10.);
#848=VECTOR('',#2908,10.);
#849=VECTOR('',#2909,10.);
#850=VECTOR('',#2910,10.);
#851=VECTOR('',#2913,10.);
#852=VECTOR('',#2914,10.);
#853=VECTOR('',#2915,10.);
#854=VECTOR('',#2916,10.);
#855=VECTOR('',#2971,0.375);
#856=VECTOR('',#3000,10.);
#857=VECTOR('',#3003,2.15);
#858=VECTOR('',#3006,10.);
#859=VECTOR('',#3009,10.);
#860=VECTOR('',#3012,1.5);
#861=VECTOR('',#3015,10.);
#862=VECTOR('',#3018,10.);
#863=VECTOR('',#3019,10.);
#864=VERTEX_POINT('',#3026);
#865=VERTEX_POINT('',#3027);
#866=VERTEX_POINT('',#3029);
#867=VERTEX_POINT('',#3031);
#868=VERTEX_POINT('',#3035);
#869=VERTEX_POINT('',#3037);
#870=VERTEX_POINT('',#3041);
#871=VERTEX_POINT('',#3043);
#872=VERTEX_POINT('',#3047);
#873=VERTEX_POINT('',#3048);
#874=VERTEX_POINT('',#3052);
#875=VERTEX_POINT('',#3053);
#876=VERTEX_POINT('',#3055);
#877=VERTEX_POINT('',#3057);
#878=VERTEX_POINT('',#3059);
#879=VERTEX_POINT('',#3072);
#880=VERTEX_POINT('',#3073);
#881=VERTEX_POINT('',#3075);
#882=VERTEX_POINT('',#3077);
#883=VERTEX_POINT('',#3079);
#884=VERTEX_POINT('',#3092);
#885=VERTEX_POINT('',#3093);
#886=VERTEX_POINT('',#3095);
#887=VERTEX_POINT('',#3097);
#888=VERTEX_POINT('',#3099);
#889=VERTEX_POINT('',#3112);
#890=VERTEX_POINT('',#3113);
#891=VERTEX_POINT('',#3115);
#892=VERTEX_POINT('',#3117);
#893=VERTEX_POINT('',#3119);
#894=VERTEX_POINT('',#3132);
#895=VERTEX_POINT('',#3133);
#896=VERTEX_POINT('',#3135);
#897=VERTEX_POINT('',#3137);
#898=VERTEX_POINT('',#3139);
#899=VERTEX_POINT('',#3152);
#900=VERTEX_POINT('',#3153);
#901=VERTEX_POINT('',#3155);
#902=VERTEX_POINT('',#3157);
#903=VERTEX_POINT('',#3168);
#904=VERTEX_POINT('',#3172);
#905=VERTEX_POINT('',#3173);
#906=VERTEX_POINT('',#3175);
#907=VERTEX_POINT('',#3177);
#908=VERTEX_POINT('',#3188);
#909=VERTEX_POINT('',#3192);
#910=VERTEX_POINT('',#3193);
#911=VERTEX_POINT('',#3195);
#912=VERTEX_POINT('',#3197);
#913=VERTEX_POINT('',#3208);
#914=VERTEX_POINT('',#3230);
#915=VERTEX_POINT('',#3239);
#916=VERTEX_POINT('',#3286);
#917=VERTEX_POINT('',#3299);
#918=VERTEX_POINT('',#3301);
#919=VERTEX_POINT('',#3305);
#920=VERTEX_POINT('',#3307);
#921=VERTEX_POINT('',#3311);
#922=VERTEX_POINT('',#3312);
#923=VERTEX_POINT('',#3314);
#924=VERTEX_POINT('',#3316);
#925=VERTEX_POINT('',#3320);
#926=VERTEX_POINT('',#3322);
#927=VERTEX_POINT('',#3326);
#928=VERTEX_POINT('',#3328);
#929=VERTEX_POINT('',#3336);
#930=VERTEX_POINT('',#3337);
#931=VERTEX_POINT('',#3339);
#932=VERTEX_POINT('',#3341);
#933=VERTEX_POINT('',#3345);
#934=VERTEX_POINT('',#3347);
#935=VERTEX_POINT('',#3351);
#936=VERTEX_POINT('',#3353);
#937=VERTEX_POINT('',#3361);
#938=VERTEX_POINT('',#3362);
#939=VERTEX_POINT('',#3364);
#940=VERTEX_POINT('',#3366);
#941=VERTEX_POINT('',#3370);
#942=VERTEX_POINT('',#3372);
#943=VERTEX_POINT('',#3376);
#944=VERTEX_POINT('',#3378);
#945=VERTEX_POINT('',#3386);
#946=VERTEX_POINT('',#3387);
#947=VERTEX_POINT('',#3389);
#948=VERTEX_POINT('',#3391);
#949=VERTEX_POINT('',#3395);
#950=VERTEX_POINT('',#3397);
#951=VERTEX_POINT('',#3401);
#952=VERTEX_POINT('',#3403);
#953=VERTEX_POINT('',#3407);
#954=VERTEX_POINT('',#3409);
#955=VERTEX_POINT('',#3413);
#956=VERTEX_POINT('',#3415);
#957=VERTEX_POINT('',#3419);
#958=VERTEX_POINT('',#3421);
#959=VERTEX_POINT('',#3425);
#960=VERTEX_POINT('',#3427);
#961=VERTEX_POINT('',#3431);
#962=VERTEX_POINT('',#3433);
#963=VERTEX_POINT('',#3437);
#964=VERTEX_POINT('',#3439);
#965=VERTEX_POINT('',#3443);
#966=VERTEX_POINT('',#3445);
#967=VERTEX_POINT('',#3449);
#968=VERTEX_POINT('',#3451);
#969=VERTEX_POINT('',#3459);
#970=VERTEX_POINT('',#3461);
#971=VERTEX_POINT('',#3466);
#972=VERTEX_POINT('',#3468);
#973=VERTEX_POINT('',#3473);
#974=VERTEX_POINT('',#3474);
#975=VERTEX_POINT('',#3476);
#976=VERTEX_POINT('',#3478);
#977=VERTEX_POINT('',#3482);
#978=VERTEX_POINT('',#3483);
#979=VERTEX_POINT('',#3485);
#980=VERTEX_POINT('',#3487);
#981=VERTEX_POINT('',#3494);
#982=VERTEX_POINT('',#3496);
#983=VERTEX_POINT('',#3498);
#984=VERTEX_POINT('',#3500);
#985=VERTEX_POINT('',#3502);
#986=VERTEX_POINT('',#3504);
#987=VERTEX_POINT('',#3507);
#988=VERTEX_POINT('',#3509);
#989=VERTEX_POINT('',#3511);
#990=VERTEX_POINT('',#3513);
#991=VERTEX_POINT('',#3517);
#992=VERTEX_POINT('',#3519);
#993=VERTEX_POINT('',#3523);
#994=VERTEX_POINT('',#3527);
#995=VERTEX_POINT('',#3534);
#996=VERTEX_POINT('',#3535);
#997=VERTEX_POINT('',#3540);
#998=VERTEX_POINT('',#3544);
#999=VERTEX_POINT('',#3548);
#1000=VERTEX_POINT('',#3552);
#1001=VERTEX_POINT('',#3558);
#1002=VERTEX_POINT('',#3559);
#1003=VERTEX_POINT('',#3561);
#1004=VERTEX_POINT('',#3563);
#1005=VERTEX_POINT('',#3567);
#1006=VERTEX_POINT('',#3569);
#1007=VERTEX_POINT('',#3573);
#1008=VERTEX_POINT('',#3575);
#1009=VERTEX_POINT('',#3579);
#1010=VERTEX_POINT('',#3581);
#1011=VERTEX_POINT('',#3585);
#1012=VERTEX_POINT('',#3587);
#1013=VERTEX_POINT('',#3596);
#1014=VERTEX_POINT('',#3597);
#1015=VERTEX_POINT('',#3599);
#1016=VERTEX_POINT('',#3601);
#1017=VERTEX_POINT('',#3605);
#1018=VERTEX_POINT('',#3606);
#1019=VERTEX_POINT('',#3608);
#1020=VERTEX_POINT('',#3612);
#1021=VERTEX_POINT('',#3613);
#1022=VERTEX_POINT('',#3615);
#1023=VERTEX_POINT('',#3617);
#1024=VERTEX_POINT('',#3619);
#1025=VERTEX_POINT('',#3632);
#1026=VERTEX_POINT('',#3633);
#1027=VERTEX_POINT('',#3635);
#1028=VERTEX_POINT('',#3637);
#1029=VERTEX_POINT('',#3639);
#1030=VERTEX_POINT('',#3652);
#1031=VERTEX_POINT('',#3653);
#1032=VERTEX_POINT('',#3655);
#1033=VERTEX_POINT('',#3657);
#1034=VERTEX_POINT('',#3659);
#1035=VERTEX_POINT('',#3672);
#1036=VERTEX_POINT('',#3673);
#1037=VERTEX_POINT('',#3675);
#1038=VERTEX_POINT('',#3677);
#1039=VERTEX_POINT('',#3679);
#1040=VERTEX_POINT('',#3692);
#1041=VERTEX_POINT('',#3693);
#1042=VERTEX_POINT('',#3695);
#1043=VERTEX_POINT('',#3697);
#1044=VERTEX_POINT('',#3699);
#1045=VERTEX_POINT('',#3712);
#1046=VERTEX_POINT('',#3713);
#1047=VERTEX_POINT('',#3715);
#1048=VERTEX_POINT('',#3717);
#1049=VERTEX_POINT('',#3728);
#1050=VERTEX_POINT('',#3732);
#1051=VERTEX_POINT('',#3733);
#1052=VERTEX_POINT('',#3735);
#1053=VERTEX_POINT('',#3737);
#1054=VERTEX_POINT('',#3748);
#1055=VERTEX_POINT('',#3752);
#1056=VERTEX_POINT('',#3753);
#1057=VERTEX_POINT('',#3755);
#1058=VERTEX_POINT('',#3757);
#1059=VERTEX_POINT('',#3768);
#1060=VERTEX_POINT('',#3834);
#1061=VERTEX_POINT('',#3835);
#1062=VERTEX_POINT('',#3849);
#1063=VERTEX_POINT('',#3852);
#1064=VERTEX_POINT('',#3854);
#1065=VERTEX_POINT('',#3857);
#1066=VERTEX_POINT('',#3861);
#1067=VERTEX_POINT('',#3863);
#1068=VERTEX_POINT('',#3866);
#1069=EDGE_CURVE('',#864,#865,#416,.T.);
#1070=EDGE_CURVE('',#865,#866,#343,.T.);
#1071=EDGE_CURVE('',#866,#867,#417,.T.);
#1072=EDGE_CURVE('',#867,#864,#344,.T.);
#1073=EDGE_CURVE('',#865,#868,#418,.T.);
#1074=EDGE_CURVE('',#869,#864,#419,.T.);
#1075=EDGE_CURVE('',#868,#869,#420,.T.);
#1076=EDGE_CURVE('',#870,#866,#421,.T.);
#1077=EDGE_CURVE('',#871,#870,#422,.T.);
#1078=EDGE_CURVE('',#867,#871,#423,.T.);
#1079=EDGE_CURVE('',#872,#873,#424,.T.);
#1080=EDGE_CURVE('',#873,#873,#345,.T.);
#1081=EDGE_CURVE('',#874,#875,#425,.T.);
#1082=EDGE_CURVE('',#874,#876,#426,.T.);
#1083=EDGE_CURVE('',#877,#876,#427,.T.);
#1084=EDGE_CURVE('',#878,#877,#428,.T.);
#1085=EDGE_CURVE('',#875,#878,#64,.T.);
#1086=EDGE_CURVE('',#879,#880,#429,.T.);
#1087=EDGE_CURVE('',#879,#881,#430,.T.);
#1088=EDGE_CURVE('',#882,#881,#431,.T.);
#1089=EDGE_CURVE('',#883,#882,#65,.T.);
#1090=EDGE_CURVE('',#880,#883,#432,.T.);
#1091=EDGE_CURVE('',#884,#885,#433,.T.);
#1092=EDGE_CURVE('',#884,#886,#434,.T.);
#1093=EDGE_CURVE('',#887,#886,#435,.T.);
#1094=EDGE_CURVE('',#888,#887,#66,.T.);
#1095=EDGE_CURVE('',#885,#888,#436,.T.);
#1096=EDGE_CURVE('',#889,#890,#437,.T.);
#1097=EDGE_CURVE('',#889,#891,#438,.T.);
#1098=EDGE_CURVE('',#892,#891,#439,.T.);
#1099=EDGE_CURVE('',#893,#892,#67,.T.);
#1100=EDGE_CURVE('',#890,#893,#440,.T.);
#1101=EDGE_CURVE('',#894,#895,#441,.T.);
#1102=EDGE_CURVE('',#894,#896,#442,.T.);
#1103=EDGE_CURVE('',#897,#896,#443,.T.);
#1104=EDGE_CURVE('',#898,#897,#68,.T.);
#1105=EDGE_CURVE('',#895,#898,#444,.T.);
#1106=EDGE_CURVE('',#899,#900,#445,.T.);
#1107=EDGE_CURVE('',#901,#899,#446,.T.);
#1108=EDGE_CURVE('',#902,#901,#69,.T.);
#1109=EDGE_CURVE('',#903,#902,#447,.T.);
#1110=EDGE_CURVE('',#903,#900,#448,.T.);
#1111=EDGE_CURVE('',#904,#905,#449,.T.);
#1112=EDGE_CURVE('',#906,#904,#450,.T.);
#1113=EDGE_CURVE('',#907,#906,#70,.T.);
#1114=EDGE_CURVE('',#908,#907,#451,.T.);
#1115=EDGE_CURVE('',#908,#905,#452,.T.);
#1116=EDGE_CURVE('',#909,#910,#453,.T.);
#1117=EDGE_CURVE('',#911,#909,#454,.T.);
#1118=EDGE_CURVE('',#912,#911,#71,.T.);
#1119=EDGE_CURVE('',#913,#912,#455,.T.);
#1120=EDGE_CURVE('',#913,#910,#456,.T.);
#1121=EDGE_CURVE('',#909,#890,#346,.T.);
#1122=EDGE_CURVE('',#910,#889,#347,.T.);
#1123=EDGE_CURVE('',#904,#885,#348,.T.);
#1124=EDGE_CURVE('',#905,#884,#349,.T.);
#1125=EDGE_CURVE('',#899,#880,#350,.T.);
#1126=EDGE_CURVE('',#900,#879,#351,.T.);
#1127=EDGE_CURVE('',#911,#893,#352,.T.);
#1128=EDGE_CURVE('',#906,#888,#353,.T.);
#1129=EDGE_CURVE('',#901,#883,#354,.T.);
#1130=EDGE_CURVE('',#877,#895,#355,.T.);
#1131=EDGE_CURVE('',#878,#898,#356,.T.);
#1132=EDGE_CURVE('',#914,#914,#357,.T.);
#1133=EDGE_CURVE('',#874,#896,#358,.T.);
#1134=EDGE_CURVE('',#894,#910,#359,.T.);
#1135=EDGE_CURVE('',#913,#891,#360,.T.);
#1136=EDGE_CURVE('',#889,#905,#361,.T.);
#1137=EDGE_CURVE('',#908,#886,#362,.T.);
#1138=EDGE_CURVE('',#884,#900,#363,.T.);
#1139=EDGE_CURVE('',#903,#881,#364,.T.);
#1140=EDGE_CURVE('',#879,#915,#365,.T.);
#1141=EDGE_CURVE('',#915,#876,#366,.T.);
#1142=EDGE_CURVE('',#892,#912,#367,.T.);
#1143=EDGE_CURVE('',#887,#907,#368,.T.);
#1144=EDGE_CURVE('',#882,#902,#369,.T.);
#1145=EDGE_CURVE('',#897,#875,#370,.T.);
#1146=EDGE_CURVE('',#916,#915,#457,.T.);
#1147=EDGE_CURVE('',#876,#894,#371,.T.);
#1148=EDGE_CURVE('',#870,#868,#372,.T.);
#1149=EDGE_CURVE('',#868,#873,#458,.T.);
#1150=EDGE_CURVE('',#869,#871,#373,.T.);
#1151=EDGE_CURVE('',#869,#914,#459,.T.);
#1152=EDGE_CURVE('',#917,#917,#374,.T.);
#1153=EDGE_CURVE('',#917,#918,#460,.T.);
#1154=EDGE_CURVE('',#918,#918,#375,.T.);
#1155=EDGE_CURVE('',#919,#919,#376,.T.);
#1156=EDGE_CURVE('',#919,#920,#461,.T.);
#1157=EDGE_CURVE('',#920,#920,#377,.T.);
#1158=EDGE_CURVE('',#921,#922,#462,.T.);
#1159=EDGE_CURVE('',#921,#923,#463,.T.);
#1160=EDGE_CURVE('',#923,#924,#464,.T.);
#1161=EDGE_CURVE('',#922,#924,#465,.T.);
#1162=EDGE_CURVE('',#925,#921,#466,.T.);
#1163=EDGE_CURVE('',#925,#926,#467,.T.);
#1164=EDGE_CURVE('',#926,#923,#468,.T.);
#1165=EDGE_CURVE('',#927,#925,#469,.T.);
#1166=EDGE_CURVE('',#927,#928,#470,.T.);
#1167=EDGE_CURVE('',#928,#926,#471,.T.);
#1168=EDGE_CURVE('',#922,#927,#472,.T.);
#1169=EDGE_CURVE('',#924,#928,#473,.T.);
#1170=EDGE_CURVE('',#929,#930,#474,.T.);
#1171=EDGE_CURVE('',#929,#931,#475,.T.);
#1172=EDGE_CURVE('',#931,#932,#476,.T.);
#1173=EDGE_CURVE('',#930,#932,#477,.T.);
#1174=EDGE_CURVE('',#933,#929,#478,.T.);
#1175=EDGE_CURVE('',#933,#934,#479,.T.);
#1176=EDGE_CURVE('',#934,#931,#480,.T.);
#1177=EDGE_CURVE('',#935,#933,#481,.T.);
#1178=EDGE_CURVE('',#935,#936,#482,.T.);
#1179=EDGE_CURVE('',#936,#934,#483,.T.);
#1180=EDGE_CURVE('',#930,#935,#484,.T.);
#1181=EDGE_CURVE('',#932,#936,#485,.T.);
#1182=EDGE_CURVE('',#937,#938,#486,.T.);
#1183=EDGE_CURVE('',#937,#939,#487,.T.);
#1184=EDGE_CURVE('',#940,#939,#488,.T.);
#1185=EDGE_CURVE('',#938,#940,#489,.T.);
#1186=EDGE_CURVE('',#938,#941,#490,.T.);
#1187=EDGE_CURVE('',#942,#940,#491,.T.);
#1188=EDGE_CURVE('',#941,#942,#492,.T.);
#1189=EDGE_CURVE('',#941,#943,#493,.T.);
#1190=EDGE_CURVE('',#944,#942,#494,.T.);
#1191=EDGE_CURVE('',#943,#944,#495,.T.);
#1192=EDGE_CURVE('',#943,#937,#496,.T.);
#1193=EDGE_CURVE('',#939,#944,#497,.T.);
#1194=EDGE_CURVE('',#945,#946,#498,.T.);
#1195=EDGE_CURVE('',#945,#947,#499,.T.);
#1196=EDGE_CURVE('',#948,#947,#500,.T.);
#1197=EDGE_CURVE('',#946,#948,#501,.T.);
#1198=EDGE_CURVE('',#946,#949,#502,.T.);
#1199=EDGE_CURVE('',#950,#948,#503,.T.);
#1200=EDGE_CURVE('',#949,#950,#504,.T.);
#1201=EDGE_CURVE('',#949,#951,#505,.T.);
#1202=EDGE_CURVE('',#952,#950,#506,.T.);
#1203=EDGE_CURVE('',#951,#952,#507,.T.);
#1204=EDGE_CURVE('',#951,#953,#508,.T.);
#1205=EDGE_CURVE('',#954,#952,#509,.T.);
#1206=EDGE_CURVE('',#953,#954,#510,.T.);
#1207=EDGE_CURVE('',#953,#955,#511,.T.);
#1208=EDGE_CURVE('',#956,#954,#512,.T.);
#1209=EDGE_CURVE('',#955,#956,#513,.T.);
#1210=EDGE_CURVE('',#955,#957,#514,.T.);
#1211=EDGE_CURVE('',#958,#956,#515,.T.);
#1212=EDGE_CURVE('',#957,#958,#516,.T.);
#1213=EDGE_CURVE('',#957,#959,#517,.T.);
#1214=EDGE_CURVE('',#960,#958,#518,.T.);
#1215=EDGE_CURVE('',#959,#960,#519,.T.);
#1216=EDGE_CURVE('',#959,#961,#520,.T.);
#1217=EDGE_CURVE('',#962,#960,#521,.T.);
#1218=EDGE_CURVE('',#961,#962,#522,.T.);
#1219=EDGE_CURVE('',#961,#963,#523,.T.);
#1220=EDGE_CURVE('',#964,#962,#524,.T.);
#1221=EDGE_CURVE('',#963,#964,#525,.T.);
#1222=EDGE_CURVE('',#963,#965,#526,.T.);
#1223=EDGE_CURVE('',#966,#964,#527,.T.);
#1224=EDGE_CURVE('',#965,#966,#528,.T.);
#1225=EDGE_CURVE('',#965,#967,#529,.T.);
#1226=EDGE_CURVE('',#968,#966,#530,.T.);
#1227=EDGE_CURVE('',#967,#968,#531,.T.);
#1228=EDGE_CURVE('',#967,#945,#532,.T.);
#1229=EDGE_CURVE('',#947,#968,#533,.T.);
#1230=EDGE_CURVE('',#969,#969,#378,.T.);
#1231=EDGE_CURVE('',#969,#970,#534,.T.);
#1232=EDGE_CURVE('',#970,#970,#379,.T.);
#1233=EDGE_CURVE('',#971,#971,#380,.T.);
#1234=EDGE_CURVE('',#971,#972,#535,.T.);
#1235=EDGE_CURVE('',#972,#972,#381,.T.);
#1236=EDGE_CURVE('',#973,#974,#536,.T.);
#1237=EDGE_CURVE('',#975,#973,#537,.T.);
#1238=EDGE_CURVE('',#976,#975,#538,.T.);
#1239=EDGE_CURVE('',#974,#976,#539,.T.);
#1240=EDGE_CURVE('',#977,#978,#540,.T.);
#1241=EDGE_CURVE('',#977,#979,#541,.T.);
#1242=EDGE_CURVE('',#980,#979,#542,.T.);
#1243=EDGE_CURVE('',#978,#980,#543,.T.);
#1244=EDGE_CURVE('',#979,#976,#544,.T.);
#1245=EDGE_CURVE('',#980,#975,#545,.T.);
#1246=EDGE_CURVE('',#981,#978,#546,.T.);
#1247=EDGE_CURVE('',#982,#981,#547,.T.);
#1248=EDGE_CURVE('',#983,#982,#548,.T.);
#1249=EDGE_CURVE('',#984,#983,#549,.T.);
#1250=EDGE_CURVE('',#985,#984,#550,.T.);
#1251=EDGE_CURVE('',#986,#985,#551,.T.);
#1252=EDGE_CURVE('',#973,#986,#552,.T.);
#1253=EDGE_CURVE('',#974,#987,#553,.T.);
#1254=EDGE_CURVE('',#987,#988,#554,.T.);
#1255=EDGE_CURVE('',#988,#989,#555,.T.);
#1256=EDGE_CURVE('',#989,#990,#556,.T.);
#1257=EDGE_CURVE('',#990,#977,#557,.T.);
#1258=EDGE_CURVE('',#988,#991,#558,.T.);
#1259=EDGE_CURVE('',#991,#992,#559,.T.);
#1260=EDGE_CURVE('',#989,#992,#560,.T.);
#1261=EDGE_CURVE('',#987,#993,#561,.T.);
#1262=EDGE_CURVE('',#993,#991,#562,.T.);
#1263=EDGE_CURVE('',#990,#994,#563,.T.);
#1264=EDGE_CURVE('',#994,#993,#564,.T.);
#1265=EDGE_CURVE('',#992,#994,#565,.T.);
#1266=EDGE_CURVE('',#995,#996,#566,.T.);
#1267=EDGE_CURVE('',#995,#985,#567,.T.);
#1268=EDGE_CURVE('',#996,#984,#568,.T.);
#1269=EDGE_CURVE('',#997,#995,#569,.T.);
#1270=EDGE_CURVE('',#997,#986,#570,.T.);
#1271=EDGE_CURVE('',#998,#997,#571,.T.);
#1272=EDGE_CURVE('',#998,#981,#572,.T.);
#1273=EDGE_CURVE('',#999,#998,#573,.T.);
#1274=EDGE_CURVE('',#999,#982,#574,.T.);
#1275=EDGE_CURVE('',#1000,#999,#575,.T.);
#1276=EDGE_CURVE('',#1000,#983,#576,.T.);
#1277=EDGE_CURVE('',#996,#1000,#577,.T.);
#1278=EDGE_CURVE('',#1001,#1002,#578,.T.);
#1279=EDGE_CURVE('',#1001,#1003,#579,.T.);
#1280=EDGE_CURVE('',#1004,#1003,#580,.T.);
#1281=EDGE_CURVE('',#1002,#1004,#581,.T.);
#1282=EDGE_CURVE('',#1002,#1005,#582,.T.);
#1283=EDGE_CURVE('',#1006,#1004,#583,.T.);
#1284=EDGE_CURVE('',#1005,#1006,#584,.T.);
#1285=EDGE_CURVE('',#1007,#1005,#585,.T.);
#1286=EDGE_CURVE('',#1008,#1006,#586,.T.);
#1287=EDGE_CURVE('',#1007,#1008,#587,.T.);
#1288=EDGE_CURVE('',#1009,#1007,#588,.T.);
#1289=EDGE_CURVE('',#1010,#1008,#589,.T.);
#1290=EDGE_CURVE('',#1009,#1010,#590,.T.);
#1291=EDGE_CURVE('',#1011,#1009,#591,.T.);
#1292=EDGE_CURVE('',#1012,#1010,#592,.T.);
#1293=EDGE_CURVE('',#1011,#1012,#593,.T.);
#1294=EDGE_CURVE('',#1001,#1011,#594,.T.);
#1295=EDGE_CURVE('',#1003,#1012,#595,.T.);
#1296=EDGE_CURVE('',#1013,#1014,#596,.T.);
#1297=EDGE_CURVE('',#1013,#1015,#382,.T.);
#1298=EDGE_CURVE('',#1016,#1015,#597,.T.);
#1299=EDGE_CURVE('',#1016,#1014,#383,.T.);
#1300=EDGE_CURVE('',#1017,#1018,#598,.T.);
#1301=EDGE_CURVE('',#1019,#1018,#384,.T.);
#1302=EDGE_CURVE('',#1018,#1019,#385,.T.);
#1303=EDGE_CURVE('',#1020,#1021,#599,.T.);
#1304=EDGE_CURVE('',#1020,#1022,#600,.T.);
#1305=EDGE_CURVE('',#1023,#1022,#601,.T.);
#1306=EDGE_CURVE('',#1024,#1023,#72,.T.);
#1307=EDGE_CURVE('',#1021,#1024,#602,.T.);
#1308=EDGE_CURVE('',#1025,#1026,#603,.T.);
#1309=EDGE_CURVE('',#1025,#1027,#604,.T.);
#1310=EDGE_CURVE('',#1028,#1027,#605,.T.);
#1311=EDGE_CURVE('',#1029,#1028,#606,.T.);
#1312=EDGE_CURVE('',#1026,#1029,#73,.T.);
#1313=EDGE_CURVE('',#1030,#1031,#607,.T.);
#1314=EDGE_CURVE('',#1030,#1032,#608,.T.);
#1315=EDGE_CURVE('',#1033,#1032,#609,.T.);
#1316=EDGE_CURVE('',#1034,#1033,#74,.T.);
#1317=EDGE_CURVE('',#1031,#1034,#610,.T.);
#1318=EDGE_CURVE('',#1035,#1036,#611,.T.);
#1319=EDGE_CURVE('',#1035,#1037,#612,.T.);
#1320=EDGE_CURVE('',#1038,#1037,#613,.T.);
#1321=EDGE_CURVE('',#1039,#1038,#75,.T.);
#1322=EDGE_CURVE('',#1036,#1039,#614,.T.);
#1323=EDGE_CURVE('',#1040,#1041,#615,.T.);
#1324=EDGE_CURVE('',#1040,#1042,#616,.T.);
#1325=EDGE_CURVE('',#1043,#1042,#617,.T.);
#1326=EDGE_CURVE('',#1044,#1043,#76,.T.);
#1327=EDGE_CURVE('',#1041,#1044,#618,.T.);
#1328=EDGE_CURVE('',#1045,#1046,#619,.T.);
#1329=EDGE_CURVE('',#1047,#1045,#620,.T.);
#1330=EDGE_CURVE('',#1048,#1047,#77,.T.);
#1331=EDGE_CURVE('',#1049,#1048,#621,.T.);
#1332=EDGE_CURVE('',#1049,#1046,#622,.T.);
#1333=EDGE_CURVE('',#1050,#1051,#623,.T.);
#1334=EDGE_CURVE('',#1052,#1050,#624,.T.);
#1335=EDGE_CURVE('',#1053,#1052,#78,.T.);
#1336=EDGE_CURVE('',#1054,#1053,#625,.T.);
#1337=EDGE_CURVE('',#1054,#1051,#626,.T.);
#1338=EDGE_CURVE('',#1055,#1056,#627,.T.);
#1339=EDGE_CURVE('',#1057,#1055,#628,.T.);
#1340=EDGE_CURVE('',#1058,#1057,#79,.T.);
#1341=EDGE_CURVE('',#1059,#1058,#629,.T.);
#1342=EDGE_CURVE('',#1059,#1056,#630,.T.);
#1343=EDGE_CURVE('',#1055,#1036,#386,.T.);
#1344=EDGE_CURVE('',#1056,#1035,#387,.T.);
#1345=EDGE_CURVE('',#1050,#1031,#388,.T.);
#1346=EDGE_CURVE('',#1051,#1030,#389,.T.);
#1347=EDGE_CURVE('',#1028,#1021,#390,.T.);
#1348=EDGE_CURVE('',#1027,#1020,#391,.T.);
#1349=EDGE_CURVE('',#1057,#1039,#392,.T.);
#1350=EDGE_CURVE('',#1052,#1034,#393,.T.);
#1351=EDGE_CURVE('',#1029,#1024,#394,.T.);
#1352=EDGE_CURVE('',#1059,#1037,#395,.T.);
#1353=EDGE_CURVE('',#1038,#1058,#396,.T.);
#1354=EDGE_CURVE('',#1054,#1032,#397,.T.);
#1355=EDGE_CURVE('',#1033,#1053,#398,.T.);
#1356=EDGE_CURVE('',#1025,#1022,#399,.T.);
#1357=EDGE_CURVE('',#1023,#1026,#400,.T.);
#1358=EDGE_CURVE('',#1047,#1044,#401,.T.);
#1359=EDGE_CURVE('',#1043,#1048,#402,.T.);
#1360=EDGE_CURVE('',#1060,#1061,#631,.T.);
#1361=EDGE_CURVE('',#1030,#1061,#403,.T.);
#1362=EDGE_CURVE('',#1035,#1051,#404,.T.);
#1363=EDGE_CURVE('',#1040,#1056,#405,.T.);
#1364=EDGE_CURVE('',#1046,#1040,#406,.T.);
#1365=EDGE_CURVE('',#1020,#1046,#407,.T.);
#1366=EDGE_CURVE('',#1061,#1027,#408,.T.);
#1367=EDGE_CURVE('',#1045,#1041,#409,.T.);
#1368=EDGE_CURVE('',#1049,#1042,#410,.T.);
#1369=EDGE_CURVE('',#1062,#1062,#411,.T.);
#1370=EDGE_CURVE('',#1016,#1063,#632,.T.);
#1371=EDGE_CURVE('',#1064,#1063,#412,.T.);
#1372=EDGE_CURVE('',#1064,#1062,#633,.T.);
#1373=EDGE_CURVE('',#1065,#1064,#413,.T.);
#1374=EDGE_CURVE('',#1065,#1014,#634,.T.);
#1375=EDGE_CURVE('',#1013,#1066,#635,.T.);
#1376=EDGE_CURVE('',#1067,#1066,#414,.T.);
#1377=EDGE_CURVE('',#1067,#1019,#636,.T.);
#1378=EDGE_CURVE('',#1068,#1067,#415,.T.);
#1379=EDGE_CURVE('',#1068,#1015,#637,.T.);
#1380=EDGE_CURVE('',#1066,#1065,#638,.T.);
#1381=EDGE_CURVE('',#1063,#1068,#639,.T.);
#1382=ORIENTED_EDGE('',*,*,#1069,.T.);
#1383=ORIENTED_EDGE('',*,*,#1070,.T.);
#1384=ORIENTED_EDGE('',*,*,#1071,.T.);
#1385=ORIENTED_EDGE('',*,*,#1072,.T.);
#1386=ORIENTED_EDGE('',*,*,#1073,.F.);
#1387=ORIENTED_EDGE('',*,*,#1069,.F.);
#1388=ORIENTED_EDGE('',*,*,#1074,.F.);
#1389=ORIENTED_EDGE('',*,*,#1075,.F.);
#1390=ORIENTED_EDGE('',*,*,#1076,.F.);
#1391=ORIENTED_EDGE('',*,*,#1077,.F.);
#1392=ORIENTED_EDGE('',*,*,#1078,.F.);
#1393=ORIENTED_EDGE('',*,*,#1071,.F.);
#1394=ORIENTED_EDGE('',*,*,#1079,.T.);
#1395=ORIENTED_EDGE('',*,*,#1080,.F.);
#1396=ORIENTED_EDGE('',*,*,#1079,.F.);
#1397=ORIENTED_EDGE('',*,*,#1081,.F.);
#1398=ORIENTED_EDGE('',*,*,#1082,.T.);
#1399=ORIENTED_EDGE('',*,*,#1083,.F.);
#1400=ORIENTED_EDGE('',*,*,#1084,.F.);
#1401=ORIENTED_EDGE('',*,*,#1085,.F.);
#1402=ORIENTED_EDGE('',*,*,#1086,.F.);
#1403=ORIENTED_EDGE('',*,*,#1087,.T.);
#1404=ORIENTED_EDGE('',*,*,#1088,.F.);
#1405=ORIENTED_EDGE('',*,*,#1089,.F.);
#1406=ORIENTED_EDGE('',*,*,#1090,.F.);
#1407=ORIENTED_EDGE('',*,*,#1091,.F.);
#1408=ORIENTED_EDGE('',*,*,#1092,.T.);
#1409=ORIENTED_EDGE('',*,*,#1093,.F.);
#1410=ORIENTED_EDGE('',*,*,#1094,.F.);
#1411=ORIENTED_EDGE('',*,*,#1095,.F.);
#1412=ORIENTED_EDGE('',*,*,#1096,.F.);
#1413=ORIENTED_EDGE('',*,*,#1097,.T.);
#1414=ORIENTED_EDGE('',*,*,#1098,.F.);
#1415=ORIENTED_EDGE('',*,*,#1099,.F.);
#1416=ORIENTED_EDGE('',*,*,#1100,.F.);
#1417=ORIENTED_EDGE('',*,*,#1101,.F.);
#1418=ORIENTED_EDGE('',*,*,#1102,.T.);
#1419=ORIENTED_EDGE('',*,*,#1103,.F.);
#1420=ORIENTED_EDGE('',*,*,#1104,.F.);
#1421=ORIENTED_EDGE('',*,*,#1105,.F.);
#1422=ORIENTED_EDGE('',*,*,#1106,.F.);
#1423=ORIENTED_EDGE('',*,*,#1107,.F.);
#1424=ORIENTED_EDGE('',*,*,#1108,.F.);
#1425=ORIENTED_EDGE('',*,*,#1109,.F.);
#1426=ORIENTED_EDGE('',*,*,#1110,.T.);
#1427=ORIENTED_EDGE('',*,*,#1111,.F.);
#1428=ORIENTED_EDGE('',*,*,#1112,.F.);
#1429=ORIENTED_EDGE('',*,*,#1113,.F.);
#1430=ORIENTED_EDGE('',*,*,#1114,.F.);
#1431=ORIENTED_EDGE('',*,*,#1115,.T.);
#1432=ORIENTED_EDGE('',*,*,#1116,.F.);
#1433=ORIENTED_EDGE('',*,*,#1117,.F.);
#1434=ORIENTED_EDGE('',*,*,#1118,.F.);
#1435=ORIENTED_EDGE('',*,*,#1119,.F.);
#1436=ORIENTED_EDGE('',*,*,#1120,.T.);
#1437=ORIENTED_EDGE('',*,*,#1096,.T.);
#1438=ORIENTED_EDGE('',*,*,#1121,.F.);
#1439=ORIENTED_EDGE('',*,*,#1116,.T.);
#1440=ORIENTED_EDGE('',*,*,#1122,.T.);
#1441=ORIENTED_EDGE('',*,*,#1091,.T.);
#1442=ORIENTED_EDGE('',*,*,#1123,.F.);
#1443=ORIENTED_EDGE('',*,*,#1111,.T.);
#1444=ORIENTED_EDGE('',*,*,#1124,.T.);
#1445=ORIENTED_EDGE('',*,*,#1086,.T.);
#1446=ORIENTED_EDGE('',*,*,#1125,.F.);
#1447=ORIENTED_EDGE('',*,*,#1106,.T.);
#1448=ORIENTED_EDGE('',*,*,#1126,.T.);
#1449=ORIENTED_EDGE('',*,*,#1100,.T.);
#1450=ORIENTED_EDGE('',*,*,#1127,.F.);
#1451=ORIENTED_EDGE('',*,*,#1117,.T.);
#1452=ORIENTED_EDGE('',*,*,#1121,.T.);
#1453=ORIENTED_EDGE('',*,*,#1095,.T.);
#1454=ORIENTED_EDGE('',*,*,#1128,.F.);
#1455=ORIENTED_EDGE('',*,*,#1112,.T.);
#1456=ORIENTED_EDGE('',*,*,#1123,.T.);
#1457=ORIENTED_EDGE('',*,*,#1090,.T.);
#1458=ORIENTED_EDGE('',*,*,#1129,.F.);
#1459=ORIENTED_EDGE('',*,*,#1107,.T.);
#1460=ORIENTED_EDGE('',*,*,#1125,.T.);
#1461=ORIENTED_EDGE('',*,*,#1084,.T.);
#1462=ORIENTED_EDGE('',*,*,#1130,.T.);
#1463=ORIENTED_EDGE('',*,*,#1105,.T.);
#1464=ORIENTED_EDGE('',*,*,#1131,.F.);
#1465=ORIENTED_EDGE('',*,*,#1132,.T.);
#1466=ORIENTED_EDGE('',*,*,#1133,.T.);
#1467=ORIENTED_EDGE('',*,*,#1102,.F.);
#1468=ORIENTED_EDGE('',*,*,#1134,.T.);
#1469=ORIENTED_EDGE('',*,*,#1120,.F.);
#1470=ORIENTED_EDGE('',*,*,#1135,.T.);
#1471=ORIENTED_EDGE('',*,*,#1097,.F.);
#1472=ORIENTED_EDGE('',*,*,#1136,.T.);
#1473=ORIENTED_EDGE('',*,*,#1115,.F.);
#1474=ORIENTED_EDGE('',*,*,#1137,.T.);
#1475=ORIENTED_EDGE('',*,*,#1092,.F.);
#1476=ORIENTED_EDGE('',*,*,#1138,.T.);
#1477=ORIENTED_EDGE('',*,*,#1110,.F.);
#1478=ORIENTED_EDGE('',*,*,#1139,.T.);
#1479=ORIENTED_EDGE('',*,*,#1087,.F.);
#1480=ORIENTED_EDGE('',*,*,#1140,.T.);
#1481=ORIENTED_EDGE('',*,*,#1141,.T.);
#1482=ORIENTED_EDGE('',*,*,#1082,.F.);
#1483=ORIENTED_EDGE('',*,*,#1098,.T.);
#1484=ORIENTED_EDGE('',*,*,#1135,.F.);
#1485=ORIENTED_EDGE('',*,*,#1119,.T.);
#1486=ORIENTED_EDGE('',*,*,#1142,.F.);
#1487=ORIENTED_EDGE('',*,*,#1093,.T.);
#1488=ORIENTED_EDGE('',*,*,#1137,.F.);
#1489=ORIENTED_EDGE('',*,*,#1114,.T.);
#1490=ORIENTED_EDGE('',*,*,#1143,.F.);
#1491=ORIENTED_EDGE('',*,*,#1088,.T.);
#1492=ORIENTED_EDGE('',*,*,#1139,.F.);
#1493=ORIENTED_EDGE('',*,*,#1109,.T.);
#1494=ORIENTED_EDGE('',*,*,#1144,.F.);
#1495=ORIENTED_EDGE('',*,*,#1099,.T.);
#1496=ORIENTED_EDGE('',*,*,#1142,.T.);
#1497=ORIENTED_EDGE('',*,*,#1118,.T.);
#1498=ORIENTED_EDGE('',*,*,#1127,.T.);
#1499=ORIENTED_EDGE('',*,*,#1094,.T.);
#1500=ORIENTED_EDGE('',*,*,#1143,.T.);
#1501=ORIENTED_EDGE('',*,*,#1113,.T.);
#1502=ORIENTED_EDGE('',*,*,#1128,.T.);
#1503=ORIENTED_EDGE('',*,*,#1089,.T.);
#1504=ORIENTED_EDGE('',*,*,#1144,.T.);
#1505=ORIENTED_EDGE('',*,*,#1108,.T.);
#1506=ORIENTED_EDGE('',*,*,#1129,.T.);
#1507=ORIENTED_EDGE('',*,*,#1085,.T.);
#1508=ORIENTED_EDGE('',*,*,#1131,.T.);
#1509=ORIENTED_EDGE('',*,*,#1104,.T.);
#1510=ORIENTED_EDGE('',*,*,#1145,.T.);
#1511=ORIENTED_EDGE('',*,*,#1146,.T.);
#1512=ORIENTED_EDGE('',*,*,#1140,.F.);
#1513=ORIENTED_EDGE('',*,*,#1126,.F.);
#1514=ORIENTED_EDGE('',*,*,#1138,.F.);
#1515=ORIENTED_EDGE('',*,*,#1124,.F.);
#1516=ORIENTED_EDGE('',*,*,#1136,.F.);
#1517=ORIENTED_EDGE('',*,*,#1122,.F.);
#1518=ORIENTED_EDGE('',*,*,#1134,.F.);
#1519=ORIENTED_EDGE('',*,*,#1147,.F.);
#1520=ORIENTED_EDGE('',*,*,#1141,.F.);
#1521=ORIENTED_EDGE('',*,*,#1146,.F.);
#1522=ORIENTED_EDGE('',*,*,#1083,.T.);
#1523=ORIENTED_EDGE('',*,*,#1147,.T.);
#1524=ORIENTED_EDGE('',*,*,#1101,.T.);
#1525=ORIENTED_EDGE('',*,*,#1130,.F.);
#1526=ORIENTED_EDGE('',*,*,#1081,.T.);
#1527=ORIENTED_EDGE('',*,*,#1145,.F.);
#1528=ORIENTED_EDGE('',*,*,#1103,.T.);
#1529=ORIENTED_EDGE('',*,*,#1133,.F.);
#1530=ORIENTED_EDGE('',*,*,#1148,.F.);
#1531=ORIENTED_EDGE('',*,*,#1076,.T.);
#1532=ORIENTED_EDGE('',*,*,#1070,.F.);
#1533=ORIENTED_EDGE('',*,*,#1073,.T.);
#1534=ORIENTED_EDGE('',*,*,#1149,.T.);
#1535=ORIENTED_EDGE('',*,*,#1080,.T.);
#1536=ORIENTED_EDGE('',*,*,#1149,.F.);
#1537=ORIENTED_EDGE('',*,*,#1150,.F.);
#1538=ORIENTED_EDGE('',*,*,#1151,.T.);
#1539=ORIENTED_EDGE('',*,*,#1132,.F.);
#1540=ORIENTED_EDGE('',*,*,#1151,.F.);
#1541=ORIENTED_EDGE('',*,*,#1074,.T.);
#1542=ORIENTED_EDGE('',*,*,#1072,.F.);
#1543=ORIENTED_EDGE('',*,*,#1078,.T.);
#1544=ORIENTED_EDGE('',*,*,#1077,.T.);
#1545=ORIENTED_EDGE('',*,*,#1148,.T.);
#1546=ORIENTED_EDGE('',*,*,#1075,.T.);
#1547=ORIENTED_EDGE('',*,*,#1150,.T.);
#1548=ORIENTED_EDGE('',*,*,#1152,.F.);
#1549=ORIENTED_EDGE('',*,*,#1153,.T.);
#1550=ORIENTED_EDGE('',*,*,#1154,.F.);
#1551=ORIENTED_EDGE('',*,*,#1153,.F.);
#1552=ORIENTED_EDGE('',*,*,#1155,.F.);
#1553=ORIENTED_EDGE('',*,*,#1156,.T.);
#1554=ORIENTED_EDGE('',*,*,#1157,.F.);
#1555=ORIENTED_EDGE('',*,*,#1156,.F.);
#1556=ORIENTED_EDGE('',*,*,#1158,.F.);
#1557=ORIENTED_EDGE('',*,*,#1159,.T.);
#1558=ORIENTED_EDGE('',*,*,#1160,.T.);
#1559=ORIENTED_EDGE('',*,*,#1161,.F.);
#1560=ORIENTED_EDGE('',*,*,#1162,.F.);
#1561=ORIENTED_EDGE('',*,*,#1163,.T.);
#1562=ORIENTED_EDGE('',*,*,#1164,.T.);
#1563=ORIENTED_EDGE('',*,*,#1159,.F.);
#1564=ORIENTED_EDGE('',*,*,#1165,.F.);
#1565=ORIENTED_EDGE('',*,*,#1166,.T.);
#1566=ORIENTED_EDGE('',*,*,#1167,.T.);
#1567=ORIENTED_EDGE('',*,*,#1163,.F.);
#1568=ORIENTED_EDGE('',*,*,#1168,.F.);
#1569=ORIENTED_EDGE('',*,*,#1161,.T.);
#1570=ORIENTED_EDGE('',*,*,#1169,.T.);
#1571=ORIENTED_EDGE('',*,*,#1166,.F.);
#1572=ORIENTED_EDGE('',*,*,#1169,.F.);
#1573=ORIENTED_EDGE('',*,*,#1160,.F.);
#1574=ORIENTED_EDGE('',*,*,#1164,.F.);
#1575=ORIENTED_EDGE('',*,*,#1167,.F.);
#1576=ORIENTED_EDGE('',*,*,#1170,.F.);
#1577=ORIENTED_EDGE('',*,*,#1171,.T.);
#1578=ORIENTED_EDGE('',*,*,#1172,.T.);
#1579=ORIENTED_EDGE('',*,*,#1173,.F.);
#1580=ORIENTED_EDGE('',*,*,#1174,.F.);
#1581=ORIENTED_EDGE('',*,*,#1175,.T.);
#1582=ORIENTED_EDGE('',*,*,#1176,.T.);
#1583=ORIENTED_EDGE('',*,*,#1171,.F.);
#1584=ORIENTED_EDGE('',*,*,#1177,.F.);
#1585=ORIENTED_EDGE('',*,*,#1178,.T.);
#1586=ORIENTED_EDGE('',*,*,#1179,.T.);
#1587=ORIENTED_EDGE('',*,*,#1175,.F.);
#1588=ORIENTED_EDGE('',*,*,#1180,.F.);
#1589=ORIENTED_EDGE('',*,*,#1173,.T.);
#1590=ORIENTED_EDGE('',*,*,#1181,.T.);
#1591=ORIENTED_EDGE('',*,*,#1178,.F.);
#1592=ORIENTED_EDGE('',*,*,#1181,.F.);
#1593=ORIENTED_EDGE('',*,*,#1172,.F.);
#1594=ORIENTED_EDGE('',*,*,#1176,.F.);
#1595=ORIENTED_EDGE('',*,*,#1179,.F.);
#1596=ORIENTED_EDGE('',*,*,#1182,.F.);
#1597=ORIENTED_EDGE('',*,*,#1183,.T.);
#1598=ORIENTED_EDGE('',*,*,#1184,.F.);
#1599=ORIENTED_EDGE('',*,*,#1185,.F.);
#1600=ORIENTED_EDGE('',*,*,#1186,.F.);
#1601=ORIENTED_EDGE('',*,*,#1185,.T.);
#1602=ORIENTED_EDGE('',*,*,#1187,.F.);
#1603=ORIENTED_EDGE('',*,*,#1188,.F.);
#1604=ORIENTED_EDGE('',*,*,#1189,.F.);
#1605=ORIENTED_EDGE('',*,*,#1188,.T.);
#1606=ORIENTED_EDGE('',*,*,#1190,.F.);
#1607=ORIENTED_EDGE('',*,*,#1191,.F.);
#1608=ORIENTED_EDGE('',*,*,#1192,.F.);
#1609=ORIENTED_EDGE('',*,*,#1191,.T.);
#1610=ORIENTED_EDGE('',*,*,#1193,.F.);
#1611=ORIENTED_EDGE('',*,*,#1183,.F.);
#1612=ORIENTED_EDGE('',*,*,#1193,.T.);
#1613=ORIENTED_EDGE('',*,*,#1190,.T.);
#1614=ORIENTED_EDGE('',*,*,#1187,.T.);
#1615=ORIENTED_EDGE('',*,*,#1184,.T.);
#1616=ORIENTED_EDGE('',*,*,#1194,.F.);
#1617=ORIENTED_EDGE('',*,*,#1195,.T.);
#1618=ORIENTED_EDGE('',*,*,#1196,.F.);
#1619=ORIENTED_EDGE('',*,*,#1197,.F.);
#1620=ORIENTED_EDGE('',*,*,#1198,.F.);
#1621=ORIENTED_EDGE('',*,*,#1197,.T.);
#1622=ORIENTED_EDGE('',*,*,#1199,.F.);
#1623=ORIENTED_EDGE('',*,*,#1200,.F.);
#1624=ORIENTED_EDGE('',*,*,#1201,.F.);
#1625=ORIENTED_EDGE('',*,*,#1200,.T.);
#1626=ORIENTED_EDGE('',*,*,#1202,.F.);
#1627=ORIENTED_EDGE('',*,*,#1203,.F.);
#1628=ORIENTED_EDGE('',*,*,#1204,.F.);
#1629=ORIENTED_EDGE('',*,*,#1203,.T.);
#1630=ORIENTED_EDGE('',*,*,#1205,.F.);
#1631=ORIENTED_EDGE('',*,*,#1206,.F.);
#1632=ORIENTED_EDGE('',*,*,#1207,.F.);
#1633=ORIENTED_EDGE('',*,*,#1206,.T.);
#1634=ORIENTED_EDGE('',*,*,#1208,.F.);
#1635=ORIENTED_EDGE('',*,*,#1209,.F.);
#1636=ORIENTED_EDGE('',*,*,#1210,.F.);
#1637=ORIENTED_EDGE('',*,*,#1209,.T.);
#1638=ORIENTED_EDGE('',*,*,#1211,.F.);
#1639=ORIENTED_EDGE('',*,*,#1212,.F.);
#1640=ORIENTED_EDGE('',*,*,#1213,.F.);
#1641=ORIENTED_EDGE('',*,*,#1212,.T.);
#1642=ORIENTED_EDGE('',*,*,#1214,.F.);
#1643=ORIENTED_EDGE('',*,*,#1215,.F.);
#1644=ORIENTED_EDGE('',*,*,#1216,.F.);
#1645=ORIENTED_EDGE('',*,*,#1215,.T.);
#1646=ORIENTED_EDGE('',*,*,#1217,.F.);
#1647=ORIENTED_EDGE('',*,*,#1218,.F.);
#1648=ORIENTED_EDGE('',*,*,#1219,.F.);
#1649=ORIENTED_EDGE('',*,*,#1218,.T.);
#1650=ORIENTED_EDGE('',*,*,#1220,.F.);
#1651=ORIENTED_EDGE('',*,*,#1221,.F.);
#1652=ORIENTED_EDGE('',*,*,#1222,.F.);
#1653=ORIENTED_EDGE('',*,*,#1221,.T.);
#1654=ORIENTED_EDGE('',*,*,#1223,.F.);
#1655=ORIENTED_EDGE('',*,*,#1224,.F.);
#1656=ORIENTED_EDGE('',*,*,#1225,.F.);
#1657=ORIENTED_EDGE('',*,*,#1224,.T.);
#1658=ORIENTED_EDGE('',*,*,#1226,.F.);
#1659=ORIENTED_EDGE('',*,*,#1227,.F.);
#1660=ORIENTED_EDGE('',*,*,#1228,.F.);
#1661=ORIENTED_EDGE('',*,*,#1227,.T.);
#1662=ORIENTED_EDGE('',*,*,#1229,.F.);
#1663=ORIENTED_EDGE('',*,*,#1195,.F.);
#1664=ORIENTED_EDGE('',*,*,#1229,.T.);
#1665=ORIENTED_EDGE('',*,*,#1226,.T.);
#1666=ORIENTED_EDGE('',*,*,#1223,.T.);
#1667=ORIENTED_EDGE('',*,*,#1220,.T.);
#1668=ORIENTED_EDGE('',*,*,#1217,.T.);
#1669=ORIENTED_EDGE('',*,*,#1214,.T.);
#1670=ORIENTED_EDGE('',*,*,#1211,.T.);
#1671=ORIENTED_EDGE('',*,*,#1208,.T.);
#1672=ORIENTED_EDGE('',*,*,#1205,.T.);
#1673=ORIENTED_EDGE('',*,*,#1202,.T.);
#1674=ORIENTED_EDGE('',*,*,#1199,.T.);
#1675=ORIENTED_EDGE('',*,*,#1196,.T.);
#1676=ORIENTED_EDGE('',*,*,#1230,.F.);
#1677=ORIENTED_EDGE('',*,*,#1231,.T.);
#1678=ORIENTED_EDGE('',*,*,#1232,.T.);
#1679=ORIENTED_EDGE('',*,*,#1231,.F.);
#1680=ORIENTED_EDGE('',*,*,#1232,.F.);
#1681=ORIENTED_EDGE('',*,*,#1157,.T.);
#1682=ORIENTED_EDGE('',*,*,#1233,.F.);
#1683=ORIENTED_EDGE('',*,*,#1234,.T.);
#1684=ORIENTED_EDGE('',*,*,#1235,.T.);
#1685=ORIENTED_EDGE('',*,*,#1234,.F.);
#1686=ORIENTED_EDGE('',*,*,#1235,.F.);
#1687=ORIENTED_EDGE('',*,*,#1154,.T.);
#1688=ORIENTED_EDGE('',*,*,#1236,.F.);
#1689=ORIENTED_EDGE('',*,*,#1237,.F.);
#1690=ORIENTED_EDGE('',*,*,#1238,.F.);
#1691=ORIENTED_EDGE('',*,*,#1239,.F.);
#1692=ORIENTED_EDGE('',*,*,#1240,.F.);
#1693=ORIENTED_EDGE('',*,*,#1241,.T.);
#1694=ORIENTED_EDGE('',*,*,#1242,.F.);
#1695=ORIENTED_EDGE('',*,*,#1243,.F.);
#1696=ORIENTED_EDGE('',*,*,#1242,.T.);
#1697=ORIENTED_EDGE('',*,*,#1244,.T.);
#1698=ORIENTED_EDGE('',*,*,#1238,.T.);
#1699=ORIENTED_EDGE('',*,*,#1245,.F.);
#1700=ORIENTED_EDGE('',*,*,#1240,.T.);
#1701=ORIENTED_EDGE('',*,*,#1246,.F.);
#1702=ORIENTED_EDGE('',*,*,#1247,.F.);
#1703=ORIENTED_EDGE('',*,*,#1248,.F.);
#1704=ORIENTED_EDGE('',*,*,#1249,.F.);
#1705=ORIENTED_EDGE('',*,*,#1250,.F.);
#1706=ORIENTED_EDGE('',*,*,#1251,.F.);
#1707=ORIENTED_EDGE('',*,*,#1252,.F.);
#1708=ORIENTED_EDGE('',*,*,#1236,.T.);
#1709=ORIENTED_EDGE('',*,*,#1253,.T.);
#1710=ORIENTED_EDGE('',*,*,#1254,.T.);
#1711=ORIENTED_EDGE('',*,*,#1255,.T.);
#1712=ORIENTED_EDGE('',*,*,#1256,.T.);
#1713=ORIENTED_EDGE('',*,*,#1257,.T.);
#1714=ORIENTED_EDGE('',*,*,#1152,.T.);
#1715=ORIENTED_EDGE('',*,*,#1155,.T.);
#1716=ORIENTED_EDGE('',*,*,#1255,.F.);
#1717=ORIENTED_EDGE('',*,*,#1258,.T.);
#1718=ORIENTED_EDGE('',*,*,#1259,.T.);
#1719=ORIENTED_EDGE('',*,*,#1260,.F.);
#1720=ORIENTED_EDGE('',*,*,#1254,.F.);
#1721=ORIENTED_EDGE('',*,*,#1261,.T.);
#1722=ORIENTED_EDGE('',*,*,#1262,.T.);
#1723=ORIENTED_EDGE('',*,*,#1258,.F.);
#1724=ORIENTED_EDGE('',*,*,#1257,.F.);
#1725=ORIENTED_EDGE('',*,*,#1263,.T.);
#1726=ORIENTED_EDGE('',*,*,#1264,.T.);
#1727=ORIENTED_EDGE('',*,*,#1261,.F.);
#1728=ORIENTED_EDGE('',*,*,#1253,.F.);
#1729=ORIENTED_EDGE('',*,*,#1239,.T.);
#1730=ORIENTED_EDGE('',*,*,#1244,.F.);
#1731=ORIENTED_EDGE('',*,*,#1241,.F.);
#1732=ORIENTED_EDGE('',*,*,#1256,.F.);
#1733=ORIENTED_EDGE('',*,*,#1260,.T.);
#1734=ORIENTED_EDGE('',*,*,#1265,.T.);
#1735=ORIENTED_EDGE('',*,*,#1263,.F.);
#1736=ORIENTED_EDGE('',*,*,#1265,.F.);
#1737=ORIENTED_EDGE('',*,*,#1259,.F.);
#1738=ORIENTED_EDGE('',*,*,#1262,.F.);
#1739=ORIENTED_EDGE('',*,*,#1264,.F.);
#1740=ORIENTED_EDGE('',*,*,#1266,.F.);
#1741=ORIENTED_EDGE('',*,*,#1267,.T.);
#1742=ORIENTED_EDGE('',*,*,#1250,.T.);
#1743=ORIENTED_EDGE('',*,*,#1268,.F.);
#1744=ORIENTED_EDGE('',*,*,#1269,.F.);
#1745=ORIENTED_EDGE('',*,*,#1270,.T.);
#1746=ORIENTED_EDGE('',*,*,#1251,.T.);
#1747=ORIENTED_EDGE('',*,*,#1267,.F.);
#1748=ORIENTED_EDGE('',*,*,#1237,.T.);
#1749=ORIENTED_EDGE('',*,*,#1252,.T.);
#1750=ORIENTED_EDGE('',*,*,#1270,.F.);
#1751=ORIENTED_EDGE('',*,*,#1271,.F.);
#1752=ORIENTED_EDGE('',*,*,#1272,.T.);
#1753=ORIENTED_EDGE('',*,*,#1246,.T.);
#1754=ORIENTED_EDGE('',*,*,#1243,.T.);
#1755=ORIENTED_EDGE('',*,*,#1245,.T.);
#1756=ORIENTED_EDGE('',*,*,#1273,.F.);
#1757=ORIENTED_EDGE('',*,*,#1274,.T.);
#1758=ORIENTED_EDGE('',*,*,#1247,.T.);
#1759=ORIENTED_EDGE('',*,*,#1272,.F.);
#1760=ORIENTED_EDGE('',*,*,#1275,.F.);
#1761=ORIENTED_EDGE('',*,*,#1276,.T.);
#1762=ORIENTED_EDGE('',*,*,#1248,.T.);
#1763=ORIENTED_EDGE('',*,*,#1274,.F.);
#1764=ORIENTED_EDGE('',*,*,#1277,.F.);
#1765=ORIENTED_EDGE('',*,*,#1268,.T.);
#1766=ORIENTED_EDGE('',*,*,#1249,.T.);
#1767=ORIENTED_EDGE('',*,*,#1276,.F.);
#1768=ORIENTED_EDGE('',*,*,#1278,.F.);
#1769=ORIENTED_EDGE('',*,*,#1279,.T.);
#1770=ORIENTED_EDGE('',*,*,#1280,.F.);
#1771=ORIENTED_EDGE('',*,*,#1281,.F.);
#1772=ORIENTED_EDGE('',*,*,#1158,.T.);
#1773=ORIENTED_EDGE('',*,*,#1168,.T.);
#1774=ORIENTED_EDGE('',*,*,#1165,.T.);
#1775=ORIENTED_EDGE('',*,*,#1162,.T.);
#1776=ORIENTED_EDGE('',*,*,#1282,.F.);
#1777=ORIENTED_EDGE('',*,*,#1281,.T.);
#1778=ORIENTED_EDGE('',*,*,#1283,.F.);
#1779=ORIENTED_EDGE('',*,*,#1284,.F.);
#1780=ORIENTED_EDGE('',*,*,#1285,.T.);
#1781=ORIENTED_EDGE('',*,*,#1284,.T.);
#1782=ORIENTED_EDGE('',*,*,#1286,.F.);
#1783=ORIENTED_EDGE('',*,*,#1287,.F.);
#1784=ORIENTED_EDGE('',*,*,#1182,.T.);
#1785=ORIENTED_EDGE('',*,*,#1186,.T.);
#1786=ORIENTED_EDGE('',*,*,#1189,.T.);
#1787=ORIENTED_EDGE('',*,*,#1192,.T.);
#1788=ORIENTED_EDGE('',*,*,#1288,.T.);
#1789=ORIENTED_EDGE('',*,*,#1287,.T.);
#1790=ORIENTED_EDGE('',*,*,#1289,.F.);
#1791=ORIENTED_EDGE('',*,*,#1290,.F.);
#1792=ORIENTED_EDGE('',*,*,#1291,.T.);
#1793=ORIENTED_EDGE('',*,*,#1290,.T.);
#1794=ORIENTED_EDGE('',*,*,#1292,.F.);
#1795=ORIENTED_EDGE('',*,*,#1293,.F.);
#1796=ORIENTED_EDGE('',*,*,#1170,.T.);
#1797=ORIENTED_EDGE('',*,*,#1180,.T.);
#1798=ORIENTED_EDGE('',*,*,#1177,.T.);
#1799=ORIENTED_EDGE('',*,*,#1174,.T.);
#1800=ORIENTED_EDGE('',*,*,#1294,.T.);
#1801=ORIENTED_EDGE('',*,*,#1293,.T.);
#1802=ORIENTED_EDGE('',*,*,#1295,.F.);
#1803=ORIENTED_EDGE('',*,*,#1279,.F.);
#1804=ORIENTED_EDGE('',*,*,#1194,.T.);
#1805=ORIENTED_EDGE('',*,*,#1198,.T.);
#1806=ORIENTED_EDGE('',*,*,#1201,.T.);
#1807=ORIENTED_EDGE('',*,*,#1204,.T.);
#1808=ORIENTED_EDGE('',*,*,#1207,.T.);
#1809=ORIENTED_EDGE('',*,*,#1210,.T.);
#1810=ORIENTED_EDGE('',*,*,#1213,.T.);
#1811=ORIENTED_EDGE('',*,*,#1216,.T.);
#1812=ORIENTED_EDGE('',*,*,#1219,.T.);
#1813=ORIENTED_EDGE('',*,*,#1222,.T.);
#1814=ORIENTED_EDGE('',*,*,#1225,.T.);
#1815=ORIENTED_EDGE('',*,*,#1228,.T.);
#1816=ORIENTED_EDGE('',*,*,#1295,.T.);
#1817=ORIENTED_EDGE('',*,*,#1292,.T.);
#1818=ORIENTED_EDGE('',*,*,#1289,.T.);
#1819=ORIENTED_EDGE('',*,*,#1286,.T.);
#1820=ORIENTED_EDGE('',*,*,#1283,.T.);
#1821=ORIENTED_EDGE('',*,*,#1280,.T.);
#1822=ORIENTED_EDGE('',*,*,#1266,.T.);
#1823=ORIENTED_EDGE('',*,*,#1277,.T.);
#1824=ORIENTED_EDGE('',*,*,#1275,.T.);
#1825=ORIENTED_EDGE('',*,*,#1273,.T.);
#1826=ORIENTED_EDGE('',*,*,#1271,.T.);
#1827=ORIENTED_EDGE('',*,*,#1269,.T.);
#1828=ORIENTED_EDGE('',*,*,#1294,.F.);
#1829=ORIENTED_EDGE('',*,*,#1278,.T.);
#1830=ORIENTED_EDGE('',*,*,#1282,.T.);
#1831=ORIENTED_EDGE('',*,*,#1285,.F.);
#1832=ORIENTED_EDGE('',*,*,#1288,.F.);
#1833=ORIENTED_EDGE('',*,*,#1291,.F.);
#1834=ORIENTED_EDGE('',*,*,#1230,.T.);
#1835=ORIENTED_EDGE('',*,*,#1233,.T.);
#1836=ORIENTED_EDGE('',*,*,#1296,.F.);
#1837=ORIENTED_EDGE('',*,*,#1297,.T.);
#1838=ORIENTED_EDGE('',*,*,#1298,.F.);
#1839=ORIENTED_EDGE('',*,*,#1299,.T.);
#1840=ORIENTED_EDGE('',*,*,#1300,.T.);
#1841=ORIENTED_EDGE('',*,*,#1301,.F.);
#1842=ORIENTED_EDGE('',*,*,#1302,.F.);
#1843=ORIENTED_EDGE('',*,*,#1300,.F.);
#1844=ORIENTED_EDGE('',*,*,#1303,.F.);
#1845=ORIENTED_EDGE('',*,*,#1304,.T.);
#1846=ORIENTED_EDGE('',*,*,#1305,.F.);
#1847=ORIENTED_EDGE('',*,*,#1306,.F.);
#1848=ORIENTED_EDGE('',*,*,#1307,.F.);
#1849=ORIENTED_EDGE('',*,*,#1308,.F.);
#1850=ORIENTED_EDGE('',*,*,#1309,.T.);
#1851=ORIENTED_EDGE('',*,*,#1310,.F.);
#1852=ORIENTED_EDGE('',*,*,#1311,.F.);
#1853=ORIENTED_EDGE('',*,*,#1312,.F.);
#1854=ORIENTED_EDGE('',*,*,#1313,.F.);
#1855=ORIENTED_EDGE('',*,*,#1314,.T.);
#1856=ORIENTED_EDGE('',*,*,#1315,.F.);
#1857=ORIENTED_EDGE('',*,*,#1316,.F.);
#1858=ORIENTED_EDGE('',*,*,#1317,.F.);
#1859=ORIENTED_EDGE('',*,*,#1318,.F.);
#1860=ORIENTED_EDGE('',*,*,#1319,.T.);
#1861=ORIENTED_EDGE('',*,*,#1320,.F.);
#1862=ORIENTED_EDGE('',*,*,#1321,.F.);
#1863=ORIENTED_EDGE('',*,*,#1322,.F.);
#1864=ORIENTED_EDGE('',*,*,#1323,.F.);
#1865=ORIENTED_EDGE('',*,*,#1324,.T.);
#1866=ORIENTED_EDGE('',*,*,#1325,.F.);
#1867=ORIENTED_EDGE('',*,*,#1326,.F.);
#1868=ORIENTED_EDGE('',*,*,#1327,.F.);
#1869=ORIENTED_EDGE('',*,*,#1328,.F.);
#1870=ORIENTED_EDGE('',*,*,#1329,.F.);
#1871=ORIENTED_EDGE('',*,*,#1330,.F.);
#1872=ORIENTED_EDGE('',*,*,#1331,.F.);
#1873=ORIENTED_EDGE('',*,*,#1332,.T.);
#1874=ORIENTED_EDGE('',*,*,#1333,.F.);
#1875=ORIENTED_EDGE('',*,*,#1334,.F.);
#1876=ORIENTED_EDGE('',*,*,#1335,.F.);
#1877=ORIENTED_EDGE('',*,*,#1336,.F.);
#1878=ORIENTED_EDGE('',*,*,#1337,.T.);
#1879=ORIENTED_EDGE('',*,*,#1338,.F.);
#1880=ORIENTED_EDGE('',*,*,#1339,.F.);
#1881=ORIENTED_EDGE('',*,*,#1340,.F.);
#1882=ORIENTED_EDGE('',*,*,#1341,.F.);
#1883=ORIENTED_EDGE('',*,*,#1342,.T.);
#1884=ORIENTED_EDGE('',*,*,#1318,.T.);
#1885=ORIENTED_EDGE('',*,*,#1343,.F.);
#1886=ORIENTED_EDGE('',*,*,#1338,.T.);
#1887=ORIENTED_EDGE('',*,*,#1344,.T.);
#1888=ORIENTED_EDGE('',*,*,#1313,.T.);
#1889=ORIENTED_EDGE('',*,*,#1345,.F.);
#1890=ORIENTED_EDGE('',*,*,#1333,.T.);
#1891=ORIENTED_EDGE('',*,*,#1346,.T.);
#1892=ORIENTED_EDGE('',*,*,#1303,.T.);
#1893=ORIENTED_EDGE('',*,*,#1347,.F.);
#1894=ORIENTED_EDGE('',*,*,#1310,.T.);
#1895=ORIENTED_EDGE('',*,*,#1348,.T.);
#1896=ORIENTED_EDGE('',*,*,#1322,.T.);
#1897=ORIENTED_EDGE('',*,*,#1349,.F.);
#1898=ORIENTED_EDGE('',*,*,#1339,.T.);
#1899=ORIENTED_EDGE('',*,*,#1343,.T.);
#1900=ORIENTED_EDGE('',*,*,#1317,.T.);
#1901=ORIENTED_EDGE('',*,*,#1350,.F.);
#1902=ORIENTED_EDGE('',*,*,#1334,.T.);
#1903=ORIENTED_EDGE('',*,*,#1345,.T.);
#1904=ORIENTED_EDGE('',*,*,#1307,.T.);
#1905=ORIENTED_EDGE('',*,*,#1351,.F.);
#1906=ORIENTED_EDGE('',*,*,#1311,.T.);
#1907=ORIENTED_EDGE('',*,*,#1347,.T.);
#1908=ORIENTED_EDGE('',*,*,#1320,.T.);
#1909=ORIENTED_EDGE('',*,*,#1352,.F.);
#1910=ORIENTED_EDGE('',*,*,#1341,.T.);
#1911=ORIENTED_EDGE('',*,*,#1353,.F.);
#1912=ORIENTED_EDGE('',*,*,#1315,.T.);
#1913=ORIENTED_EDGE('',*,*,#1354,.F.);
#1914=ORIENTED_EDGE('',*,*,#1336,.T.);
#1915=ORIENTED_EDGE('',*,*,#1355,.F.);
#1916=ORIENTED_EDGE('',*,*,#1305,.T.);
#1917=ORIENTED_EDGE('',*,*,#1356,.F.);
#1918=ORIENTED_EDGE('',*,*,#1308,.T.);
#1919=ORIENTED_EDGE('',*,*,#1357,.F.);
#1920=ORIENTED_EDGE('',*,*,#1321,.T.);
#1921=ORIENTED_EDGE('',*,*,#1353,.T.);
#1922=ORIENTED_EDGE('',*,*,#1340,.T.);
#1923=ORIENTED_EDGE('',*,*,#1349,.T.);
#1924=ORIENTED_EDGE('',*,*,#1316,.T.);
#1925=ORIENTED_EDGE('',*,*,#1355,.T.);
#1926=ORIENTED_EDGE('',*,*,#1335,.T.);
#1927=ORIENTED_EDGE('',*,*,#1350,.T.);
#1928=ORIENTED_EDGE('',*,*,#1306,.T.);
#1929=ORIENTED_EDGE('',*,*,#1357,.T.);
#1930=ORIENTED_EDGE('',*,*,#1312,.T.);
#1931=ORIENTED_EDGE('',*,*,#1351,.T.);
#1932=ORIENTED_EDGE('',*,*,#1330,.T.);
#1933=ORIENTED_EDGE('',*,*,#1358,.T.);
#1934=ORIENTED_EDGE('',*,*,#1326,.T.);
#1935=ORIENTED_EDGE('',*,*,#1359,.T.);
#1936=ORIENTED_EDGE('',*,*,#1360,.T.);
#1937=ORIENTED_EDGE('',*,*,#1361,.F.);
#1938=ORIENTED_EDGE('',*,*,#1346,.F.);
#1939=ORIENTED_EDGE('',*,*,#1362,.F.);
#1940=ORIENTED_EDGE('',*,*,#1344,.F.);
#1941=ORIENTED_EDGE('',*,*,#1363,.F.);
#1942=ORIENTED_EDGE('',*,*,#1364,.F.);
#1943=ORIENTED_EDGE('',*,*,#1365,.F.);
#1944=ORIENTED_EDGE('',*,*,#1348,.F.);
#1945=ORIENTED_EDGE('',*,*,#1366,.F.);
#1946=ORIENTED_EDGE('',*,*,#1360,.F.);
#1947=ORIENTED_EDGE('',*,*,#1328,.T.);
#1948=ORIENTED_EDGE('',*,*,#1364,.T.);
#1949=ORIENTED_EDGE('',*,*,#1323,.T.);
#1950=ORIENTED_EDGE('',*,*,#1367,.F.);
#1951=ORIENTED_EDGE('',*,*,#1331,.T.);
#1952=ORIENTED_EDGE('',*,*,#1359,.F.);
#1953=ORIENTED_EDGE('',*,*,#1325,.T.);
#1954=ORIENTED_EDGE('',*,*,#1368,.F.);
#1955=ORIENTED_EDGE('',*,*,#1329,.T.);
#1956=ORIENTED_EDGE('',*,*,#1367,.T.);
#1957=ORIENTED_EDGE('',*,*,#1327,.T.);
#1958=ORIENTED_EDGE('',*,*,#1358,.F.);
#1959=ORIENTED_EDGE('',*,*,#1369,.T.);
#1960=ORIENTED_EDGE('',*,*,#1368,.T.);
#1961=ORIENTED_EDGE('',*,*,#1324,.F.);
#1962=ORIENTED_EDGE('',*,*,#1363,.T.);
#1963=ORIENTED_EDGE('',*,*,#1342,.F.);
#1964=ORIENTED_EDGE('',*,*,#1352,.T.);
#1965=ORIENTED_EDGE('',*,*,#1319,.F.);
#1966=ORIENTED_EDGE('',*,*,#1362,.T.);
#1967=ORIENTED_EDGE('',*,*,#1337,.F.);
#1968=ORIENTED_EDGE('',*,*,#1354,.T.);
#1969=ORIENTED_EDGE('',*,*,#1314,.F.);
#1970=ORIENTED_EDGE('',*,*,#1361,.T.);
#1971=ORIENTED_EDGE('',*,*,#1366,.T.);
#1972=ORIENTED_EDGE('',*,*,#1309,.F.);
#1973=ORIENTED_EDGE('',*,*,#1356,.T.);
#1974=ORIENTED_EDGE('',*,*,#1304,.F.);
#1975=ORIENTED_EDGE('',*,*,#1365,.T.);
#1976=ORIENTED_EDGE('',*,*,#1332,.F.);
#1977=ORIENTED_EDGE('',*,*,#1299,.F.);
#1978=ORIENTED_EDGE('',*,*,#1370,.T.);
#1979=ORIENTED_EDGE('',*,*,#1371,.F.);
#1980=ORIENTED_EDGE('',*,*,#1372,.T.);
#1981=ORIENTED_EDGE('',*,*,#1369,.F.);
#1982=ORIENTED_EDGE('',*,*,#1372,.F.);
#1983=ORIENTED_EDGE('',*,*,#1373,.F.);
#1984=ORIENTED_EDGE('',*,*,#1374,.T.);
#1985=ORIENTED_EDGE('',*,*,#1375,.T.);
#1986=ORIENTED_EDGE('',*,*,#1376,.F.);
#1987=ORIENTED_EDGE('',*,*,#1377,.T.);
#1988=ORIENTED_EDGE('',*,*,#1301,.T.);
#1989=ORIENTED_EDGE('',*,*,#1302,.T.);
#1990=ORIENTED_EDGE('',*,*,#1377,.F.);
#1991=ORIENTED_EDGE('',*,*,#1378,.F.);
#1992=ORIENTED_EDGE('',*,*,#1379,.T.);
#1993=ORIENTED_EDGE('',*,*,#1297,.F.);
#1994=ORIENTED_EDGE('',*,*,#1380,.T.);
#1995=ORIENTED_EDGE('',*,*,#1373,.T.);
#1996=ORIENTED_EDGE('',*,*,#1371,.T.);
#1997=ORIENTED_EDGE('',*,*,#1381,.T.);
#1998=ORIENTED_EDGE('',*,*,#1378,.T.);
#1999=ORIENTED_EDGE('',*,*,#1376,.T.);
#2000=ORIENTED_EDGE('',*,*,#1375,.F.);
#2001=ORIENTED_EDGE('',*,*,#1296,.T.);
#2002=ORIENTED_EDGE('',*,*,#1374,.F.);
#2003=ORIENTED_EDGE('',*,*,#1380,.F.);
#2004=ORIENTED_EDGE('',*,*,#1379,.F.);
#2005=ORIENTED_EDGE('',*,*,#1381,.F.);
#2006=ORIENTED_EDGE('',*,*,#1370,.F.);
#2007=ORIENTED_EDGE('',*,*,#1298,.T.);
#2008=PLANE('',#2234);
#2009=PLANE('',#2237);
#2010=PLANE('',#2238);
#2011=PLANE('',#2241);
#2012=PLANE('',#2242);
#2013=PLANE('',#2243);
#2014=PLANE('',#2244);
#2015=PLANE('',#2245);
#2016=PLANE('',#2246);
#2017=PLANE('',#2247);
#2018=PLANE('',#2248);
#2019=PLANE('',#2258);
#2020=PLANE('',#2260);
#2021=PLANE('',#2262);
#2022=PLANE('',#2264);
#2023=PLANE('',#2267);
#2024=PLANE('',#2293);
#2025=PLANE('',#2300);
#2026=PLANE('',#2301);
#2027=PLANE('',#2302);
#2028=PLANE('',#2303);
#2029=PLANE('',#2304);
#2030=PLANE('',#2305);
#2031=PLANE('',#2306);
#2032=PLANE('',#2307);
#2033=PLANE('',#2308);
#2034=PLANE('',#2309);
#2035=PLANE('',#2310);
#2036=PLANE('',#2311);
#2037=PLANE('',#2312);
#2038=PLANE('',#2313);
#2039=PLANE('',#2314);
#2040=PLANE('',#2315);
#2041=PLANE('',#2316);
#2042=PLANE('',#2317);
#2043=PLANE('',#2318);
#2044=PLANE('',#2319);
#2045=PLANE('',#2320);
#2046=PLANE('',#2321);
#2047=PLANE('',#2322);
#2048=PLANE('',#2323);
#2049=PLANE('',#2324);
#2050=PLANE('',#2325);
#2051=PLANE('',#2326);
#2052=PLANE('',#2327);
#2053=PLANE('',#2331);
#2054=PLANE('',#2335);
#2055=PLANE('',#2336);
#2056=PLANE('',#2337);
#2057=PLANE('',#2338);
#2058=PLANE('',#2339);
#2059=PLANE('',#2340);
#2060=PLANE('',#2341);
#2061=PLANE('',#2342);
#2062=PLANE('',#2343);
#2063=PLANE('',#2344);
#2064=PLANE('',#2345);
#2065=PLANE('',#2346);
#2066=PLANE('',#2347);
#2067=PLANE('',#2348);
#2068=PLANE('',#2349);
#2069=PLANE('',#2350);
#2070=PLANE('',#2351);
#2071=PLANE('',#2352);
#2072=PLANE('',#2353);
#2073=PLANE('',#2354);
#2074=PLANE('',#2355);
#2075=PLANE('',#2356);
#2076=PLANE('',#2357);
#2077=PLANE('',#2358);
#2078=PLANE('',#2359);
#2079=PLANE('',#2365);
#2080=PLANE('',#2366);
#2081=PLANE('',#2367);
#2082=PLANE('',#2368);
#2083=PLANE('',#2369);
#2084=PLANE('',#2370);
#2085=PLANE('',#2371);
#2086=PLANE('',#2372);
#2087=PLANE('',#2382);
#2088=PLANE('',#2384);
#2089=PLANE('',#2386);
#2090=PLANE('',#2410);
#2091=PLANE('',#2411);
#2092=PLANE('',#2419);
#2093=PLANE('',#2420);
#2094=PLANE('',#2421);
#2095=ADVANCED_FACE('',(#84),#2008,.T.);
#2096=ADVANCED_FACE('',(#85),#2009,.F.);
#2097=ADVANCED_FACE('',(#86),#2010,.F.);
#2098=ADVANCED_FACE('',(#87),#80,.F.);
#2099=ADVANCED_FACE('',(#88),#2011,.F.);
#2100=ADVANCED_FACE('',(#89),#2012,.F.);
#2101=ADVANCED_FACE('',(#90),#2013,.F.);
#2102=ADVANCED_FACE('',(#91),#2014,.F.);
#2103=ADVANCED_FACE('',(#92),#2015,.F.);
#2104=ADVANCED_FACE('',(#93),#2016,.F.);
#2105=ADVANCED_FACE('',(#94),#2017,.F.);
#2106=ADVANCED_FACE('',(#95),#2018,.F.);
#2107=ADVANCED_FACE('',(#96),#40,.F.);
#2108=ADVANCED_FACE('',(#97),#41,.F.);
#2109=ADVANCED_FACE('',(#98),#42,.F.);
#2110=ADVANCED_FACE('',(#99),#2019,.T.);
#2111=ADVANCED_FACE('',(#100),#2020,.T.);
#2112=ADVANCED_FACE('',(#101),#2021,.T.);
#2113=ADVANCED_FACE('',(#102),#2022,.T.);
#2114=ADVANCED_FACE('',(#103,#27),#2023,.T.);
#2115=ADVANCED_FACE('',(#104),#43,.T.);
#2116=ADVANCED_FACE('',(#105),#44,.T.);
#2117=ADVANCED_FACE('',(#106),#45,.T.);
#2118=ADVANCED_FACE('',(#107),#19,.F.);
#2119=ADVANCED_FACE('',(#108),#20,.F.);
#2120=ADVANCED_FACE('',(#109),#21,.F.);
#2121=ADVANCED_FACE('',(#110),#22,.F.);
#2122=ADVANCED_FACE('',(#111),#81,.F.);
#2123=ADVANCED_FACE('',(#112),#46,.F.);
#2124=ADVANCED_FACE('',(#113),#47,.T.);
#2125=ADVANCED_FACE('',(#114),#48,.F.);
#2126=ADVANCED_FACE('',(#115),#49,.T.);
#2127=ADVANCED_FACE('',(#116),#2024,.T.);
#2128=ADVANCED_FACE('',(#117),#50,.F.);
#2129=ADVANCED_FACE('',(#118),#51,.F.);
#2130=ADVANCED_FACE('',(#119),#2025,.F.);
#2131=ADVANCED_FACE('',(#120),#2026,.F.);
#2132=ADVANCED_FACE('',(#121),#2027,.F.);
#2133=ADVANCED_FACE('',(#122),#2028,.F.);
#2134=ADVANCED_FACE('',(#123),#2029,.F.);
#2135=ADVANCED_FACE('',(#124),#2030,.F.);
#2136=ADVANCED_FACE('',(#125),#2031,.F.);
#2137=ADVANCED_FACE('',(#126),#2032,.F.);
#2138=ADVANCED_FACE('',(#127),#2033,.F.);
#2139=ADVANCED_FACE('',(#128),#2034,.F.);
#2140=ADVANCED_FACE('',(#129),#2035,.T.);
#2141=ADVANCED_FACE('',(#130),#2036,.T.);
#2142=ADVANCED_FACE('',(#131),#2037,.T.);
#2143=ADVANCED_FACE('',(#132),#2038,.T.);
#2144=ADVANCED_FACE('',(#133),#2039,.T.);
#2145=ADVANCED_FACE('',(#134),#2040,.T.);
#2146=ADVANCED_FACE('',(#135),#2041,.T.);
#2147=ADVANCED_FACE('',(#136),#2042,.T.);
#2148=ADVANCED_FACE('',(#137),#2043,.T.);
#2149=ADVANCED_FACE('',(#138),#2044,.T.);
#2150=ADVANCED_FACE('',(#139),#2045,.T.);
#2151=ADVANCED_FACE('',(#140),#2046,.T.);
#2152=ADVANCED_FACE('',(#141),#2047,.T.);
#2153=ADVANCED_FACE('',(#142),#2048,.T.);
#2154=ADVANCED_FACE('',(#143),#2049,.T.);
#2155=ADVANCED_FACE('',(#144),#2050,.T.);
#2156=ADVANCED_FACE('',(#145),#2051,.T.);
#2157=ADVANCED_FACE('',(#146),#2052,.T.);
#2158=ADVANCED_FACE('',(#147),#52,.F.);
#2159=ADVANCED_FACE('',(#148,#28),#2053,.F.);
#2160=ADVANCED_FACE('',(#149),#53,.F.);
#2161=ADVANCED_FACE('',(#150,#29),#2054,.F.);
#2162=ADVANCED_FACE('',(#151),#2055,.T.);
#2163=ADVANCED_FACE('',(#152),#2056,.T.);
#2164=ADVANCED_FACE('',(#153),#2057,.T.);
#2165=ADVANCED_FACE('',(#154,#30,#31),#2058,.F.);
#2166=ADVANCED_FACE('',(#155),#2059,.F.);
#2167=ADVANCED_FACE('',(#156),#2060,.F.);
#2168=ADVANCED_FACE('',(#157),#2061,.F.);
#2169=ADVANCED_FACE('',(#158),#2062,.F.);
#2170=ADVANCED_FACE('',(#159),#2063,.F.);
#2171=ADVANCED_FACE('',(#160),#2064,.F.);
#2172=ADVANCED_FACE('',(#161),#2065,.F.);
#2173=ADVANCED_FACE('',(#162),#2066,.F.);
#2174=ADVANCED_FACE('',(#163),#2067,.F.);
#2175=ADVANCED_FACE('',(#164),#2068,.F.);
#2176=ADVANCED_FACE('',(#165),#2069,.F.);
#2177=ADVANCED_FACE('',(#166,#32),#2070,.T.);
#2178=ADVANCED_FACE('',(#167),#2071,.T.);
#2179=ADVANCED_FACE('',(#168,#33),#2072,.T.);
#2180=ADVANCED_FACE('',(#169),#2073,.T.);
#2181=ADVANCED_FACE('',(#170,#34),#2074,.T.);
#2182=ADVANCED_FACE('',(#171,#35),#2075,.T.);
#2183=ADVANCED_FACE('',(#172,#36),#2076,.T.);
#2184=ADVANCED_FACE('',(#173,#37,#38),#2077,.F.);
#2185=ADVANCED_FACE('',(#174),#2078,.F.);
#2186=ADVANCED_FACE('',(#175),#82,.F.);
#2187=ADVANCED_FACE('',(#176),#2079,.F.);
#2188=ADVANCED_FACE('',(#177),#2080,.F.);
#2189=ADVANCED_FACE('',(#178),#2081,.F.);
#2190=ADVANCED_FACE('',(#179),#2082,.F.);
#2191=ADVANCED_FACE('',(#180),#2083,.F.);
#2192=ADVANCED_FACE('',(#181),#2084,.F.);
#2193=ADVANCED_FACE('',(#182),#2085,.F.);
#2194=ADVANCED_FACE('',(#183),#2086,.F.);
#2195=ADVANCED_FACE('',(#184),#54,.F.);
#2196=ADVANCED_FACE('',(#185),#55,.F.);
#2197=ADVANCED_FACE('',(#186),#56,.F.);
#2198=ADVANCED_FACE('',(#187),#2087,.T.);
#2199=ADVANCED_FACE('',(#188),#2088,.T.);
#2200=ADVANCED_FACE('',(#189),#2089,.T.);
#2201=ADVANCED_FACE('',(#190),#57,.T.);
#2202=ADVANCED_FACE('',(#191),#58,.T.);
#2203=ADVANCED_FACE('',(#192),#59,.T.);
#2204=ADVANCED_FACE('',(#193),#23,.F.);
#2205=ADVANCED_FACE('',(#194),#24,.F.);
#2206=ADVANCED_FACE('',(#195),#25,.F.);
#2207=ADVANCED_FACE('',(#196),#26,.F.);
#2208=ADVANCED_FACE('',(#197),#83,.F.);
#2209=ADVANCED_FACE('',(#198),#60,.F.);
#2210=ADVANCED_FACE('',(#199),#61,.T.);
#2211=ADVANCED_FACE('',(#200),#2090,.T.);
#2212=ADVANCED_FACE('',(#201,#39),#2091,.T.);
#2213=ADVANCED_FACE('',(#202),#62,.T.);
#2214=ADVANCED_FACE('',(#203),#63,.F.);
#2215=ADVANCED_FACE('',(#204),#2092,.T.);
#2216=ADVANCED_FACE('',(#205),#2093,.F.);
#2217=ADVANCED_FACE('',(#206),#2094,.F.);
#2218=CLOSED_SHELL('',(#2095,#2096,#2097,#2098,#2099,#2100,#2101,#2102,
#2103,#2104,#2105,#2106,#2107,#2108,#2109,#2110,#2111,#2112,#2113,#2114,
#2115,#2116,#2117,#2118,#2119,#2120,#2121,#2122,#2123,#2124,#2125,#2126,
#2127));
#2219=CLOSED_SHELL('',(#2128,#2129,#2130,#2131,#2132,#2133,#2134,#2135,
#2136,#2137,#2138,#2139,#2140,#2141,#2142,#2143,#2144,#2145,#2146,#2147,
#2148,#2149,#2150,#2151,#2152,#2153,#2154,#2155,#2156,#2157,#2158,#2159,
#2160,#2161,#2162,#2163,#2164,#2165,#2166,#2167,#2168,#2169,#2170,#2171,
#2172,#2173,#2174,#2175,#2176,#2177,#2178,#2179,#2180,#2181,#2182,#2183,
#2184));
#2220=CLOSED_SHELL('',(#2185,#2186,#2187,#2188,#2189,#2190,#2191,#2192,
#2193,#2194,#2195,#2196,#2197,#2198,#2199,#2200,#2201,#2202,#2203,#2204,
#2205,#2206,#2207,#2208,#2209,#2210,#2211,#2212,#2213,#2214,#2215,#2216,
#2217));
#2221=DERIVED_UNIT_ELEMENT(#2223,1.);
#2222=DERIVED_UNIT_ELEMENT(#3879,-3.);
#2223=(
MASS_UNIT()
NAMED_UNIT(*)
SI_UNIT(.KILO.,.GRAM.)
);
#2224=DERIVED_UNIT((#2221,#2222));
#2225=MEASURE_REPRESENTATION_ITEM('density measure',
POSITIVE_RATIO_MEASURE(7850.),#2224);
#2226=PROPERTY_DEFINITION_REPRESENTATION(#2231,#2228);
#2227=PROPERTY_DEFINITION_REPRESENTATION(#2232,#2229);
#2228=REPRESENTATION('material name',(#2230),#3876);
#2229=REPRESENTATION('density',(#2225),#3876);
#2230=DESCRIPTIVE_REPRESENTATION_ITEM('Steel','Steel');
#2231=PROPERTY_DEFINITION('material property','material name',#3886);
#2232=PROPERTY_DEFINITION('material property','density of part',#3886);
#2233=AXIS2_PLACEMENT_3D('',#3024,#2422,#2423);
#2234=AXIS2_PLACEMENT_3D('',#3025,#2424,#2425);
#2235=AXIS2_PLACEMENT_3D('',#3030,#2427,#2428);
#2236=AXIS2_PLACEMENT_3D('',#3033,#2430,#2431);
#2237=AXIS2_PLACEMENT_3D('',#3034,#2432,#2433);
#2238=AXIS2_PLACEMENT_3D('',#3040,#2437,#2438);
#2239=AXIS2_PLACEMENT_3D('',#3046,#2442,#2443);
#2240=AXIS2_PLACEMENT_3D('',#3050,#2445,#2446);
#2241=AXIS2_PLACEMENT_3D('',#3051,#2447,#2448);
#2242=AXIS2_PLACEMENT_3D('',#3071,#2453,#2454);
#2243=AXIS2_PLACEMENT_3D('',#3091,#2459,#2460);
#2244=AXIS2_PLACEMENT_3D('',#3111,#2465,#2466);
#2245=AXIS2_PLACEMENT_3D('',#3131,#2471,#2472);
#2246=AXIS2_PLACEMENT_3D('',#3151,#2477,#2478);
#2247=AXIS2_PLACEMENT_3D('',#3171,#2483,#2484);
#2248=AXIS2_PLACEMENT_3D('',#3191,#2489,#2490);
#2249=AXIS2_PLACEMENT_3D('',#3211,#2495,#2496);
#2250=AXIS2_PLACEMENT_3D('',#3212,#2497,#2498);
#2251=AXIS2_PLACEMENT_3D('',#3213,#2499,#2500);
#2252=AXIS2_PLACEMENT_3D('',#3214,#2501,#2502);
#2253=AXIS2_PLACEMENT_3D('',#3215,#2503,#2504);
#2254=AXIS2_PLACEMENT_3D('',#3216,#2505,#2506);
#2255=AXIS2_PLACEMENT_3D('',#3217,#2507,#2508);
#2256=AXIS2_PLACEMENT_3D('',#3218,#2509,#2510);
#2257=AXIS2_PLACEMENT_3D('',#3219,#2511,#2512);
#2258=AXIS2_PLACEMENT_3D('',#3220,#2513,#2514);
#2259=AXIS2_PLACEMENT_3D('',#3221,#2515,#2516);
#2260=AXIS2_PLACEMENT_3D('',#3222,#2517,#2518);
#2261=AXIS2_PLACEMENT_3D('',#3223,#2519,#2520);
#2262=AXIS2_PLACEMENT_3D('',#3224,#2521,#2522);
#2263=AXIS2_PLACEMENT_3D('',#3225,#2523,#2524);
#2264=AXIS2_PLACEMENT_3D('',#3226,#2525,#2526);
#2265=AXIS2_PLACEMENT_3D('',#3227,#2527,#2528);
#2266=AXIS2_PLACEMENT_3D('',#3228,#2529,#2530);
#2267=AXIS2_PLACEMENT_3D('',#3229,#2531,#2532);
#2268=AXIS2_PLACEMENT_3D('',#3231,#2533,#2534);
#2269=AXIS2_PLACEMENT_3D('',#3232,#2535,#2536);
#2270=AXIS2_PLACEMENT_3D('',#3233,#2537,#2538);
#2271=AXIS2_PLACEMENT_3D('',#3234,#2539,#2540);
#2272=AXIS2_PLACEMENT_3D('',#3235,#2541,#2542);
#2273=AXIS2_PLACEMENT_3D('',#3236,#2543,#2544);
#2274=AXIS2_PLACEMENT_3D('',#3237,#2545,#2546);
#2275=AXIS2_PLACEMENT_3D('',#3238,#2547,#2548);
#2276=AXIS2_PLACEMENT_3D('',#3240,#2549,#2550);
#2277=AXIS2_PLACEMENT_3D('',#3241,#2551,#2552);
#2278=AXIS2_PLACEMENT_3D('',#3242,#2553,#2554);
#2279=AXIS2_PLACEMENT_3D('',#3243,#2555,#2556);
#2280=AXIS2_PLACEMENT_3D('',#3244,#2557,#2558);
#2281=AXIS2_PLACEMENT_3D('',#3245,#2559,#2560);
#2282=AXIS2_PLACEMENT_3D('',#3246,#2561,#2562);
#2283=AXIS2_PLACEMENT_3D('',#3247,#2563,#2564);
#2284=AXIS2_PLACEMENT_3D('',#3284,#2565,#2566);
#2285=AXIS2_PLACEMENT_3D('',#3285,#2567,#2568);
#2286=AXIS2_PLACEMENT_3D('',#3288,#2570,#2571);
#2287=AXIS2_PLACEMENT_3D('',#3289,#2572,#2573);
#2288=AXIS2_PLACEMENT_3D('',#3290,#2574,#2575);
#2289=AXIS2_PLACEMENT_3D('',#3291,#2576,#2577);
#2290=AXIS2_PLACEMENT_3D('',#3292,#2578,#2579);
#2291=AXIS2_PLACEMENT_3D('',#3294,#2581,#2582);
#2292=AXIS2_PLACEMENT_3D('',#3295,#2583,#2584);
#2293=AXIS2_PLACEMENT_3D('',#3297,#2586,#2587);
#2294=AXIS2_PLACEMENT_3D('',#3298,#2588,#2589);
#2295=AXIS2_PLACEMENT_3D('',#3300,#2590,#2591);
#2296=AXIS2_PLACEMENT_3D('',#3303,#2593,#2594);
#2297=AXIS2_PLACEMENT_3D('',#3304,#2595,#2596);
#2298=AXIS2_PLACEMENT_3D('',#3306,#2597,#2598);
#2299=AXIS2_PLACEMENT_3D('',#3309,#2600,#2601);
#2300=AXIS2_PLACEMENT_3D('',#3310,#2602,#2603);
#2301=AXIS2_PLACEMENT_3D('',#3319,#2608,#2609);
#2302=AXIS2_PLACEMENT_3D('',#3325,#2613,#2614);
#2303=AXIS2_PLACEMENT_3D('',#3331,#2618,#2619);
#2304=AXIS2_PLACEMENT_3D('',#3334,#2622,#2623);
#2305=AXIS2_PLACEMENT_3D('',#3335,#2624,#2625);
#2306=AXIS2_PLACEMENT_3D('',#3344,#2630,#2631);
#2307=AXIS2_PLACEMENT_3D('',#3350,#2635,#2636);
#2308=AXIS2_PLACEMENT_3D('',#3356,#2640,#2641);
#2309=AXIS2_PLACEMENT_3D('',#3359,#2644,#2645);
#2310=AXIS2_PLACEMENT_3D('',#3360,#2646,#2647);
#2311=AXIS2_PLACEMENT_3D('',#3369,#2652,#2653);
#2312=AXIS2_PLACEMENT_3D('',#3375,#2657,#2658);
#2313=AXIS2_PLACEMENT_3D('',#3381,#2662,#2663);
#2314=AXIS2_PLACEMENT_3D('',#3384,#2666,#2667);
#2315=AXIS2_PLACEMENT_3D('',#3385,#2668,#2669);
#2316=AXIS2_PLACEMENT_3D('',#3394,#2674,#2675);
#2317=AXIS2_PLACEMENT_3D('',#3400,#2679,#2680);
#2318=AXIS2_PLACEMENT_3D('',#3406,#2684,#2685);
#2319=AXIS2_PLACEMENT_3D('',#3412,#2689,#2690);
#2320=AXIS2_PLACEMENT_3D('',#3418,#2694,#2695);
#2321=AXIS2_PLACEMENT_3D('',#3424,#2699,#2700);
#2322=AXIS2_PLACEMENT_3D('',#3430,#2704,#2705);
#2323=AXIS2_PLACEMENT_3D('',#3436,#2709,#2710);
#2324=AXIS2_PLACEMENT_3D('',#3442,#2714,#2715);
#2325=AXIS2_PLACEMENT_3D('',#3448,#2719,#2720);
#2326=AXIS2_PLACEMENT_3D('',#3454,#2724,#2725);
#2327=AXIS2_PLACEMENT_3D('',#3457,#2728,#2729);
#2328=AXIS2_PLACEMENT_3D('',#3458,#2730,#2731);
#2329=AXIS2_PLACEMENT_3D('',#3460,#2732,#2733);
#2330=AXIS2_PLACEMENT_3D('',#3463,#2735,#2736);
#2331=AXIS2_PLACEMENT_3D('',#3464,#2737,#2738);
#2332=AXIS2_PLACEMENT_3D('',#3465,#2739,#2740);
#2333=AXIS2_PLACEMENT_3D('',#3467,#2741,#2742);
#2334=AXIS2_PLACEMENT_3D('',#3470,#2744,#2745);
#2335=AXIS2_PLACEMENT_3D('',#3471,#2746,#2747);
#2336=AXIS2_PLACEMENT_3D('',#3472,#2748,#2749);
#2337=AXIS2_PLACEMENT_3D('',#3481,#2754,#2755);
#2338=AXIS2_PLACEMENT_3D('',#3490,#2760,#2761);
#2339=AXIS2_PLACEMENT_3D('',#3493,#2764,#2765);
#2340=AXIS2_PLACEMENT_3D('',#3516,#2778,#2779);
#2341=AXIS2_PLACEMENT_3D('',#3522,#2783,#2784);
#2342=AXIS2_PLACEMENT_3D('',#3526,#2787,#2788);
#2343=AXIS2_PLACEMENT_3D('',#3530,#2791,#2792);
#2344=AXIS2_PLACEMENT_3D('',#3532,#2794,#2795);
#2345=AXIS2_PLACEMENT_3D('',#3533,#2796,#2797);
#2346=AXIS2_PLACEMENT_3D('',#3539,#2801,#2802);
#2347=AXIS2_PLACEMENT_3D('',#3543,#2805,#2806);
#2348=AXIS2_PLACEMENT_3D('',#3547,#2809,#2810);
#2349=AXIS2_PLACEMENT_3D('',#3551,#2813,#2814);
#2350=AXIS2_PLACEMENT_3D('',#3555,#2817,#2818);
#2351=AXIS2_PLACEMENT_3D('',#3557,#2820,#2821);
#2352=AXIS2_PLACEMENT_3D('',#3566,#2826,#2827);
#2353=AXIS2_PLACEMENT_3D('',#3572,#2831,#2832);
#2354=AXIS2_PLACEMENT_3D('',#3578,#2836,#2837);
#2355=AXIS2_PLACEMENT_3D('',#3584,#2841,#2842);
#2356=AXIS2_PLACEMENT_3D('',#3590,#2846,#2847);
#2357=AXIS2_PLACEMENT_3D('',#3593,#2850,#2851);
#2358=AXIS2_PLACEMENT_3D('',#3594,#2852,#2853);
#2359=AXIS2_PLACEMENT_3D('',#3595,#2854,#2855);
#2360=AXIS2_PLACEMENT_3D('',#3600,#2857,#2858);
#2361=AXIS2_PLACEMENT_3D('',#3603,#2860,#2861);
#2362=AXIS2_PLACEMENT_3D('',#3604,#2862,#2863);
#2363=AXIS2_PLACEMENT_3D('',#3609,#2865,#2866);
#2364=AXIS2_PLACEMENT_3D('',#3610,#2867,#2868);
#2365=AXIS2_PLACEMENT_3D('',#3611,#2869,#2870);
#2366=AXIS2_PLACEMENT_3D('',#3631,#2875,#2876);
#2367=AXIS2_PLACEMENT_3D('',#3651,#2881,#2882);
#2368=AXIS2_PLACEMENT_3D('',#3671,#2887,#2888);
#2369=AXIS2_PLACEMENT_3D('',#3691,#2893,#2894);
#2370=AXIS2_PLACEMENT_3D('',#3711,#2899,#2900);
#2371=AXIS2_PLACEMENT_3D('',#3731,#2905,#2906);
#2372=AXIS2_PLACEMENT_3D('',#3751,#2911,#2912);
#2373=AXIS2_PLACEMENT_3D('',#3771,#2917,#2918);
#2374=AXIS2_PLACEMENT_3D('',#3772,#2919,#2920);
#2375=AXIS2_PLACEMENT_3D('',#3773,#2921,#2922);
#2376=AXIS2_PLACEMENT_3D('',#3774,#2923,#2924);
#2377=AXIS2_PLACEMENT_3D('',#3775,#2925,#2926);
#2378=AXIS2_PLACEMENT_3D('',#3776,#2927,#2928);
#2379=AXIS2_PLACEMENT_3D('',#3777,#2929,#2930);
#2380=AXIS2_PLACEMENT_3D('',#3778,#2931,#2932);
#2381=AXIS2_PLACEMENT_3D('',#3779,#2933,#2934);
#2382=AXIS2_PLACEMENT_3D('',#3780,#2935,#2936);
#2383=AXIS2_PLACEMENT_3D('',#3781,#2937,#2938);
#2384=AXIS2_PLACEMENT_3D('',#3782,#2939,#2940);
#2385=AXIS2_PLACEMENT_3D('',#3783,#2941,#2942);
#2386=AXIS2_PLACEMENT_3D('',#3784,#2943,#2944);
#2387=AXIS2_PLACEMENT_3D('',#3785,#2945,#2946);
#2388=AXIS2_PLACEMENT_3D('',#3786,#2947,#2948);
#2389=AXIS2_PLACEMENT_3D('',#3787,#2949,#2950);
#2390=AXIS2_PLACEMENT_3D('',#3788,#2951,#2952);
#2391=AXIS2_PLACEMENT_3D('',#3789,#2953,#2954);
#2392=AXIS2_PLACEMENT_3D('',#3790,#2955,#2956);
#2393=AXIS2_PLACEMENT_3D('',#3791,#2957,#2958);
#2394=AXIS2_PLACEMENT_3D('',#3792,#2959,#2960);
#2395=AXIS2_PLACEMENT_3D('',#3793,#2961,#2962);
#2396=AXIS2_PLACEMENT_3D('',#3794,#2963,#2964);
#2397=AXIS2_PLACEMENT_3D('',#3831,#2965,#2966);
#2398=AXIS2_PLACEMENT_3D('',#3832,#2967,#2968);
#2399=AXIS2_PLACEMENT_3D('',#3833,#2969,#2970);
#2400=AXIS2_PLACEMENT_3D('',#3837,#2972,#2973);
#2401=AXIS2_PLACEMENT_3D('',#3838,#2974,#2975);
#2402=AXIS2_PLACEMENT_3D('',#3839,#2976,#2977);
#2403=AXIS2_PLACEMENT_3D('',#3840,#2978,#2979);
#2404=AXIS2_PLACEMENT_3D('',#3841,#2980,#2981);
#2405=AXIS2_PLACEMENT_3D('',#3842,#2982,#2983);
#2406=AXIS2_PLACEMENT_3D('',#3843,#2984,#2985);
#2407=AXIS2_PLACEMENT_3D('',#3844,#2986,#2987);
#2408=AXIS2_PLACEMENT_3D('',#3845,#2988,#2989);
#2409=AXIS2_PLACEMENT_3D('',#3846,#2990,#2991);
#2410=AXIS2_PLACEMENT_3D('',#3847,#2992,#2993);
#2411=AXIS2_PLACEMENT_3D('',#3848,#2994,#2995);
#2412=AXIS2_PLACEMENT_3D('',#3850,#2996,#2997);
#2413=AXIS2_PLACEMENT_3D('',#3851,#2998,#2999);
#2414=AXIS2_PLACEMENT_3D('',#3855,#3001,#3002);
#2415=AXIS2_PLACEMENT_3D('',#3858,#3004,#3005);
#2416=AXIS2_PLACEMENT_3D('',#3860,#3007,#3008);
#2417=AXIS2_PLACEMENT_3D('',#3864,#3010,#3011);
#2418=AXIS2_PLACEMENT_3D('',#3867,#3013,#3014);
#2419=AXIS2_PLACEMENT_3D('',#3869,#3016,#3017);
#2420=AXIS2_PLACEMENT_3D('',#3872,#3020,#3021);
#2421=AXIS2_PLACEMENT_3D('',#3873,#3022,#3023);
#2422=DIRECTION('axis',(0.,0.,1.));
#2423=DIRECTION('refdir',(1.,0.,0.));
#2424=DIRECTION('center_axis',(0.,0.,-1.));
#2425=DIRECTION('ref_axis',(2.22044604925031E-16,1.,0.));
#2426=DIRECTION('',(-1.,2.22044604925031E-16,0.));
#2427=DIRECTION('center_axis',(0.,0.,1.));
#2428=DIRECTION('ref_axis',(2.22044604925031E-16,1.,0.));
#2429=DIRECTION('',(-1.,2.22044604925031E-16,0.));
#2430=DIRECTION('center_axis',(0.,0.,-1.));
#2431=DIRECTION('ref_axis',(2.22044604925031E-16,1.,0.));
#2432=DIRECTION('center_axis',(2.22044604925031E-16,1.,0.));
#2433=DIRECTION('ref_axis',(0.,0.,1.));
#2434=DIRECTION('',(0.,0.,1.));
#2435=DIRECTION('',(0.,0.,-1.));
#2436=DIRECTION('',(1.,-2.22044604925031E-16,0.));
#2437=DIRECTION('center_axis',(2.22044604925031E-16,1.,0.));
#2438=DIRECTION('ref_axis',(0.,0.,1.));
#2439=DIRECTION('',(0.,0.,-1.));
#2440=DIRECTION('',(1.,-2.22044604925031E-16,0.));
#2441=DIRECTION('',(0.,0.,1.));
#2442=DIRECTION('center_axis',(0.,0.,-1.));
#2443=DIRECTION('ref_axis',(-1.,0.,0.));
#2444=DIRECTION('',(0.85716730070211,-1.04972719113862E-16,-0.515038074910058));
#2445=DIRECTION('center_axis',(0.,0.,1.));
#2446=DIRECTION('ref_axis',(-1.,0.,0.));
#2447=DIRECTION('center_axis',(0.,1.,0.));
#2448=DIRECTION('ref_axis',(1.,0.,0.));
#2449=DIRECTION('',(0.,0.,1.));
#2450=DIRECTION('',(1.,0.,0.));
#2451=DIRECTION('',(0.,0.,-1.));
#2452=DIRECTION('',(1.,0.,0.));
#2453=DIRECTION('center_axis',(0.,-1.,0.));
#2454=DIRECTION('ref_axis',(-1.,0.,0.));
#2455=DIRECTION('',(0.,0.,1.));
#2456=DIRECTION('',(-1.,0.,0.));
#2457=DIRECTION('',(0.,0.,-1.));
#2458=DIRECTION('',(-1.,0.,0.));
#2459=DIRECTION('center_axis',(1.,0.,0.));
#2460=DIRECTION('ref_axis',(0.,-1.,0.));
#2461=DIRECTION('',(0.,0.,1.));
#2462=DIRECTION('',(0.,-1.,0.));
#2463=DIRECTION('',(0.,0.,-1.));
#2464=DIRECTION('',(0.,-1.,0.));
#2465=DIRECTION('center_axis',(0.,1.,0.));
#2466=DIRECTION('ref_axis',(1.,0.,0.));
#2467=DIRECTION('',(0.,0.,1.));
#2468=DIRECTION('',(1.,0.,0.));
#2469=DIRECTION('',(0.,0.,-1.));
#2470=DIRECTION('',(1.,0.,0.));
#2471=DIRECTION('center_axis',(-1.,0.,0.));
#2472=DIRECTION('ref_axis',(0.,1.,0.));
#2473=DIRECTION('',(0.,0.,1.));
#2474=DIRECTION('',(0.,1.,0.));
#2475=DIRECTION('',(0.,0.,-1.));
#2476=DIRECTION('',(0.,1.,0.));
#2477=DIRECTION('center_axis',(-1.,0.,0.));
#2478=DIRECTION('ref_axis',(0.,1.,0.));
#2479=DIRECTION('',(0.,0.,-1.));
#2480=DIRECTION('',(0.,1.,0.));
#2481=DIRECTION('',(0.,0.,1.));
#2482=DIRECTION('',(0.,1.,0.));
#2483=DIRECTION('center_axis',(0.,-1.,0.));
#2484=DIRECTION('ref_axis',(-1.,0.,0.));
#2485=DIRECTION('',(0.,0.,-1.));
#2486=DIRECTION('',(-1.,0.,0.));
#2487=DIRECTION('',(0.,0.,1.));
#2488=DIRECTION('',(-1.,0.,0.));
#2489=DIRECTION('center_axis',(1.,0.,0.));
#2490=DIRECTION('ref_axis',(0.,-1.,0.));
#2491=DIRECTION('',(0.,0.,-1.));
#2492=DIRECTION('',(0.,-1.,0.));
#2493=DIRECTION('',(0.,0.,1.));
#2494=DIRECTION('',(0.,-1.,0.));
#2495=DIRECTION('center_axis',(0.,0.,-1.));
#2496=DIRECTION('ref_axis',(1.,0.,0.));
#2497=DIRECTION('center_axis',(0.,0.,-1.));
#2498=DIRECTION('ref_axis',(1.,0.,0.));
#2499=DIRECTION('center_axis',(0.,0.,-1.));
#2500=DIRECTION('ref_axis',(1.,0.,0.));
#2501=DIRECTION('center_axis',(0.,0.,-1.));
#2502=DIRECTION('ref_axis',(1.,0.,0.));
#2503=DIRECTION('center_axis',(0.,0.,-1.));
#2504=DIRECTION('ref_axis',(1.,0.,0.));
#2505=DIRECTION('center_axis',(0.,0.,-1.));
#2506=DIRECTION('ref_axis',(1.,0.,0.));
#2507=DIRECTION('center_axis',(0.,0.,-1.));
#2508=DIRECTION('ref_axis',(1.,0.,0.));
#2509=DIRECTION('center_axis',(0.,0.,-1.));
#2510=DIRECTION('ref_axis',(1.,0.,0.));
#2511=DIRECTION('center_axis',(0.,0.,-1.));
#2512=DIRECTION('ref_axis',(1.,0.,0.));
#2513=DIRECTION('center_axis',(0.,0.,1.));
#2514=DIRECTION('ref_axis',(1.,0.,0.));
#2515=DIRECTION('center_axis',(0.,0.,-1.));
#2516=DIRECTION('ref_axis',(1.,0.,0.));
#2517=DIRECTION('center_axis',(0.,0.,1.));
#2518=DIRECTION('ref_axis',(1.,0.,0.));
#2519=DIRECTION('center_axis',(0.,0.,-1.));
#2520=DIRECTION('ref_axis',(1.,0.,0.));
#2521=DIRECTION('center_axis',(0.,0.,1.));
#2522=DIRECTION('ref_axis',(1.,0.,0.));
#2523=DIRECTION('center_axis',(0.,0.,-1.));
#2524=DIRECTION('ref_axis',(1.,0.,0.));
#2525=DIRECTION('center_axis',(0.,0.,1.));
#2526=DIRECTION('ref_axis',(1.,0.,0.));
#2527=DIRECTION('center_axis',(0.,0.,-1.));
#2528=DIRECTION('ref_axis',(1.,0.,0.));
#2529=DIRECTION('center_axis',(0.,0.,-1.));
#2530=DIRECTION('ref_axis',(1.,0.,0.));
#2531=DIRECTION('center_axis',(0.,0.,1.));
#2532=DIRECTION('ref_axis',(1.,0.,0.));
#2533=DIRECTION('center_axis',(0.,0.,1.));
#2534=DIRECTION('ref_axis',(1.,0.,0.));
#2535=DIRECTION('center_axis',(0.,0.,-1.));
#2536=DIRECTION('ref_axis',(1.,0.,0.));
#2537=DIRECTION('center_axis',(0.,0.,-1.));
#2538=DIRECTION('ref_axis',(1.,0.,0.));
#2539=DIRECTION('center_axis',(0.,0.,-1.));
#2540=DIRECTION('ref_axis',(1.,0.,0.));
#2541=DIRECTION('center_axis',(0.,0.,-1.));
#2542=DIRECTION('ref_axis',(1.,0.,0.));
#2543=DIRECTION('center_axis',(0.,0.,-1.));
#2544=DIRECTION('ref_axis',(1.,0.,0.));
#2545=DIRECTION('center_axis',(0.,0.,-1.));
#2546=DIRECTION('ref_axis',(1.,0.,0.));
#2547=DIRECTION('center_axis',(0.,0.,-1.));
#2548=DIRECTION('ref_axis',(1.,0.,0.));
#2549=DIRECTION('center_axis',(0.,0.,-1.));
#2550=DIRECTION('ref_axis',(1.,0.,0.));
#2551=DIRECTION('center_axis',(0.,0.,-1.));
#2552=DIRECTION('ref_axis',(1.,0.,0.));
#2553=DIRECTION('center_axis',(0.,0.,1.));
#2554=DIRECTION('ref_axis',(1.,0.,0.));
#2555=DIRECTION('center_axis',(0.,0.,1.));
#2556=DIRECTION('ref_axis',(1.,0.,0.));
#2557=DIRECTION('center_axis',(0.,0.,1.));
#2558=DIRECTION('ref_axis',(1.,0.,0.));
#2559=DIRECTION('center_axis',(0.,0.,1.));
#2560=DIRECTION('ref_axis',(1.,0.,0.));
#2561=DIRECTION('center_axis',(0.,0.,1.));
#2562=DIRECTION('ref_axis',(1.,0.,0.));
#2563=DIRECTION('center_axis',(0.,0.,1.));
#2564=DIRECTION('ref_axis',(1.,0.,0.));
#2565=DIRECTION('center_axis',(0.,0.,1.));
#2566=DIRECTION('ref_axis',(1.,0.,0.));
#2567=DIRECTION('center_axis',(0.,0.,1.));
#2568=DIRECTION('ref_axis',(1.,0.,0.));
#2569=DIRECTION('',(-0.85716730070211,-1.04972719113862E-16,0.515038074910058));
#2570=DIRECTION('center_axis',(0.,0.,-1.));
#2571=DIRECTION('ref_axis',(1.,0.,0.));
#2572=DIRECTION('center_axis',(0.,0.,-1.));
#2573=DIRECTION('ref_axis',(1.,0.,0.));
#2574=DIRECTION('center_axis',(0.,0.,1.));
#2575=DIRECTION('ref_axis',(1.,0.,0.));
#2576=DIRECTION('center_axis',(0.,0.,1.));
#2577=DIRECTION('ref_axis',(-1.,0.,0.));
#2578=DIRECTION('center_axis',(0.,0.,1.));
#2579=DIRECTION('ref_axis',(-1.,0.,0.));
#2580=DIRECTION('',(0.,0.,1.));
#2581=DIRECTION('center_axis',(0.,0.,-1.));
#2582=DIRECTION('ref_axis',(-1.,0.,0.));
#2583=DIRECTION('center_axis',(0.,0.,-1.));
#2584=DIRECTION('ref_axis',(-1.,0.,0.));
#2585=DIRECTION('',(0.,0.,1.));
#2586=DIRECTION('center_axis',(0.,0.,-1.));
#2587=DIRECTION('ref_axis',(-1.,0.,0.));
#2588=DIRECTION('center_axis',(0.,0.,-1.));
#2589=DIRECTION('ref_axis',(-1.,0.,0.));
#2590=DIRECTION('center_axis',(0.,0.,-1.));
#2591=DIRECTION('ref_axis',(1.,0.,0.));
#2592=DIRECTION('',(0.,0.,-1.));
#2593=DIRECTION('center_axis',(0.,0.,1.));
#2594=DIRECTION('ref_axis',(-1.,0.,0.));
#2595=DIRECTION('center_axis',(0.,0.,-1.));
#2596=DIRECTION('ref_axis',(-1.,0.,0.));
#2597=DIRECTION('center_axis',(0.,0.,-1.));
#2598=DIRECTION('ref_axis',(1.,0.,0.));
#2599=DIRECTION('',(0.,0.,-1.));
#2600=DIRECTION('center_axis',(0.,0.,1.));
#2601=DIRECTION('ref_axis',(-1.,0.,0.));
#2602=DIRECTION('center_axis',(-1.,0.,0.));
#2603=DIRECTION('ref_axis',(0.,0.,1.));
#2604=DIRECTION('',(0.,0.,1.));
#2605=DIRECTION('',(0.,1.,0.));
#2606=DIRECTION('',(0.,0.,1.));
#2607=DIRECTION('',(0.,1.,0.));
#2608=DIRECTION('center_axis',(0.,0.,-1.));
#2609=DIRECTION('ref_axis',(-1.,0.,0.));
#2610=DIRECTION('',(-1.,0.,0.));
#2611=DIRECTION('',(0.,1.,0.));
#2612=DIRECTION('',(-1.,0.,0.));
#2613=DIRECTION('center_axis',(1.,0.,0.));
#2614=DIRECTION('ref_axis',(0.,0.,-1.));
#2615=DIRECTION('',(0.,0.,-1.));
#2616=DIRECTION('',(0.,1.,0.));
#2617=DIRECTION('',(0.,0.,-1.));
#2618=DIRECTION('center_axis',(0.,0.,1.));
#2619=DIRECTION('ref_axis',(1.,0.,0.));
#2620=DIRECTION('',(1.,0.,0.));
#2621=DIRECTION('',(1.,0.,0.));
#2622=DIRECTION('center_axis',(0.,1.,0.));
#2623=DIRECTION('ref_axis',(0.,0.,1.));
#2624=DIRECTION('center_axis',(0.,0.,-1.));
#2625=DIRECTION('ref_axis',(1.,0.,0.));
#2626=DIRECTION('',(1.,0.,0.));
#2627=DIRECTION('',(0.,-1.,0.));
#2628=DIRECTION('',(1.,0.,0.));
#2629=DIRECTION('',(0.,-1.,0.));
#2630=DIRECTION('center_axis',(-1.,0.,0.));
#2631=DIRECTION('ref_axis',(0.,0.,-1.));
#2632=DIRECTION('',(0.,0.,-1.));
#2633=DIRECTION('',(0.,-1.,0.));
#2634=DIRECTION('',(0.,0.,-1.));
#2635=DIRECTION('center_axis',(0.,0.,1.));
#2636=DIRECTION('ref_axis',(-1.,0.,0.));
#2637=DIRECTION('',(-1.,0.,0.));
#2638=DIRECTION('',(0.,-1.,0.));
#2639=DIRECTION('',(-1.,0.,0.));
#2640=DIRECTION('center_axis',(1.,0.,0.));
#2641=DIRECTION('ref_axis',(0.,0.,1.));
#2642=DIRECTION('',(0.,0.,1.));
#2643=DIRECTION('',(0.,0.,1.));
#2644=DIRECTION('center_axis',(0.,-1.,0.));
#2645=DIRECTION('ref_axis',(0.,0.,-1.));
#2646=DIRECTION('center_axis',(0.,0.,-1.));
#2647=DIRECTION('ref_axis',(0.,-1.,0.));
#2648=DIRECTION('',(0.,1.,0.));
#2649=DIRECTION('',(-1.,0.,0.));
#2650=DIRECTION('',(0.,-1.,0.));
#2651=DIRECTION('',(-1.,0.,0.));
#2652=DIRECTION('center_axis',(0.,1.,0.));
#2653=DIRECTION('ref_axis',(0.,0.,-1.));
#2654=DIRECTION('',(0.,0.,1.));
#2655=DIRECTION('',(0.,0.,-1.));
#2656=DIRECTION('',(-1.,0.,0.));
#2657=DIRECTION('center_axis',(0.,0.,1.));
#2658=DIRECTION('ref_axis',(0.,1.,0.));
#2659=DIRECTION('',(0.,-1.,0.));
#2660=DIRECTION('',(0.,1.,0.));
#2661=DIRECTION('',(-1.,0.,0.));
#2662=DIRECTION('center_axis',(0.,-1.,0.));
#2663=DIRECTION('ref_axis',(0.,0.,1.));
#2664=DIRECTION('',(0.,0.,-1.));
#2665=DIRECTION('',(0.,0.,1.));
#2666=DIRECTION('center_axis',(-1.,0.,0.));
#2667=DIRECTION('ref_axis',(0.,0.,1.));
#2668=DIRECTION('center_axis',(0.,1.48029566849398E-15,-1.));
#2669=DIRECTION('ref_axis',(0.,1.,1.48029566849398E-15));
#2670=DIRECTION('',(0.,-1.,-1.48029566849398E-15));
#2671=DIRECTION('',(1.,0.,0.));
#2672=DIRECTION('',(0.,1.,1.48029566849398E-15));
#2673=DIRECTION('',(1.,0.,0.));
#2674=DIRECTION('center_axis',(0.,-1.,1.11022302462516E-15));
#2675=DIRECTION('ref_axis',(0.,-1.11022302462516E-15,-1.));
#2676=DIRECTION('',(0.,1.11022302462516E-15,1.));
#2677=DIRECTION('',(0.,-1.11022302462516E-15,-1.));
#2678=DIRECTION('',(1.,0.,0.));
#2679=DIRECTION('center_axis',(0.,0.,1.));
#2680=DIRECTION('ref_axis',(0.,-1.,0.));
#2681=DIRECTION('',(0.,1.,0.));
#2682=DIRECTION('',(0.,-1.,0.));
#2683=DIRECTION('',(1.,0.,0.));
#2684=DIRECTION('center_axis',(0.,-1.,-9.25184792808739E-17));
#2685=DIRECTION('ref_axis',(0.,9.25184792808739E-17,-1.));
#2686=DIRECTION('',(0.,-9.25184792808739E-17,1.));
#2687=DIRECTION('',(0.,9.25184792808739E-17,-1.));
#2688=DIRECTION('',(1.,0.,0.));
#2689=DIRECTION('center_axis',(0.,0.,1.));
#2690=DIRECTION('ref_axis',(0.,-1.,0.));
#2691=DIRECTION('',(0.,1.,0.));
#2692=DIRECTION('',(0.,-1.,0.));
#2693=DIRECTION('',(1.,0.,0.));
#2694=DIRECTION('center_axis',(0.,1.,9.25184792806877E-17));
#2695=DIRECTION('ref_axis',(0.,-9.25184792806877E-17,1.));
#2696=DIRECTION('',(0.,9.25184792806877E-17,-1.));
#2697=DIRECTION('',(0.,-9.25184792806877E-17,1.));
#2698=DIRECTION('',(1.,0.,0.));
#2699=DIRECTION('center_axis',(0.,0.,1.));
#2700=DIRECTION('ref_axis',(0.,-1.,0.));
#2701=DIRECTION('',(0.,1.,0.));
#2702=DIRECTION('',(0.,-1.,0.));
#2703=DIRECTION('',(1.,0.,0.));
#2704=DIRECTION('center_axis',(0.,0.99999999999852,-1.72027074807092E-6));
#2705=DIRECTION('ref_axis',(0.,1.72027074807092E-6,0.99999999999852));
#2706=DIRECTION('',(0.,-1.72027074807092E-6,-0.99999999999852));
#2707=DIRECTION('',(0.,1.72027074807092E-6,0.99999999999852));
#2708=DIRECTION('',(1.,0.,0.));
#2709=DIRECTION('center_axis',(0.,0.,-1.));
#2710=DIRECTION('ref_axis',(0.,1.,0.));
#2711=DIRECTION('',(0.,-1.,0.));
#2712=DIRECTION('',(0.,1.,0.));
#2713=DIRECTION('',(1.,0.,0.));
#2714=DIRECTION('center_axis',(0.,0.999999999997984,-2.00815921790935E-6));
#2715=DIRECTION('ref_axis',(0.,2.00815921790935E-6,0.999999999997984));
#2716=DIRECTION('',(0.,-2.00815921790935E-6,-0.999999999997984));
#2717=DIRECTION('',(0.,2.00815921790935E-6,0.999999999997984));
#2718=DIRECTION('',(1.,0.,0.));
#2719=DIRECTION('center_axis',(0.,0.,-1.));
#2720=DIRECTION('ref_axis',(0.,1.,0.));
#2721=DIRECTION('',(0.,-1.,0.));
#2722=DIRECTION('',(0.,1.,0.));
#2723=DIRECTION('',(1.,0.,0.));
#2724=DIRECTION('center_axis',(0.,-1.,-9.71444032449177E-16));
#2725=DIRECTION('ref_axis',(0.,9.71444032449177E-16,-1.));
#2726=DIRECTION('',(0.,-9.71444032449177E-16,1.));
#2727=DIRECTION('',(0.,9.71444032449177E-16,-1.));
#2728=DIRECTION('center_axis',(1.,0.,0.));
#2729=DIRECTION('ref_axis',(0.,0.,-1.));
#2730=DIRECTION('center_axis',(0.,0.,1.));
#2731=DIRECTION('ref_axis',(1.,0.,0.));
#2732=DIRECTION('center_axis',(0.,0.,1.));
#2733=DIRECTION('ref_axis',(1.,0.,0.));
#2734=DIRECTION('',(0.,0.,1.));
#2735=DIRECTION('center_axis',(0.,0.,1.));
#2736=DIRECTION('ref_axis',(1.,0.,0.));
#2737=DIRECTION('center_axis',(0.,0.,1.));
#2738=DIRECTION('ref_axis',(1.,0.,0.));
#2739=DIRECTION('center_axis',(0.,0.,1.));
#2740=DIRECTION('ref_axis',(1.,0.,0.));
#2741=DIRECTION('center_axis',(0.,0.,1.));
#2742=DIRECTION('ref_axis',(1.,0.,0.));
#2743=DIRECTION('',(0.,0.,1.));
#2744=DIRECTION('center_axis',(0.,0.,1.));
#2745=DIRECTION('ref_axis',(1.,0.,0.));
#2746=DIRECTION('center_axis',(0.,0.,1.));
#2747=DIRECTION('ref_axis',(1.,0.,0.));
#2748=DIRECTION('center_axis',(-1.,0.,0.));
#2749=DIRECTION('ref_axis',(0.,-1.,0.));
#2750=DIRECTION('',(0.,1.,0.));
#2751=DIRECTION('',(0.,0.,-1.));
#2752=DIRECTION('',(0.,-1.,0.));
#2753=DIRECTION('',(0.,0.,1.));
#2754=DIRECTION('center_axis',(1.,0.,0.));
#2755=DIRECTION('ref_axis',(0.,1.,0.));
#2756=DIRECTION('',(0.,-1.,0.));
#2757=DIRECTION('',(0.,0.,1.));
#2758=DIRECTION('',(0.,1.,0.));
#2759=DIRECTION('',(0.,0.,1.));
#2760=DIRECTION('center_axis',(0.,0.,1.));
#2761=DIRECTION('ref_axis',(1.,0.,0.));
#2762=DIRECTION('',(-1.,0.,0.));
#2763=DIRECTION('',(-1.,-4.83611380846128E-17,0.));
#2764=DIRECTION('center_axis',(0.,0.,-1.));
#2765=DIRECTION('ref_axis',(-1.,0.,0.));
#2766=DIRECTION('',(-1.,-4.83611380846128E-17,0.));
#2767=DIRECTION('',(0.,-1.,0.));
#2768=DIRECTION('',(1.,9.67222761692256E-17,0.));
#2769=DIRECTION('',(0.768221279597376,0.64018439966448,0.));
#2770=DIRECTION('',(0.,1.,0.));
#2771=DIRECTION('',(-0.768221279597376,0.64018439966448,0.));
#2772=DIRECTION('',(-1.,-4.83611380846128E-17,0.));
#2773=DIRECTION('',(-1.,0.,0.));
#2774=DIRECTION('',(0.,1.,0.));
#2775=DIRECTION('',(1.,0.,0.));
#2776=DIRECTION('',(0.,-1.,0.));
#2777=DIRECTION('',(-1.,0.,0.));
#2778=DIRECTION('center_axis',(0.,1.,0.));
#2779=DIRECTION('ref_axis',(1.,0.,0.));
#2780=DIRECTION('',(0.,0.,-1.));
#2781=DIRECTION('',(1.,0.,0.));
#2782=DIRECTION('',(0.,0.,-1.));
#2783=DIRECTION('center_axis',(-1.,0.,0.));
#2784=DIRECTION('ref_axis',(0.,1.,0.));
#2785=DIRECTION('',(0.,0.,-1.));
#2786=DIRECTION('',(0.,1.,0.));
#2787=DIRECTION('center_axis',(0.,-1.,0.));
#2788=DIRECTION('ref_axis',(-1.,0.,0.));
#2789=DIRECTION('',(0.,0.,-1.));
#2790=DIRECTION('',(-1.,0.,0.));
#2791=DIRECTION('center_axis',(1.,0.,0.));
#2792=DIRECTION('ref_axis',(0.,-1.,0.));
#2793=DIRECTION('',(0.,-1.,0.));
#2794=DIRECTION('center_axis',(0.,0.,-1.));
#2795=DIRECTION('ref_axis',(-1.,0.,0.));
#2796=DIRECTION('center_axis',(-1.,0.,0.));
#2797=DIRECTION('ref_axis',(0.,1.,0.));
#2798=DIRECTION('',(0.,1.,0.));
#2799=DIRECTION('',(0.,0.,-1.));
#2800=DIRECTION('',(0.,0.,-1.));
#2801=DIRECTION('center_axis',(-0.64018439966448,-0.768221279597376,0.));
#2802=DIRECTION('ref_axis',(-0.768221279597376,0.64018439966448,0.));
#2803=DIRECTION('',(-0.768221279597376,0.64018439966448,0.));
#2804=DIRECTION('',(0.,0.,-1.));
#2805=DIRECTION('center_axis',(4.83611380846128E-17,-1.,0.));
#2806=DIRECTION('ref_axis',(-1.,-4.83611380846128E-17,0.));
#2807=DIRECTION('',(-1.,-4.83611380846128E-17,0.));
#2808=DIRECTION('',(0.,0.,-1.));
#2809=DIRECTION('center_axis',(1.,0.,0.));
#2810=DIRECTION('ref_axis',(0.,-1.,0.));
#2811=DIRECTION('',(0.,-1.,0.));
#2812=DIRECTION('',(0.,0.,-1.));
#2813=DIRECTION('center_axis',(-9.67222761692256E-17,1.,0.));
#2814=DIRECTION('ref_axis',(1.,9.67222761692256E-17,0.));
#2815=DIRECTION('',(1.,9.67222761692256E-17,0.));
#2816=DIRECTION('',(0.,0.,-1.));
#2817=DIRECTION('center_axis',(-0.64018439966448,0.768221279597376,0.));
#2818=DIRECTION('ref_axis',(0.768221279597376,0.64018439966448,0.));
#2819=DIRECTION('',(0.768221279597376,0.64018439966448,0.));
#2820=DIRECTION('center_axis',(0.,-1.,0.));
#2821=DIRECTION('ref_axis',(1.,0.,0.));
#2822=DIRECTION('',(-1.,0.,0.));
#2823=DIRECTION('',(0.,0.,1.));
#2824=DIRECTION('',(1.,0.,0.));
#2825=DIRECTION('',(0.,0.,1.));
#2826=DIRECTION('center_axis',(-0.64018439966448,-0.768221279597376,0.));
#2827=DIRECTION('ref_axis',(0.768221279597376,-0.64018439966448,0.));
#2828=DIRECTION('',(-0.768221279597376,0.64018439966448,0.));
#2829=DIRECTION('',(0.768221279597376,-0.64018439966448,0.));
#2830=DIRECTION('',(0.,0.,1.));
#2831=DIRECTION('center_axis',(-1.,0.,0.));
#2832=DIRECTION('ref_axis',(0.,-1.,0.));
#2833=DIRECTION('',(0.,-1.,0.));
#2834=DIRECTION('',(0.,-1.,0.));
#2835=DIRECTION('',(0.,0.,1.));
#2836=DIRECTION('center_axis',(-0.64018439966448,0.768221279597376,0.));
#2837=DIRECTION('ref_axis',(-0.768221279597376,-0.64018439966448,0.));
#2838=DIRECTION('',(-0.768221279597376,-0.64018439966448,0.));
#2839=DIRECTION('',(-0.768221279597376,-0.64018439966448,0.));
#2840=DIRECTION('',(0.,0.,1.));
#2841=DIRECTION('center_axis',(0.,1.,0.));
#2842=DIRECTION('ref_axis',(-1.,0.,0.));
#2843=DIRECTION('',(-1.,0.,0.));
#2844=DIRECTION('',(-1.,0.,0.));
#2845=DIRECTION('',(0.,0.,1.));
#2846=DIRECTION('center_axis',(1.,0.,0.));
#2847=DIRECTION('ref_axis',(0.,1.,0.));
#2848=DIRECTION('',(0.,1.,0.));
#2849=DIRECTION('',(0.,1.,0.));
#2850=DIRECTION('center_axis',(0.,0.,1.));
#2851=DIRECTION('ref_axis',(1.,0.,0.));
#2852=DIRECTION('center_axis',(0.,0.,1.));
#2853=DIRECTION('ref_axis',(1.,0.,0.));
#2854=DIRECTION('center_axis',(0.,0.,1.));
#2855=DIRECTION('ref_axis',(1.,0.,0.));
#2856=DIRECTION('',(-1.,-2.22044604925031E-16,0.));
#2857=DIRECTION('center_axis',(0.,0.,1.));
#2858=DIRECTION('ref_axis',(-1.,0.,0.));
#2859=DIRECTION('',(-1.,-2.22044604925031E-16,0.));
#2860=DIRECTION('center_axis',(0.,0.,-1.));
#2861=DIRECTION('ref_axis',(-1.,0.,0.));
#2862=DIRECTION('center_axis',(0.,0.,-1.));
#2863=DIRECTION('ref_axis',(-1.,0.,0.));
#2864=DIRECTION('',(0.85716730070211,-1.04972719113862E-16,-0.515038074910058));
#2865=DIRECTION('center_axis',(0.,0.,1.));
#2866=DIRECTION('ref_axis',(-1.,0.,0.));
#2867=DIRECTION('center_axis',(0.,0.,1.));
#2868=DIRECTION('ref_axis',(-1.,0.,0.));
#2869=DIRECTION('center_axis',(-1.,0.,0.));
#2870=DIRECTION('ref_axis',(0.,1.,0.));
#2871=DIRECTION('',(0.,0.,1.));
#2872=DIRECTION('',(0.,1.,0.));
#2873=DIRECTION('',(0.,0.,-1.));
#2874=DIRECTION('',(0.,1.,0.));
#2875=DIRECTION('center_axis',(0.,1.,0.));
#2876=DIRECTION('ref_axis',(1.,0.,0.));
#2877=DIRECTION('',(0.,0.,1.));
#2878=DIRECTION('',(1.,0.,0.));
#2879=DIRECTION('',(0.,0.,-1.));
#2880=DIRECTION('',(1.,0.,0.));
#2881=DIRECTION('center_axis',(0.,-1.,0.));
#2882=DIRECTION('ref_axis',(-1.,0.,0.));
#2883=DIRECTION('',(0.,0.,1.));
#2884=DIRECTION('',(-1.,0.,0.));
#2885=DIRECTION('',(0.,0.,-1.));
#2886=DIRECTION('',(-1.,0.,0.));
#2887=DIRECTION('center_axis',(1.,0.,0.));
#2888=DIRECTION('ref_axis',(0.,-1.,0.));
#2889=DIRECTION('',(0.,0.,1.));
#2890=DIRECTION('',(0.,-1.,0.));
#2891=DIRECTION('',(0.,0.,-1.));
#2892=DIRECTION('',(0.,-1.,0.));
#2893=DIRECTION('center_axis',(0.,1.,0.));
#2894=DIRECTION('ref_axis',(1.,0.,0.));
#2895=DIRECTION('',(0.,0.,1.));
#2896=DIRECTION('',(1.,0.,0.));
#2897=DIRECTION('',(0.,0.,-1.));
#2898=DIRECTION('',(1.,0.,0.));
#2899=DIRECTION('center_axis',(1.,0.,0.));
#2900=DIRECTION('ref_axis',(0.,-1.,0.));
#2901=DIRECTION('',(0.,0.,-1.));
#2902=DIRECTION('',(0.,-1.,0.));
#2903=DIRECTION('',(0.,0.,1.));
#2904=DIRECTION('',(0.,-1.,0.));
#2905=DIRECTION('center_axis',(-1.,0.,0.));
#2906=DIRECTION('ref_axis',(0.,1.,0.));
#2907=DIRECTION('',(0.,0.,-1.));
#2908=DIRECTION('',(0.,1.,0.));
#2909=DIRECTION('',(0.,0.,1.));
#2910=DIRECTION('',(0.,1.,0.));
#2911=DIRECTION('center_axis',(0.,-1.,0.));
#2912=DIRECTION('ref_axis',(-1.,0.,0.));
#2913=DIRECTION('',(0.,0.,-1.));
#2914=DIRECTION('',(-1.,0.,0.));
#2915=DIRECTION('',(0.,0.,1.));
#2916=DIRECTION('',(-1.,0.,0.));
#2917=DIRECTION('center_axis',(0.,0.,-1.));
#2918=DIRECTION('ref_axis',(1.,0.,0.));
#2919=DIRECTION('center_axis',(0.,0.,-1.));
#2920=DIRECTION('ref_axis',(1.,0.,0.));
#2921=DIRECTION('center_axis',(0.,0.,-1.));
#2922=DIRECTION('ref_axis',(1.,0.,0.));
#2923=DIRECTION('center_axis',(0.,0.,-1.));
#2924=DIRECTION('ref_axis',(1.,0.,0.));
#2925=DIRECTION('center_axis',(0.,0.,-1.));
#2926=DIRECTION('ref_axis',(1.,0.,0.));
#2927=DIRECTION('center_axis',(0.,0.,-1.));
#2928=DIRECTION('ref_axis',(1.,0.,0.));
#2929=DIRECTION('center_axis',(0.,0.,-1.));
#2930=DIRECTION('ref_axis',(1.,0.,0.));
#2931=DIRECTION('center_axis',(0.,0.,-1.));
#2932=DIRECTION('ref_axis',(1.,0.,0.));
#2933=DIRECTION('center_axis',(0.,0.,-1.));
#2934=DIRECTION('ref_axis',(1.,0.,0.));
#2935=DIRECTION('center_axis',(0.,0.,1.));
#2936=DIRECTION('ref_axis',(1.,0.,0.));
#2937=DIRECTION('center_axis',(0.,0.,-1.));
#2938=DIRECTION('ref_axis',(1.,0.,0.));
#2939=DIRECTION('center_axis',(0.,0.,1.));
#2940=DIRECTION('ref_axis',(1.,0.,0.));
#2941=DIRECTION('center_axis',(0.,0.,-1.));
#2942=DIRECTION('ref_axis',(1.,0.,0.));
#2943=DIRECTION('center_axis',(0.,0.,1.));
#2944=DIRECTION('ref_axis',(1.,0.,0.));
#2945=DIRECTION('center_axis',(0.,0.,-1.));
#2946=DIRECTION('ref_axis',(1.,0.,0.));
#2947=DIRECTION('center_axis',(0.,0.,1.));
#2948=DIRECTION('ref_axis',(1.,0.,0.));
#2949=DIRECTION('center_axis',(0.,0.,-1.));
#2950=DIRECTION('ref_axis',(1.,0.,0.));
#2951=DIRECTION('center_axis',(0.,0.,1.));
#2952=DIRECTION('ref_axis',(1.,0.,0.));
#2953=DIRECTION('center_axis',(0.,0.,1.));
#2954=DIRECTION('ref_axis',(1.,0.,0.));
#2955=DIRECTION('center_axis',(0.,0.,-1.));
#2956=DIRECTION('ref_axis',(1.,0.,0.));
#2957=DIRECTION('center_axis',(0.,0.,1.));
#2958=DIRECTION('ref_axis',(1.,0.,0.));
#2959=DIRECTION('center_axis',(0.,0.,1.));
#2960=DIRECTION('ref_axis',(1.,0.,0.));
#2961=DIRECTION('center_axis',(0.,0.,-1.));
#2962=DIRECTION('ref_axis',(1.,0.,0.));
#2963=DIRECTION('center_axis',(0.,0.,1.));
#2964=DIRECTION('ref_axis',(1.,0.,0.));
#2965=DIRECTION('center_axis',(0.,0.,-1.));
#2966=DIRECTION('ref_axis',(1.,0.,0.));
#2967=DIRECTION('center_axis',(0.,0.,1.));
#2968=DIRECTION('ref_axis',(1.,0.,0.));
#2969=DIRECTION('center_axis',(0.,0.,1.));
#2970=DIRECTION('ref_axis',(1.,0.,0.));
#2971=DIRECTION('',(-0.85716730070211,-1.04972719113862E-16,0.515038074910058));
#2972=DIRECTION('center_axis',(0.,0.,-1.));
#2973=DIRECTION('ref_axis',(1.,0.,0.));
#2974=DIRECTION('center_axis',(0.,0.,-1.));
#2975=DIRECTION('ref_axis',(1.,0.,0.));
#2976=DIRECTION('center_axis',(0.,0.,-1.));
#2977=DIRECTION('ref_axis',(1.,0.,0.));
#2978=DIRECTION('center_axis',(0.,0.,-1.));
#2979=DIRECTION('ref_axis',(1.,0.,0.));
#2980=DIRECTION('center_axis',(0.,0.,-1.));
#2981=DIRECTION('ref_axis',(1.,0.,0.));
#2982=DIRECTION('center_axis',(0.,0.,-1.));
#2983=DIRECTION('ref_axis',(1.,0.,0.));
#2984=DIRECTION('center_axis',(0.,0.,-1.));
#2985=DIRECTION('ref_axis',(1.,0.,0.));
#2986=DIRECTION('center_axis',(0.,0.,-1.));
#2987=DIRECTION('ref_axis',(1.,0.,0.));
#2988=DIRECTION('center_axis',(0.,0.,1.));
#2989=DIRECTION('ref_axis',(1.,0.,0.));
#2990=DIRECTION('center_axis',(0.,0.,-1.));
#2991=DIRECTION('ref_axis',(1.,0.,0.));
#2992=DIRECTION('center_axis',(0.,0.,1.));
#2993=DIRECTION('ref_axis',(1.,0.,0.));
#2994=DIRECTION('center_axis',(0.,0.,1.));
#2995=DIRECTION('ref_axis',(1.,0.,0.));
#2996=DIRECTION('center_axis',(0.,0.,1.));
#2997=DIRECTION('ref_axis',(1.,0.,0.));
#2998=DIRECTION('center_axis',(0.,0.,-1.));
#2999=DIRECTION('ref_axis',(2.22044604925031E-16,-1.,0.));
#3000=DIRECTION('',(0.,0.,-1.));
#3001=DIRECTION('center_axis',(0.,0.,-1.));
#3002=DIRECTION('ref_axis',(2.22044604925031E-16,-1.,0.));
#3003=DIRECTION('',(0.,0.,1.));
#3004=DIRECTION('center_axis',(0.,0.,-1.));
#3005=DIRECTION('ref_axis',(2.22044604925031E-16,-1.,0.));
#3006=DIRECTION('',(0.,0.,1.));
#3007=DIRECTION('center_axis',(0.,0.,1.));
#3008=DIRECTION('ref_axis',(2.22044604925031E-16,-1.,0.));
#3009=DIRECTION('',(0.,0.,-1.));
#3010=DIRECTION('center_axis',(0.,0.,1.));
#3011=DIRECTION('ref_axis',(2.22044604925031E-16,-1.,0.));
#3012=DIRECTION('',(0.,0.,1.));
#3013=DIRECTION('center_axis',(0.,0.,1.));
#3014=DIRECTION('ref_axis',(2.22044604925031E-16,-1.,0.));
#3015=DIRECTION('',(0.,0.,1.));
#3016=DIRECTION('center_axis',(0.,0.,-1.));
#3017=DIRECTION('ref_axis',(2.22044604925031E-16,-1.,0.));
#3018=DIRECTION('',(-1.,-2.22044604925031E-16,0.));
#3019=DIRECTION('',(-1.,-2.22044604925031E-16,0.));
#3020=DIRECTION('center_axis',(-2.22044604925031E-16,1.,0.));
#3021=DIRECTION('ref_axis',(0.,0.,-1.));
#3022=DIRECTION('center_axis',(-2.22044604925031E-16,1.,0.));
#3023=DIRECTION('ref_axis',(0.,0.,-1.));
#3024=CARTESIAN_POINT('',(0.,0.,0.));
#3025=CARTESIAN_POINT('Origin',(7.2,1.11022302462516E-15,-4.5));
#3026=CARTESIAN_POINT('',(9.35,1.11022302462516E-15,-4.5));
#3027=CARTESIAN_POINT('',(8.7,1.11022302462516E-15,-4.5));
#3028=CARTESIAN_POINT('',(6.125,1.11022302462516E-15,-4.5));
#3029=CARTESIAN_POINT('',(5.7,1.11022302462516E-15,-4.5));
#3030=CARTESIAN_POINT('Origin',(7.2,1.11022302462516E-15,-4.5));
#3031=CARTESIAN_POINT('',(5.05,1.11022302462516E-15,-4.5));
#3032=CARTESIAN_POINT('',(6.125,1.11022302462516E-15,-4.5));
#3033=CARTESIAN_POINT('Origin',(7.2,1.11022302462516E-15,-4.5));
#3034=CARTESIAN_POINT('Origin',(5.05,1.11022302462516E-15,-4.5));
#3035=CARTESIAN_POINT('',(8.7,1.11022302462516E-15,-1.5));
#3036=CARTESIAN_POINT('',(8.7,1.11022302462516E-15,-1.5));
#3037=CARTESIAN_POINT('',(9.35,1.11022302462516E-15,-1.5));
#3038=CARTESIAN_POINT('',(9.35,1.11022302462516E-15,3.));
#3039=CARTESIAN_POINT('',(4.325,1.2712053631958E-15,-1.5));
#3040=CARTESIAN_POINT('Origin',(5.05,1.11022302462516E-15,-4.5));
#3041=CARTESIAN_POINT('',(5.7,1.11022302462516E-15,-1.5));
#3042=CARTESIAN_POINT('',(5.7,1.11022302462516E-15,-1.5));
#3043=CARTESIAN_POINT('',(5.05,1.11022302462516E-15,-1.5));
#3044=CARTESIAN_POINT('',(4.325,1.2712053631958E-15,-1.5));
#3045=CARTESIAN_POINT('',(5.05,1.11022302462516E-15,3.));
#3046=CARTESIAN_POINT('Origin',(7.2,0.,1.95064546427067));
#3047=CARTESIAN_POINT('',(7.2,0.,2.40129092854134));
#3048=CARTESIAN_POINT('',(8.7,-1.83697019872103E-16,1.5));
#3049=CARTESIAN_POINT('',(7.95,-9.18485099360515E-17,1.95064546427067));
#3050=CARTESIAN_POINT('Origin',(7.2,0.,1.5));
#3051=CARTESIAN_POINT('Origin',(4.90000021234155,0.25,14.6));
#3052=CARTESIAN_POINT('',(5.26609203941863,0.25,7.05));
#3053=CARTESIAN_POINT('',(5.26609203941863,0.25,13.6));
#3054=CARTESIAN_POINT('',(5.26609203941863,0.25,7.05));
#3055=CARTESIAN_POINT('',(6.49289321881345,0.25,7.05));
#3056=CARTESIAN_POINT('',(4.90000021234155,0.25,7.05));
#3057=CARTESIAN_POINT('',(6.49289321881345,0.25,14.6));
#3058=CARTESIAN_POINT('',(6.49289321881345,0.25,10.825));
#3059=CARTESIAN_POINT('',(6.28348486100883,0.25,14.6));
#3060=CARTESIAN_POINT('',(6.05000010617077,0.25,14.6));
#3061=CARTESIAN_POINT('Ctrl Pts',(5.26609203941862,0.25,13.6));
#3062=CARTESIAN_POINT('Ctrl Pts',(5.26609203941862,0.25,13.7228532737845));
#3063=CARTESIAN_POINT('Ctrl Pts',(5.29496437618593,0.25,13.8674222983928));
#3064=CARTESIAN_POINT('Ctrl Pts',(5.3894627787257,0.25,14.0947864962551));
#3065=CARTESIAN_POINT('Ctrl Pts',(5.47200365347372,0.25,14.2176806231706));
#3066=CARTESIAN_POINT('Ctrl Pts',(5.64770617255422,0.25,14.3925580788334));
#3067=CARTESIAN_POINT('Ctrl Pts',(5.7722900917957,0.25,14.4750831065565));
#3068=CARTESIAN_POINT('Ctrl Pts',(6.0054950251073,0.25,14.5709781924802));
#3069=CARTESIAN_POINT('Ctrl Pts',(6.15586445979591,0.25,14.6));
#3070=CARTESIAN_POINT('Ctrl Pts',(6.28348486100887,0.25,14.6));
#3071=CARTESIAN_POINT('Origin',(6.95,-0.25,14.6));
#3072=CARTESIAN_POINT('',(6.49289321881345,-0.25,7.05));
#3073=CARTESIAN_POINT('',(6.49289321881345,-0.25,14.6));
#3074=CARTESIAN_POINT('',(6.49289321881345,-0.25,10.825));
#3075=CARTESIAN_POINT('',(5.26609203941863,-0.25,7.05));
#3076=CARTESIAN_POINT('',(9.49999978765845,-0.25,7.05));
#3077=CARTESIAN_POINT('',(5.26609203941863,-0.25,13.6));
#3078=CARTESIAN_POINT('',(5.26609203941863,-0.25,7.05));
#3079=CARTESIAN_POINT('',(6.28348486100883,-0.25,14.6));
#3080=CARTESIAN_POINT('Ctrl Pts',(6.28348486100879,-0.25,14.6));
#3081=CARTESIAN_POINT('Ctrl Pts',(6.15586445979584,-0.25,14.6));
#3082=CARTESIAN_POINT('Ctrl Pts',(6.00549502510724,-0.25,14.5709781924802));
#3083=CARTESIAN_POINT('Ctrl Pts',(5.77229009179565,-0.25,14.4750831065565));
#3084=CARTESIAN_POINT('Ctrl Pts',(5.64770617255417,-0.25,14.3925580788333));
#3085=CARTESIAN_POINT('Ctrl Pts',(5.47200365347369,-0.25,14.2176806231706));
#3086=CARTESIAN_POINT('Ctrl Pts',(5.38946277872567,-0.25,14.0947864962551));
#3087=CARTESIAN_POINT('Ctrl Pts',(5.29496437618593,-0.25,13.8674222983927));
#3088=CARTESIAN_POINT('Ctrl Pts',(5.26609203941863,-0.25,13.7228532737845));
#3089=CARTESIAN_POINT('Ctrl Pts',(5.26609203941864,-0.25,13.6));
#3090=CARTESIAN_POINT('',(7.075,-0.25,14.6));
#3091=CARTESIAN_POINT('Origin',(7.45,-0.25,14.6));
#3092=CARTESIAN_POINT('',(7.45,-0.707106781186551,7.05));
#3093=CARTESIAN_POINT('',(7.45,-0.707106781186547,14.6));
#3094=CARTESIAN_POINT('',(7.45,-0.707106781186547,10.825));
#3095=CARTESIAN_POINT('',(7.45,-1.93390796058137,7.05));
#3096=CARTESIAN_POINT('',(7.45,-2.1471966348589,7.05));
#3097=CARTESIAN_POINT('',(7.45,-1.93390796058137,13.6));
#3098=CARTESIAN_POINT('',(7.45,-1.93390796058137,7.05));
#3099=CARTESIAN_POINT('',(7.45,-0.916515138991167,14.6));
#3100=CARTESIAN_POINT('Ctrl Pts',(7.45,-0.916515138991126,14.6));
#3101=CARTESIAN_POINT('Ctrl Pts',(7.45,-1.04413554020408,14.6));
#3102=CARTESIAN_POINT('Ctrl Pts',(7.45,-1.19450497489269,14.5709781924802));
#3103=CARTESIAN_POINT('Ctrl Pts',(7.45,-1.42770990820429,14.4750831065565));
#3104=CARTESIAN_POINT('Ctrl Pts',(7.45,-1.55229382744578,14.3925580788334));
#3105=CARTESIAN_POINT('Ctrl Pts',(7.45,-1.72799634652627,14.2176806231706));
#3106=CARTESIAN_POINT('Ctrl Pts',(7.45,-1.8105372212743,14.0947864962551));
#3107=CARTESIAN_POINT('Ctrl Pts',(7.45,-1.90503562381406,13.8674222983928));
#3108=CARTESIAN_POINT('Ctrl Pts',(7.45,-1.93390796058137,13.7228532737846));
#3109=CARTESIAN_POINT('Ctrl Pts',(7.45,-1.93390796058137,13.6));
#3110=CARTESIAN_POINT('',(7.45,-0.125,14.6));
#3111=CARTESIAN_POINT('Origin',(7.45,0.25,14.6));
#3112=CARTESIAN_POINT('',(7.90710678118655,0.25,7.05));
#3113=CARTESIAN_POINT('',(7.90710678118655,0.25,14.6));
#3114=CARTESIAN_POINT('',(7.90710678118655,0.25,10.825));
#3115=CARTESIAN_POINT('',(9.13390796058137,0.25,7.05));
#3116=CARTESIAN_POINT('',(4.90000021234155,0.25,7.05));
#3117=CARTESIAN_POINT('',(9.13390796058137,0.25,13.6));
#3118=CARTESIAN_POINT('',(9.13390796058137,0.25,7.05));
#3119=CARTESIAN_POINT('',(8.11651513899117,0.25,14.6));
#3120=CARTESIAN_POINT('Ctrl Pts',(8.11651513899108,0.25,14.6));
#3121=CARTESIAN_POINT('Ctrl Pts',(8.24413554020404,0.25,14.6));
#3122=CARTESIAN_POINT('Ctrl Pts',(8.39450497489265,0.25,14.5709781924802));
#3123=CARTESIAN_POINT('Ctrl Pts',(8.62770990820426,0.25,14.4750831065566));
#3124=CARTESIAN_POINT('Ctrl Pts',(8.75229382744575,0.25,14.3925580788334));
#3125=CARTESIAN_POINT('Ctrl Pts',(8.92799634652625,0.25,14.2176806231706));
#3126=CARTESIAN_POINT('Ctrl Pts',(9.01053722127428,0.25,14.0947864962552));
#3127=CARTESIAN_POINT('Ctrl Pts',(9.10503562381405,0.25,13.8674222983929));
#3128=CARTESIAN_POINT('Ctrl Pts',(9.13390796058136,0.25,13.7228532737846));
#3129=CARTESIAN_POINT('Ctrl Pts',(9.13390796058138,0.25,13.6000000000001));
#3130=CARTESIAN_POINT('',(7.325,0.25,14.6));
#3131=CARTESIAN_POINT('Origin',(6.95,0.25,14.6));
#3132=CARTESIAN_POINT('',(6.95,0.707106781186551,7.05));
#3133=CARTESIAN_POINT('',(6.95,0.707106781186547,14.6));
#3134=CARTESIAN_POINT('',(6.95,0.707106781186547,10.825));
#3135=CARTESIAN_POINT('',(6.95,1.93390796058137,7.05));
#3136=CARTESIAN_POINT('',(6.95,2.1471966348589,7.05));
#3137=CARTESIAN_POINT('',(6.95,1.93390796058137,13.6));
#3138=CARTESIAN_POINT('',(6.95,1.93390796058137,7.05));
#3139=CARTESIAN_POINT('',(6.95,0.916515138991167,14.6));
#3140=CARTESIAN_POINT('Ctrl Pts',(6.95,0.916515138991127,14.6));
#3141=CARTESIAN_POINT('Ctrl Pts',(6.95,1.04413554020408,14.6));
#3142=CARTESIAN_POINT('Ctrl Pts',(6.95,1.19450497489269,14.5709781924802));
#3143=CARTESIAN_POINT('Ctrl Pts',(6.95,1.42770990820429,14.4750831065565));
#3144=CARTESIAN_POINT('Ctrl Pts',(6.95,1.55229382744578,14.3925580788334));
#3145=CARTESIAN_POINT('Ctrl Pts',(6.95,1.72799634652627,14.2176806231706));
#3146=CARTESIAN_POINT('Ctrl Pts',(6.95,1.81053722127429,14.0947864962551));
#3147=CARTESIAN_POINT('Ctrl Pts',(6.95,1.90503562381406,13.8674222983928));
#3148=CARTESIAN_POINT('Ctrl Pts',(6.95,1.93390796058137,13.7228532737846));
#3149=CARTESIAN_POINT('Ctrl Pts',(6.95,1.93390796058137,13.6));
#3150=CARTESIAN_POINT('',(6.95,0.125,14.6));
#3151=CARTESIAN_POINT('Origin',(6.95,-2.1471966348589,14.6));
#3152=CARTESIAN_POINT('',(6.95,-0.707106781186547,14.6));
#3153=CARTESIAN_POINT('',(6.95,-0.707106781186551,7.05));
#3154=CARTESIAN_POINT('',(6.95,-0.707106781186547,10.825));
#3155=CARTESIAN_POINT('',(6.95,-0.916515138991167,14.6));
#3156=CARTESIAN_POINT('',(6.95,-1.07359831742945,14.6));
#3157=CARTESIAN_POINT('',(6.95,-1.93390796058137,13.6));
#3158=CARTESIAN_POINT('Ctrl Pts',(6.95,-1.93390796058136,13.6));
#3159=CARTESIAN_POINT('Ctrl Pts',(6.95,-1.93390796058136,13.7228532737845));
#3160=CARTESIAN_POINT('Ctrl Pts',(6.95,-1.90503562381406,13.8674222983928));
#3161=CARTESIAN_POINT('Ctrl Pts',(6.95,-1.81053722127432,14.0947864962551));
#3162=CARTESIAN_POINT('Ctrl Pts',(6.95,-1.7279963465263,14.2176806231706));
#3163=CARTESIAN_POINT('Ctrl Pts',(6.95,-1.55229382744582,14.3925580788333));
#3164=CARTESIAN_POINT('Ctrl Pts',(6.95,-1.42770990820434,14.4750831065565));
#3165=CARTESIAN_POINT('Ctrl Pts',(6.95,-1.19450497489275,14.5709781924802));
#3166=CARTESIAN_POINT('Ctrl Pts',(6.95,-1.04413554020415,14.6));
#3167=CARTESIAN_POINT('Ctrl Pts',(6.95,-0.916515138991198,14.6));
#3168=CARTESIAN_POINT('',(6.95,-1.93390796058137,7.05));
#3169=CARTESIAN_POINT('',(6.95,-1.93390796058137,7.05));
#3170=CARTESIAN_POINT('',(6.95,2.1471966348589,7.05));
#3171=CARTESIAN_POINT('Origin',(9.49999978765845,-0.25,14.6));
#3172=CARTESIAN_POINT('',(7.90710678118655,-0.25,14.6));
#3173=CARTESIAN_POINT('',(7.90710678118655,-0.25,7.05));
#3174=CARTESIAN_POINT('',(7.90710678118655,-0.25,10.825));
#3175=CARTESIAN_POINT('',(8.11651513899117,-0.25,14.6));
#3176=CARTESIAN_POINT('',(8.34999989382923,-0.25,14.6));
#3177=CARTESIAN_POINT('',(9.13390796058137,-0.25,13.6));
#3178=CARTESIAN_POINT('Ctrl Pts',(9.13390796058138,-0.25,13.6));
#3179=CARTESIAN_POINT('Ctrl Pts',(9.13390796058138,-0.25,13.7228532737845));
#3180=CARTESIAN_POINT('Ctrl Pts',(9.10503562381406,-0.25,13.8674222983928));
#3181=CARTESIAN_POINT('Ctrl Pts',(9.0105372212743,-0.25,14.0947864962551));
#3182=CARTESIAN_POINT('Ctrl Pts',(8.92799634652627,-0.25,14.2176806231706));
#3183=CARTESIAN_POINT('Ctrl Pts',(8.75229382744578,-0.25,14.3925580788334));
#3184=CARTESIAN_POINT('Ctrl Pts',(8.6277099082043,-0.25,14.4750831065565));
#3185=CARTESIAN_POINT('Ctrl Pts',(8.3945049748927,-0.25,14.5709781924802));
#3186=CARTESIAN_POINT('Ctrl Pts',(8.24413554020408,-0.25,14.6));
#3187=CARTESIAN_POINT('Ctrl Pts',(8.11651513899113,-0.25,14.6));
#3188=CARTESIAN_POINT('',(9.13390796058137,-0.25,7.05));
#3189=CARTESIAN_POINT('',(9.13390796058137,-0.25,7.05));
#3190=CARTESIAN_POINT('',(9.49999978765845,-0.25,7.05));
#3191=CARTESIAN_POINT('Origin',(7.45,2.1471966348589,14.6));
#3192=CARTESIAN_POINT('',(7.45,0.707106781186547,14.6));
#3193=CARTESIAN_POINT('',(7.45,0.707106781186551,7.05));
#3194=CARTESIAN_POINT('',(7.45,0.707106781186547,10.825));
#3195=CARTESIAN_POINT('',(7.45,0.916515138991167,14.6));
#3196=CARTESIAN_POINT('',(7.45,1.07359831742945,14.6));
#3197=CARTESIAN_POINT('',(7.45,1.93390796058137,13.6));
#3198=CARTESIAN_POINT('Ctrl Pts',(7.45,1.93390796058138,13.6000000000001));
#3199=CARTESIAN_POINT('Ctrl Pts',(7.45,1.93390796058138,13.7228532737846));
#3200=CARTESIAN_POINT('Ctrl Pts',(7.45,1.90503562381406,13.8674222983928));
#3201=CARTESIAN_POINT('Ctrl Pts',(7.45,1.81053722127429,14.0947864962552));
#3202=CARTESIAN_POINT('Ctrl Pts',(7.45,1.72799634652626,14.2176806231706));
#3203=CARTESIAN_POINT('Ctrl Pts',(7.45,1.55229382744576,14.3925580788334));
#3204=CARTESIAN_POINT('Ctrl Pts',(7.45,1.42770990820427,14.4750831065566));
#3205=CARTESIAN_POINT('Ctrl Pts',(7.45,1.19450497489267,14.5709781924802));
#3206=CARTESIAN_POINT('Ctrl Pts',(7.45,1.04413554020405,14.6));
#3207=CARTESIAN_POINT('Ctrl Pts',(7.45,0.916515138991096,14.6));
#3208=CARTESIAN_POINT('',(7.45,1.93390796058137,7.05));
#3209=CARTESIAN_POINT('',(7.45,1.93390796058137,7.05));
#3210=CARTESIAN_POINT('',(7.45,-2.1471966348589,7.05));
#3211=CARTESIAN_POINT('Origin',(7.2,0.,10.825));
#3212=CARTESIAN_POINT('Origin',(7.2,0.,14.6));
#3213=CARTESIAN_POINT('Origin',(7.2,0.,7.05));
#3214=CARTESIAN_POINT('Origin',(7.2,0.,10.825));
#3215=CARTESIAN_POINT('Origin',(7.2,0.,14.6));
#3216=CARTESIAN_POINT('Origin',(7.2,0.,7.05));
#3217=CARTESIAN_POINT('Origin',(7.2,0.,10.825));
#3218=CARTESIAN_POINT('Origin',(7.2,0.,14.6));
#3219=CARTESIAN_POINT('Origin',(7.2,0.,7.05));
#3220=CARTESIAN_POINT('Origin',(7.2,0.,14.6));
#3221=CARTESIAN_POINT('Origin',(7.2,0.,14.6));
#3222=CARTESIAN_POINT('Origin',(7.2,0.,14.6));
#3223=CARTESIAN_POINT('Origin',(7.2,0.,14.6));
#3224=CARTESIAN_POINT('Origin',(7.2,0.,14.6));
#3225=CARTESIAN_POINT('Origin',(7.2,0.,14.6));
#3226=CARTESIAN_POINT('Origin',(7.2,0.,14.6));
#3227=CARTESIAN_POINT('Origin',(7.2,0.,14.6));
#3228=CARTESIAN_POINT('Origin',(7.2,0.,14.6));
#3229=CARTESIAN_POINT('Origin',(7.2,0.,7.05));
#3230=CARTESIAN_POINT('',(9.35,-2.63299061816681E-16,7.05));
#3231=CARTESIAN_POINT('Origin',(7.2,0.,7.05));
#3232=CARTESIAN_POINT('Origin',(7.2,0.,7.05));
#3233=CARTESIAN_POINT('Origin',(7.2,0.,7.05));
#3234=CARTESIAN_POINT('Origin',(7.2,0.,7.05));
#3235=CARTESIAN_POINT('Origin',(7.2,0.,7.05));
#3236=CARTESIAN_POINT('Origin',(7.2,0.,7.05));
#3237=CARTESIAN_POINT('Origin',(7.2,0.,7.05));
#3238=CARTESIAN_POINT('Origin',(7.2,0.,7.05));
#3239=CARTESIAN_POINT('',(6.45,-9.18485099360517E-17,7.05));
#3240=CARTESIAN_POINT('Origin',(7.2,0.,7.05));
#3241=CARTESIAN_POINT('Origin',(7.2,0.,7.05));
#3242=CARTESIAN_POINT('Origin',(7.2,0.,7.05));
#3243=CARTESIAN_POINT('Origin',(7.2,0.,13.6));
#3244=CARTESIAN_POINT('Origin',(7.2,0.,7.05));
#3245=CARTESIAN_POINT('Origin',(7.2,0.,13.6));
#3246=CARTESIAN_POINT('Origin',(7.2,0.,7.05));
#3247=CARTESIAN_POINT('Origin',(7.2,0.,13.6));
#3248=CARTESIAN_POINT('Ctrl Pts',(9.13390796058138,0.25,13.6));
#3249=CARTESIAN_POINT('Ctrl Pts',(8.9411448049247,1.7411448049247,13.6));
#3250=CARTESIAN_POINT('Ctrl Pts',(7.45,1.93390796058138,13.6));
#3251=CARTESIAN_POINT('Ctrl Pts',(9.13390796058141,0.249999999999952,14.6));
#3252=CARTESIAN_POINT('Ctrl Pts',(8.94114480492472,1.74114480492473,14.6000000000001));
#3253=CARTESIAN_POINT('Ctrl Pts',(7.44999999999994,1.93390796058142,14.6));
#3254=CARTESIAN_POINT('Ctrl Pts',(8.14216028848837,0.1217948717948,14.6));
#3255=CARTESIAN_POINT('Ctrl Pts',(8.04825003316844,0.848250033168452,14.6));
#3256=CARTESIAN_POINT('Ctrl Pts',(7.32179487179479,0.942160288488385,14.6));
#3257=CARTESIAN_POINT('Ctrl Pts',(7.45,-1.93390796058137,13.6));
#3258=CARTESIAN_POINT('Ctrl Pts',(8.94114480492471,-1.74114480492471,13.6));
#3259=CARTESIAN_POINT('Ctrl Pts',(9.13390796058138,-0.25,13.6));
#3260=CARTESIAN_POINT('Ctrl Pts',(7.44999999999998,-1.93390796058139,14.6));
#3261=CARTESIAN_POINT('Ctrl Pts',(8.94114480492472,-1.74114480492472,14.6));
#3262=CARTESIAN_POINT('Ctrl Pts',(9.1339079605814,-0.249999999999971,14.6));
#3263=CARTESIAN_POINT('Ctrl Pts',(7.32179487179483,-0.942160288488368,14.6));
#3264=CARTESIAN_POINT('Ctrl Pts',(8.04825003316845,-0.848250033168447,14.6));
#3265=CARTESIAN_POINT('Ctrl Pts',(8.14216028848838,-0.121794871794827,14.6));
#3266=CARTESIAN_POINT('Ctrl Pts',(5.26609203941864,-0.249999999999996,13.6));
#3267=CARTESIAN_POINT('Ctrl Pts',(5.45885519507525,-1.74114480492475,13.6));
#3268=CARTESIAN_POINT('Ctrl Pts',(6.95,-1.93390796058136,13.6));
#3269=CARTESIAN_POINT('Ctrl Pts',(5.26609203941863,-0.250000000000023,14.6));
#3270=CARTESIAN_POINT('Ctrl Pts',(5.45885519507524,-1.74114480492475,14.6));
#3271=CARTESIAN_POINT('Ctrl Pts',(6.94999999999997,-1.93390796058136,14.6));
#3272=CARTESIAN_POINT('Ctrl Pts',(6.25783971151167,-0.121794871794915,14.6));
#3273=CARTESIAN_POINT('Ctrl Pts',(6.35174996683155,-0.848250033168443,14.6));
#3274=CARTESIAN_POINT('Ctrl Pts',(7.07820512820508,-0.942160288488322,14.6));
#3275=CARTESIAN_POINT('Ctrl Pts',(6.95,1.93390796058137,13.6));
#3276=CARTESIAN_POINT('Ctrl Pts',(5.4588551950753,1.7411448049247,13.6));
#3277=CARTESIAN_POINT('Ctrl Pts',(5.26609203941862,0.25,13.6));
#3278=CARTESIAN_POINT('Ctrl Pts',(6.95000000000003,1.93390796058139,14.6));
#3279=CARTESIAN_POINT('Ctrl Pts',(5.45885519507528,1.74114480492472,14.6));
#3280=CARTESIAN_POINT('Ctrl Pts',(5.2660920394186,0.249999999999971,14.6));
#3281=CARTESIAN_POINT('Ctrl Pts',(7.07820512820517,0.942160288488364,14.6));
#3282=CARTESIAN_POINT('Ctrl Pts',(6.35174996683155,0.848250033168443,14.6));
#3283=CARTESIAN_POINT('Ctrl Pts',(6.25783971151163,0.121794871794824,14.6));
#3284=CARTESIAN_POINT('Origin',(7.2,0.,13.6));
#3285=CARTESIAN_POINT('Origin',(7.2,0.,6.82467726786466));
#3286=CARTESIAN_POINT('',(7.2,0.,6.59935453572933));
#3287=CARTESIAN_POINT('',(6.825,-4.59242549680258E-17,6.82467726786466));
#3288=CARTESIAN_POINT('Origin',(7.2,0.,7.05));
#3289=CARTESIAN_POINT('Origin',(7.2,0.,10.825));
#3290=CARTESIAN_POINT('Origin',(7.2,0.,7.05));
#3291=CARTESIAN_POINT('Origin',(7.2,0.,-1.5));
#3292=CARTESIAN_POINT('Origin',(7.2,0.,-1.5));
#3293=CARTESIAN_POINT('',(8.7,1.83697019872103E-16,-1.5));
#3294=CARTESIAN_POINT('Origin',(7.2,0.,3.));
#3295=CARTESIAN_POINT('Origin',(7.2,0.,-1.5));
#3296=CARTESIAN_POINT('',(9.35,-2.63299061816681E-16,3.));
#3297=CARTESIAN_POINT('Origin',(3.6,1.38777878078145E-16,-1.5));
#3298=CARTESIAN_POINT('Origin',(0.,0.,3.));
#3299=CARTESIAN_POINT('',(2.15,-2.63299061816681E-16,6.7));
#3300=CARTESIAN_POINT('Origin',(0.,0.,6.7));
#3301=CARTESIAN_POINT('',(2.15,-2.63299061816681E-16,3.));
#3302=CARTESIAN_POINT('',(2.15,-2.63299061816681E-16,3.));
#3303=CARTESIAN_POINT('Origin',(0.,0.,3.));
#3304=CARTESIAN_POINT('Origin',(7.2,0.,3.));
#3305=CARTESIAN_POINT('',(9.35,-2.63299061816681E-16,6.7));
#3306=CARTESIAN_POINT('Origin',(7.2,0.,6.7));
#3307=CARTESIAN_POINT('',(9.35,-2.63299061816681E-16,3.));
#3308=CARTESIAN_POINT('',(9.35,-2.63299061816681E-16,3.));
#3309=CARTESIAN_POINT('Origin',(7.2,0.,3.));
#3310=CARTESIAN_POINT('Origin',(-0.349010858087153,-4.05,0.999999999999933));
#3311=CARTESIAN_POINT('',(-0.349010858087153,-4.05,0.999999999999933));
#3312=CARTESIAN_POINT('',(-0.349010858087153,-4.05,6.49999999999993));
#3313=CARTESIAN_POINT('',(-0.349010858087153,-4.05,0.499999999999967));
#3314=CARTESIAN_POINT('',(-0.349010858087153,-3.25,0.999999999999933));
#3315=CARTESIAN_POINT('',(-0.349010858087153,-4.05,0.999999999999933));
#3316=CARTESIAN_POINT('',(-0.349010858087153,-3.25,6.49999999999993));
#3317=CARTESIAN_POINT('',(-0.349010858087153,-3.25,0.999999999999933));
#3318=CARTESIAN_POINT('',(-0.349010858087153,-4.05,6.49999999999993));
#3319=CARTESIAN_POINT('Origin',(9.65098914191285,-4.05,0.999999999999933));
#3320=CARTESIAN_POINT('',(9.65098914191285,-4.05,0.999999999999933));
#3321=CARTESIAN_POINT('',(4.25049457095642,-4.05,0.999999999999933));
#3322=CARTESIAN_POINT('',(9.65098914191285,-3.25,0.999999999999933));
#3323=CARTESIAN_POINT('',(9.65098914191285,-4.05,0.999999999999933));
#3324=CARTESIAN_POINT('',(9.65098914191285,-3.25,0.999999999999933));
#3325=CARTESIAN_POINT('Origin',(9.65098914191285,-4.05,6.49999999999993));
#3326=CARTESIAN_POINT('',(9.65098914191285,-4.05,6.49999999999993));
#3327=CARTESIAN_POINT('',(9.65098914191285,-4.05,3.24999999999997));
#3328=CARTESIAN_POINT('',(9.65098914191285,-3.25,6.49999999999993));
#3329=CARTESIAN_POINT('',(9.65098914191285,-4.05,6.49999999999993));
#3330=CARTESIAN_POINT('',(9.65098914191285,-3.25,6.49999999999993));
#3331=CARTESIAN_POINT('Origin',(-0.349010858087153,-4.05,6.49999999999993));
#3332=CARTESIAN_POINT('',(-0.749505429043577,-4.05,6.49999999999993));
#3333=CARTESIAN_POINT('',(-0.349010858087153,-3.25,6.49999999999993));
#3334=CARTESIAN_POINT('Origin',(4.65098914191285,-3.25,3.74999999999993));
#3335=CARTESIAN_POINT('Origin',(-0.649999999999999,4.05,0.999999999999933));
#3336=CARTESIAN_POINT('',(-0.649999999999999,4.05,0.999999999999933));
#3337=CARTESIAN_POINT('',(9.35,4.05,0.999999999999933));
#3338=CARTESIAN_POINT('',(5.35,4.05,0.999999999999933));
#3339=CARTESIAN_POINT('',(-0.649999999999999,3.25,0.999999999999933));
#3340=CARTESIAN_POINT('',(-0.649999999999999,4.05,0.999999999999933));
#3341=CARTESIAN_POINT('',(9.35,3.25,0.999999999999933));
#3342=CARTESIAN_POINT('',(9.35,3.25,0.999999999999933));
#3343=CARTESIAN_POINT('',(9.35,4.05,0.999999999999933));
#3344=CARTESIAN_POINT('Origin',(-0.649999999999999,4.05,6.49999999999993));
#3345=CARTESIAN_POINT('',(-0.649999999999999,4.05,6.49999999999993));
#3346=CARTESIAN_POINT('',(-0.649999999999999,4.05,3.24999999999997));
#3347=CARTESIAN_POINT('',(-0.649999999999999,3.25,6.49999999999993));
#3348=CARTESIAN_POINT('',(-0.649999999999999,4.05,6.49999999999993));
#3349=CARTESIAN_POINT('',(-0.649999999999999,3.25,0.999999999999933));
#3350=CARTESIAN_POINT('Origin',(9.35,4.05,6.49999999999993));
#3351=CARTESIAN_POINT('',(9.35,4.05,6.49999999999993));
#3352=CARTESIAN_POINT('',(10.35,4.05,6.49999999999993));
#3353=CARTESIAN_POINT('',(9.35,3.25,6.49999999999993));
#3354=CARTESIAN_POINT('',(9.35,4.05,6.49999999999993));
#3355=CARTESIAN_POINT('',(-0.649999999999999,3.25,6.49999999999993));
#3356=CARTESIAN_POINT('Origin',(9.35,4.05,0.999999999999933));
#3357=CARTESIAN_POINT('',(9.35,4.05,0.499999999999967));
#3358=CARTESIAN_POINT('',(9.35,3.25,6.49999999999993));
#3359=CARTESIAN_POINT('Origin',(4.35,3.25,3.74999999999993));
#3360=CARTESIAN_POINT('Origin',(-4.15,1.,3.));
#3361=CARTESIAN_POINT('',(-4.15,-1.,3.));
#3362=CARTESIAN_POINT('',(-4.15,1.,3.));
#3363=CARTESIAN_POINT('',(-4.15,1.275,3.));
#3364=CARTESIAN_POINT('',(-4.35,-1.,3.));
#3365=CARTESIAN_POINT('',(-4.15,-1.,3.));
#3366=CARTESIAN_POINT('',(-4.35,1.,3.));
#3367=CARTESIAN_POINT('',(-4.35,-1.,3.));
#3368=CARTESIAN_POINT('',(-4.15,1.,3.));
#3369=CARTESIAN_POINT('Origin',(-4.15,1.,3.2));
#3370=CARTESIAN_POINT('',(-4.15,1.,3.2));
#3371=CARTESIAN_POINT('',(-4.15,1.,1.6));
#3372=CARTESIAN_POINT('',(-4.35,1.,3.2));
#3373=CARTESIAN_POINT('',(-4.35,1.,3.));
#3374=CARTESIAN_POINT('',(-4.15,1.,3.2));
#3375=CARTESIAN_POINT('Origin',(-4.15,-1.,3.2));
#3376=CARTESIAN_POINT('',(-4.15,-1.,3.2));
#3377=CARTESIAN_POINT('',(-4.15,0.275,3.2));
#3378=CARTESIAN_POINT('',(-4.35,-1.,3.2));
#3379=CARTESIAN_POINT('',(-4.35,1.,3.2));
#3380=CARTESIAN_POINT('',(-4.15,-1.,3.2));
#3381=CARTESIAN_POINT('Origin',(-4.15,-1.,3.));
#3382=CARTESIAN_POINT('',(-4.15,-1.,1.5));
#3383=CARTESIAN_POINT('',(-4.35,-1.,3.2));
#3384=CARTESIAN_POINT('Origin',(-4.35,0.,3.1));
#3385=CARTESIAN_POINT('Origin',(11.35,-1.00000086013537,2.75000086013537));
#3386=CARTESIAN_POINT('',(11.35,-0.250000000000001,2.75000086013537));
#3387=CARTESIAN_POINT('',(11.35,-1.00000086013537,2.75000086013537));
#3388=CARTESIAN_POINT('',(11.35,-2.52500043006769,2.75000086013537));
#3389=CARTESIAN_POINT('',(11.55,-0.250000000000001,2.75000086013537));
#3390=CARTESIAN_POINT('',(11.35,-0.250000000000001,2.75000086013537));
#3391=CARTESIAN_POINT('',(11.55,-1.00000086013537,2.75000086013537));
#3392=CARTESIAN_POINT('',(11.55,-1.00000086013537,2.75000086013537));
#3393=CARTESIAN_POINT('',(11.35,-1.00000086013537,2.75000086013537));
#3394=CARTESIAN_POINT('Origin',(11.35,-1.00000086013537,3.25000086013537));
#3395=CARTESIAN_POINT('',(11.35,-1.00000086013537,3.25000086013537));
#3396=CARTESIAN_POINT('',(11.35,-1.00000086013538,1.62500043006768));
#3397=CARTESIAN_POINT('',(11.55,-1.00000086013537,3.25000086013537));
#3398=CARTESIAN_POINT('',(11.55,-1.00000086013537,3.25000086013537));
#3399=CARTESIAN_POINT('',(11.35,-1.00000086013537,3.25000086013537));
#3400=CARTESIAN_POINT('Origin',(11.35,-0.250000000000001,3.25000086013537));
#3401=CARTESIAN_POINT('',(11.35,-0.250000000000001,3.25000086013537));
#3402=CARTESIAN_POINT('',(11.35,-2.15,3.25000086013537));
#3403=CARTESIAN_POINT('',(11.55,-0.250000000000001,3.25000086013537));
#3404=CARTESIAN_POINT('',(11.55,-0.250000000000001,3.25000086013537));
#3405=CARTESIAN_POINT('',(11.35,-0.250000000000001,3.25000086013537));
#3406=CARTESIAN_POINT('Origin',(11.35,-0.250000000000001,4.00000172027075));
#3407=CARTESIAN_POINT('',(11.35,-0.250000000000001,4.00000172027075));
#3408=CARTESIAN_POINT('',(11.35,-0.25,2.00000086013537));
#3409=CARTESIAN_POINT('',(11.55,-0.250000000000001,4.00000172027075));
#3410=CARTESIAN_POINT('',(11.55,-0.250000000000001,4.00000172027075));
#3411=CARTESIAN_POINT('',(11.35,-0.250000000000001,4.00000172027075));
#3412=CARTESIAN_POINT('Origin',(11.35,0.250002366256515,4.00000172027075));
#3413=CARTESIAN_POINT('',(11.35,0.250002366256515,4.00000172027075));
#3414=CARTESIAN_POINT('',(11.35,-1.89999881687174,4.00000172027075));
#3415=CARTESIAN_POINT('',(11.55,0.250002366256515,4.00000172027075));
#3416=CARTESIAN_POINT('',(11.55,0.250002366256515,4.00000172027075));
#3417=CARTESIAN_POINT('',(11.35,0.250002366256515,4.00000172027075));
#3418=CARTESIAN_POINT('Origin',(11.35,0.250002366256515,3.25000086013386));
#3419=CARTESIAN_POINT('',(11.35,0.250002366256515,3.25000086013386));
#3420=CARTESIAN_POINT('',(11.35,0.250002366256516,1.62500043006693));
#3421=CARTESIAN_POINT('',(11.55,0.250002366256515,3.25000086013386));
#3422=CARTESIAN_POINT('',(11.55,0.250002366256515,3.25000086013386));
#3423=CARTESIAN_POINT('',(11.35,0.250002366256515,3.25000086013386));
#3424=CARTESIAN_POINT('Origin',(11.35,1.00000322639189,3.25000086013386));
#3425=CARTESIAN_POINT('',(11.35,1.00000322639189,3.25000086013386));
#3426=CARTESIAN_POINT('',(11.35,-1.52499838680406,3.25000086013386));
#3427=CARTESIAN_POINT('',(11.55,1.00000322639189,3.25000086013386));
#3428=CARTESIAN_POINT('',(11.55,1.00000322639189,3.25000086013386));
#3429=CARTESIAN_POINT('',(11.35,1.00000322639189,3.25000086013386));
#3430=CARTESIAN_POINT('Origin',(11.35,1.00000236625652,2.75000086013386));
#3431=CARTESIAN_POINT('',(11.35,1.00000236625652,2.75000086013386));
#3432=CARTESIAN_POINT('',(11.35,1.00000000087602,1.37499608638533));
#3433=CARTESIAN_POINT('',(11.55,1.00000236625652,2.75000086013386));
#3434=CARTESIAN_POINT('',(11.55,1.00000236625652,2.75000086013386));
#3435=CARTESIAN_POINT('',(11.35,1.00000236625652,2.75000086013386));
#3436=CARTESIAN_POINT('Origin',(11.35,0.250001506121141,2.75000086013386));
#3437=CARTESIAN_POINT('',(11.35,0.250001506121141,2.75000086013386));
#3438=CARTESIAN_POINT('',(11.35,-1.89999924693943,2.75000086013386));
#3439=CARTESIAN_POINT('',(11.55,0.250001506121141,2.75000086013386));
#3440=CARTESIAN_POINT('',(11.55,0.250001506121141,2.75000086013386));
#3441=CARTESIAN_POINT('',(11.35,0.250001506121141,2.75000086013386));
#3442=CARTESIAN_POINT('Origin',(11.35,0.25,2.));
#3443=CARTESIAN_POINT('',(11.35,0.25,2.));
#3444=CARTESIAN_POINT('',(11.35,0.249997991832113,0.999995682461714));
#3445=CARTESIAN_POINT('',(11.55,0.25,2.));
#3446=CARTESIAN_POINT('',(11.55,0.25,2.));
#3447=CARTESIAN_POINT('',(11.35,0.25,2.));
#3448=CARTESIAN_POINT('Origin',(11.35,-0.25,2.));
#3449=CARTESIAN_POINT('',(11.35,-0.25,2.));
#3450=CARTESIAN_POINT('',(11.35,-2.15,2.));
#3451=CARTESIAN_POINT('',(11.55,-0.25,2.));
#3452=CARTESIAN_POINT('',(11.55,-0.25,2.));
#3453=CARTESIAN_POINT('',(11.35,-0.25,2.));
#3454=CARTESIAN_POINT('Origin',(11.35,-0.250000000000001,2.75000086013537));
#3455=CARTESIAN_POINT('',(11.35,-0.249999999999999,1.37500043006769));
#3456=CARTESIAN_POINT('',(11.55,-0.250000000000001,2.75000086013537));
#3457=CARTESIAN_POINT('Origin',(11.55,1.18312825744815E-6,3.00000086013537));
#3458=CARTESIAN_POINT('Origin',(7.2,0.,0.));
#3459=CARTESIAN_POINT('',(4.2,-3.67394039744206E-16,0.));
#3460=CARTESIAN_POINT('Origin',(7.2,0.,0.));
#3461=CARTESIAN_POINT('',(4.2,-3.67394039744206E-16,3.));
#3462=CARTESIAN_POINT('',(4.2,-3.67394039744206E-16,0.));
#3463=CARTESIAN_POINT('Origin',(7.2,0.,3.));
#3464=CARTESIAN_POINT('Origin',(7.2,0.,3.));
#3465=CARTESIAN_POINT('Origin',(0.,0.,0.));
#3466=CARTESIAN_POINT('',(-3.,-3.67394039744206E-16,0.));
#3467=CARTESIAN_POINT('Origin',(0.,0.,0.));
#3468=CARTESIAN_POINT('',(-3.,-3.67394039744206E-16,3.));
#3469=CARTESIAN_POINT('',(-3.,-3.67394039744206E-16,0.));
#3470=CARTESIAN_POINT('Origin',(0.,0.,3.));
#3471=CARTESIAN_POINT('Origin',(0.,0.,3.));
#3472=CARTESIAN_POINT('Origin',(3.09999995976687,-2.,6.7));
#3473=CARTESIAN_POINT('',(3.09999995976687,-3.29999999936044,6.7));
#3474=CARTESIAN_POINT('',(3.09999995976687,-2.,6.7));
#3475=CARTESIAN_POINT('',(3.09999995976686,-1.,6.7));
#3476=CARTESIAN_POINT('',(3.09999995976687,-3.29999999936044,14.5));
#3477=CARTESIAN_POINT('',(3.09999995976687,-3.3,11.35));
#3478=CARTESIAN_POINT('',(3.09999995976687,-2.,14.5));
#3479=CARTESIAN_POINT('',(3.09999995976687,-2.,14.5));
#3480=CARTESIAN_POINT('',(3.09999995976687,-2.,6.7));
#3481=CARTESIAN_POINT('Origin',(4.09999995976687,-3.29999992623925,6.7));
#3482=CARTESIAN_POINT('',(4.09999995976687,-2.,6.7));
#3483=CARTESIAN_POINT('',(4.09999995976687,-3.29999999936044,6.7));
#3484=CARTESIAN_POINT('',(4.09999995976687,-1.64999996311963,6.7));
#3485=CARTESIAN_POINT('',(4.09999995976687,-2.,14.5));
#3486=CARTESIAN_POINT('',(4.09999995976687,-2.,6.7));
#3487=CARTESIAN_POINT('',(4.09999995976687,-3.29999999936044,14.5));
#3488=CARTESIAN_POINT('',(4.09999995976687,-3.29999992623925,14.5));
#3489=CARTESIAN_POINT('',(4.09999995976686,-3.3,11.35));
#3490=CARTESIAN_POINT('Origin',(3.59999995976687,-2.64999996311963,14.5));
#3491=CARTESIAN_POINT('',(4.09999995976687,-2.,14.5));
#3492=CARTESIAN_POINT('',(7.09999997988343,-3.3,14.5));
#3493=CARTESIAN_POINT('Origin',(3.6,0.,6.7));
#3494=CARTESIAN_POINT('',(10.6,-3.3,6.7));
#3495=CARTESIAN_POINT('',(-0.878462548614002,-3.3,6.7));
#3496=CARTESIAN_POINT('',(10.6,3.3,6.7));
#3497=CARTESIAN_POINT('',(10.6,-3.3,6.7));
#3498=CARTESIAN_POINT('',(-0.878462548614001,3.3,6.7));
#3499=CARTESIAN_POINT('',(10.6,3.3,6.7));
#3500=CARTESIAN_POINT('',(-3.4,1.19871879051167,6.7));
#3501=CARTESIAN_POINT('',(-0.878462548614001,3.3,6.7));
#3502=CARTESIAN_POINT('',(-3.4,-1.19871879051167,6.7));
#3503=CARTESIAN_POINT('',(-3.4,1.19871879051167,6.7));
#3504=CARTESIAN_POINT('',(-0.878462548614002,-3.3,6.7));
#3505=CARTESIAN_POINT('',(-3.4,-1.19871879051167,6.7));
#3506=CARTESIAN_POINT('',(-0.878462548614002,-3.3,6.7));
#3507=CARTESIAN_POINT('',(2.95,-2.,6.7));
#3508=CARTESIAN_POINT('',(3.925,-2.,6.7));
#3509=CARTESIAN_POINT('',(2.95,2.,6.7));
#3510=CARTESIAN_POINT('',(2.95,-1.,6.7));
#3511=CARTESIAN_POINT('',(4.25,2.,6.7));
#3512=CARTESIAN_POINT('',(3.275,2.,6.7));
#3513=CARTESIAN_POINT('',(4.25,-2.,6.7));
#3514=CARTESIAN_POINT('',(4.25,1.,6.7));
#3515=CARTESIAN_POINT('',(3.925,-2.,6.7));
#3516=CARTESIAN_POINT('Origin',(2.95,2.,6.7));
#3517=CARTESIAN_POINT('',(2.95,2.,5.7));
#3518=CARTESIAN_POINT('',(2.95,2.,6.7));
#3519=CARTESIAN_POINT('',(4.25,2.,5.7));
#3520=CARTESIAN_POINT('',(4.25,2.,5.7));
#3521=CARTESIAN_POINT('',(4.25,2.,6.7));
#3522=CARTESIAN_POINT('Origin',(2.95,-2.,6.7));
#3523=CARTESIAN_POINT('',(2.95,-2.,5.7));
#3524=CARTESIAN_POINT('',(2.95,-2.,6.7));
#3525=CARTESIAN_POINT('',(2.95,2.,5.7));
#3526=CARTESIAN_POINT('Origin',(4.25,-2.,6.7));
#3527=CARTESIAN_POINT('',(4.25,-2.,5.7));
#3528=CARTESIAN_POINT('',(4.25,-2.,6.7));
#3529=CARTESIAN_POINT('',(2.95,-2.,5.7));
#3530=CARTESIAN_POINT('Origin',(4.25,2.,6.7));
#3531=CARTESIAN_POINT('',(4.25,-2.,5.7));
#3532=CARTESIAN_POINT('Origin',(3.6,0.,5.7));
#3533=CARTESIAN_POINT('Origin',(-3.4,-1.19871879051167,16.));
#3534=CARTESIAN_POINT('',(-3.4,-1.19871879051167,16.));
#3535=CARTESIAN_POINT('',(-3.4,1.19871879051167,16.));
#3536=CARTESIAN_POINT('',(-3.4,-0.599359395255834,16.));
#3537=CARTESIAN_POINT('',(-3.4,-1.19871879051167,16.));
#3538=CARTESIAN_POINT('',(-3.4,1.19871879051167,16.));
#3539=CARTESIAN_POINT('Origin',(-0.878462548614002,-3.3,16.));
#3540=CARTESIAN_POINT('',(-0.878462548614002,-3.3,16.));
#3541=CARTESIAN_POINT('',(-0.368424419514789,-3.72503177424935,16.));
#3542=CARTESIAN_POINT('',(-0.878462548614002,-3.3,16.));
#3543=CARTESIAN_POINT('Origin',(10.6,-3.3,16.));
#3544=CARTESIAN_POINT('',(10.6,-3.3,16.));
#3545=CARTESIAN_POINT('',(7.1,-3.3,16.));
#3546=CARTESIAN_POINT('',(10.6,-3.3,16.));
#3547=CARTESIAN_POINT('Origin',(10.6,3.3,16.));
#3548=CARTESIAN_POINT('',(10.6,3.3,16.));
#3549=CARTESIAN_POINT('',(10.6,1.65,16.));
#3550=CARTESIAN_POINT('',(10.6,3.3,16.));
#3551=CARTESIAN_POINT('Origin',(-0.878462548614001,3.3,16.));
#3552=CARTESIAN_POINT('',(-0.878462548614001,3.3,16.));
#3553=CARTESIAN_POINT('',(1.360768725693,3.3,16.));
#3554=CARTESIAN_POINT('',(-0.878462548614001,3.3,16.));
#3555=CARTESIAN_POINT('Origin',(-3.4,1.19871879051167,16.));
#3556=CARTESIAN_POINT('',(-1.62919314520779,2.67439116950518,16.));
#3557=CARTESIAN_POINT('Origin',(-1.15,-4.05,0.));
#3558=CARTESIAN_POINT('',(11.35,-4.05,0.));
#3559=CARTESIAN_POINT('',(-1.15,-4.05,0.));
#3560=CARTESIAN_POINT('',(11.35,-4.05,0.));
#3561=CARTESIAN_POINT('',(11.35,-4.05,16.));
#3562=CARTESIAN_POINT('',(11.35,-4.05,0.));
#3563=CARTESIAN_POINT('',(-1.15,-4.05,16.));
#3564=CARTESIAN_POINT('',(11.35,-4.05,16.));
#3565=CARTESIAN_POINT('',(-1.15,-4.05,0.));
#3566=CARTESIAN_POINT('Origin',(-4.15,-1.55,0.));
#3567=CARTESIAN_POINT('',(-4.15,-1.55,0.));
#3568=CARTESIAN_POINT('',(-1.15,-4.05,0.));
#3569=CARTESIAN_POINT('',(-4.15,-1.55,16.));
#3570=CARTESIAN_POINT('',(-1.15,-4.05,16.));
#3571=CARTESIAN_POINT('',(-4.15,-1.55,0.));
#3572=CARTESIAN_POINT('Origin',(-4.15,1.55,0.));
#3573=CARTESIAN_POINT('',(-4.15,1.55,0.));
#3574=CARTESIAN_POINT('',(-4.15,1.55,0.));
#3575=CARTESIAN_POINT('',(-4.15,1.55,16.));
#3576=CARTESIAN_POINT('',(-4.15,1.55,16.));
#3577=CARTESIAN_POINT('',(-4.15,1.55,0.));
#3578=CARTESIAN_POINT('Origin',(-1.15,4.05,0.));
#3579=CARTESIAN_POINT('',(-1.15,4.05,0.));
#3580=CARTESIAN_POINT('',(-1.15,4.05,0.));
#3581=CARTESIAN_POINT('',(-1.15,4.05,16.));
#3582=CARTESIAN_POINT('',(-1.15,4.05,16.));
#3583=CARTESIAN_POINT('',(-1.15,4.05,0.));
#3584=CARTESIAN_POINT('Origin',(11.35,4.05,0.));
#3585=CARTESIAN_POINT('',(11.35,4.05,0.));
#3586=CARTESIAN_POINT('',(11.35,4.05,0.));
#3587=CARTESIAN_POINT('',(11.35,4.05,16.));
#3588=CARTESIAN_POINT('',(11.35,4.05,16.));
#3589=CARTESIAN_POINT('',(11.35,4.05,0.));
#3590=CARTESIAN_POINT('Origin',(11.35,-4.05,0.));
#3591=CARTESIAN_POINT('',(11.35,-4.05,0.));
#3592=CARTESIAN_POINT('',(11.35,-4.05,16.));
#3593=CARTESIAN_POINT('Origin',(3.6,0.,16.));
#3594=CARTESIAN_POINT('Origin',(3.6,0.,0.));
#3595=CARTESIAN_POINT('Origin',(-2.89999993517995,-2.15,-1.5));
#3596=CARTESIAN_POINT('',(-1.5,-2.4925621298838E-16,-1.5));
#3597=CARTESIAN_POINT('',(-2.15,-3.93585206189651E-16,-1.5));
#3598=CARTESIAN_POINT('',(2.15,5.61206594987984E-16,-1.5));
#3599=CARTESIAN_POINT('',(1.5,4.16877601786714E-16,-1.5));
#3600=CARTESIAN_POINT('Origin',(-8.38106943991666E-17,0.,-1.5));
#3601=CARTESIAN_POINT('',(2.15,5.61206594987984E-16,-1.5));
#3602=CARTESIAN_POINT('',(2.15,5.61206594987984E-16,-1.5));
#3603=CARTESIAN_POINT('Origin',(0.,0.,-1.5));
#3604=CARTESIAN_POINT('Origin',(-8.38106943991666E-17,0.,1.95064546427067));
#3605=CARTESIAN_POINT('',(-8.38106943991666E-17,0.,2.40129092854134));
#3606=CARTESIAN_POINT('',(1.5,-1.83697019872103E-16,1.5));
#3607=CARTESIAN_POINT('',(0.75,-9.18485099360515E-17,1.95064546427067));
#3608=CARTESIAN_POINT('',(-6.00574621658817E-16,1.5,1.5));
#3609=CARTESIAN_POINT('Origin',(-8.38106943991666E-17,0.,1.5));
#3610=CARTESIAN_POINT('Origin',(-8.38106943991666E-17,0.,1.5));
#3611=CARTESIAN_POINT('Origin',(-0.25,0.25,14.6));
#3612=CARTESIAN_POINT('',(-0.25,0.707106781186547,7.05));
#3613=CARTESIAN_POINT('',(-0.25,0.707106781186548,14.6));
#3614=CARTESIAN_POINT('',(-0.25,0.707106781186548,10.825));
#3615=CARTESIAN_POINT('',(-0.25,1.93390796058137,7.05));
#3616=CARTESIAN_POINT('',(-0.25,2.12752804872535,7.05));
#3617=CARTESIAN_POINT('',(-0.25,1.93390796058137,13.6));
#3618=CARTESIAN_POINT('',(-0.25,1.93390796058137,7.05));
#3619=CARTESIAN_POINT('',(-0.25,0.916515138991168,14.6));
#3620=CARTESIAN_POINT('Ctrl Pts',(-0.25,0.916515138991128,14.6));
#3621=CARTESIAN_POINT('Ctrl Pts',(-0.25,1.04413554020408,14.6));
#3622=CARTESIAN_POINT('Ctrl Pts',(-0.25,1.19450497489269,14.5709781924802));
#3623=CARTESIAN_POINT('Ctrl Pts',(-0.25,1.42770990820429,14.4750831065565));
#3624=CARTESIAN_POINT('Ctrl Pts',(-0.25,1.55229382744578,14.3925580788334));
#3625=CARTESIAN_POINT('Ctrl Pts',(-0.25,1.72799634652627,14.2176806231706));
#3626=CARTESIAN_POINT('Ctrl Pts',(-0.25,1.81053722127429,14.0947864962551));
#3627=CARTESIAN_POINT('Ctrl Pts',(-0.25,1.90503562381406,13.8674222983928));
#3628=CARTESIAN_POINT('Ctrl Pts',(-0.25,1.93390796058137,13.7228532737846));
#3629=CARTESIAN_POINT('Ctrl Pts',(-0.25,1.93390796058137,13.6));
#3630=CARTESIAN_POINT('',(-0.25,0.125,14.6));
#3631=CARTESIAN_POINT('Origin',(-2.12348297189055,0.25,14.6));
#3632=CARTESIAN_POINT('',(-1.93390796058137,0.25,7.05));
#3633=CARTESIAN_POINT('',(-1.93390796058137,0.25,13.6));
#3634=CARTESIAN_POINT('',(-1.93390796058137,0.25,7.05));
#3635=CARTESIAN_POINT('',(-0.707106781186547,0.25,7.05));
#3636=CARTESIAN_POINT('',(2.12348297189055,0.25,7.05));
#3637=CARTESIAN_POINT('',(-0.707106781186548,0.25,14.6));
#3638=CARTESIAN_POINT('',(-0.707106781186548,0.25,10.825));
#3639=CARTESIAN_POINT('',(-0.916515138991168,0.25,14.6));
#3640=CARTESIAN_POINT('',(-1.06174148594527,0.25,14.6));
#3641=CARTESIAN_POINT('Ctrl Pts',(-1.93390796058138,0.25,13.6));
#3642=CARTESIAN_POINT('Ctrl Pts',(-1.93390796058138,0.25,13.7228532737846));
#3643=CARTESIAN_POINT('Ctrl Pts',(-1.90503562381407,0.25,13.8674222983928));
#3644=CARTESIAN_POINT('Ctrl Pts',(-1.8105372212743,0.25,14.0947864962551));
#3645=CARTESIAN_POINT('Ctrl Pts',(-1.72799634652628,0.25,14.2176806231706));
#3646=CARTESIAN_POINT('Ctrl Pts',(-1.55229382744578,0.25,14.3925580788334));
#3647=CARTESIAN_POINT('Ctrl Pts',(-1.4277099082043,0.25,14.4750831065565));
#3648=CARTESIAN_POINT('Ctrl Pts',(-1.1945049748927,0.25,14.5709781924802));
#3649=CARTESIAN_POINT('Ctrl Pts',(-1.04413554020409,0.25,14.6));
#3650=CARTESIAN_POINT('Ctrl Pts',(-0.916515138991135,0.25,14.6));
#3651=CARTESIAN_POINT('Origin',(-0.25,-0.25,14.6));
#3652=CARTESIAN_POINT('',(-0.707106781186547,-0.25,7.05));
#3653=CARTESIAN_POINT('',(-0.707106781186548,-0.25,14.6));
#3654=CARTESIAN_POINT('',(-0.707106781186548,-0.25,10.825));
#3655=CARTESIAN_POINT('',(-1.93390796058137,-0.25,7.05));
#3656=CARTESIAN_POINT('',(-2.12348297189055,-0.25,7.05));
#3657=CARTESIAN_POINT('',(-1.93390796058137,-0.25,13.6));
#3658=CARTESIAN_POINT('',(-1.93390796058137,-0.25,7.05));
#3659=CARTESIAN_POINT('',(-0.916515138991168,-0.25,14.6));
#3660=CARTESIAN_POINT('Ctrl Pts',(-0.9165151389911,-0.25,14.6));
#3661=CARTESIAN_POINT('Ctrl Pts',(-1.04413554020405,-0.25,14.6));
#3662=CARTESIAN_POINT('Ctrl Pts',(-1.19450497489267,-0.25,14.5709781924802));
#3663=CARTESIAN_POINT('Ctrl Pts',(-1.42770990820427,-0.25,14.4750831065566));
#3664=CARTESIAN_POINT('Ctrl Pts',(-1.55229382744576,-0.25,14.3925580788334));
#3665=CARTESIAN_POINT('Ctrl Pts',(-1.72799634652625,-0.25,14.2176806231706));
#3666=CARTESIAN_POINT('Ctrl Pts',(-1.81053722127428,-0.25,14.0947864962552));
#3667=CARTESIAN_POINT('Ctrl Pts',(-1.90503562381405,-0.25,13.8674222983928));
#3668=CARTESIAN_POINT('Ctrl Pts',(-1.93390796058137,-0.25,13.7228532737846));
#3669=CARTESIAN_POINT('Ctrl Pts',(-1.93390796058137,-0.25,13.6000000000001));
#3670=CARTESIAN_POINT('',(-0.125,-0.25,14.6));
#3671=CARTESIAN_POINT('Origin',(0.25,-0.25,14.6));
#3672=CARTESIAN_POINT('',(0.25,-0.707106781186547,7.05));
#3673=CARTESIAN_POINT('',(0.25,-0.707106781186548,14.6));
#3674=CARTESIAN_POINT('',(0.25,-0.707106781186548,10.825));
#3675=CARTESIAN_POINT('',(0.25,-1.93390796058137,7.05));
#3676=CARTESIAN_POINT('',(0.25,-2.12752804872535,7.05));
#3677=CARTESIAN_POINT('',(0.25,-1.93390796058137,13.6));
#3678=CARTESIAN_POINT('',(0.25,-1.93390796058137,7.05));
#3679=CARTESIAN_POINT('',(0.25,-0.916515138991168,14.6));
#3680=CARTESIAN_POINT('Ctrl Pts',(0.25,-0.916515138991092,14.6));
#3681=CARTESIAN_POINT('Ctrl Pts',(0.25,-1.04413554020405,14.6));
#3682=CARTESIAN_POINT('Ctrl Pts',(0.25,-1.19450497489266,14.5709781924802));
#3683=CARTESIAN_POINT('Ctrl Pts',(0.25,-1.42770990820426,14.4750831065566));
#3684=CARTESIAN_POINT('Ctrl Pts',(0.25,-1.55229382744575,14.3925580788334));
#3685=CARTESIAN_POINT('Ctrl Pts',(0.25,-1.72799634652625,14.2176806231706));
#3686=CARTESIAN_POINT('Ctrl Pts',(0.25,-1.81053722127428,14.0947864962552));
#3687=CARTESIAN_POINT('Ctrl Pts',(0.25,-1.90503562381405,13.8674222983928));
#3688=CARTESIAN_POINT('Ctrl Pts',(0.25,-1.93390796058137,13.7228532737846));
#3689=CARTESIAN_POINT('Ctrl Pts',(0.25,-1.93390796058137,13.6000000000001));
#3690=CARTESIAN_POINT('',(0.25,-0.125,14.6));
#3691=CARTESIAN_POINT('Origin',(0.25,0.25,14.6));
#3692=CARTESIAN_POINT('',(0.707106781186547,0.25,7.05));
#3693=CARTESIAN_POINT('',(0.707106781186548,0.25,14.6));
#3694=CARTESIAN_POINT('',(0.707106781186548,0.25,10.825));
#3695=CARTESIAN_POINT('',(1.93390796058137,0.25,7.05));
#3696=CARTESIAN_POINT('',(2.12348297189055,0.25,7.05));
#3697=CARTESIAN_POINT('',(1.93390796058137,0.25,13.6));
#3698=CARTESIAN_POINT('',(1.93390796058137,0.25,7.05));
#3699=CARTESIAN_POINT('',(0.916515138991168,0.25,14.6));
#3700=CARTESIAN_POINT('Ctrl Pts',(0.916515138991208,0.25,14.6));
#3701=CARTESIAN_POINT('Ctrl Pts',(1.04413554020416,0.25,14.6));
#3702=CARTESIAN_POINT('Ctrl Pts',(1.19450497489276,0.25,14.5709781924802));
#3703=CARTESIAN_POINT('Ctrl Pts',(1.42770990820435,0.25,14.4750831065565));
#3704=CARTESIAN_POINT('Ctrl Pts',(1.55229382744583,0.25,14.3925580788333));
#3705=CARTESIAN_POINT('Ctrl Pts',(1.72799634652631,0.25,14.2176806231706));
#3706=CARTESIAN_POINT('Ctrl Pts',(1.81053722127433,0.25,14.0947864962551));
#3707=CARTESIAN_POINT('Ctrl Pts',(1.90503562381407,0.25,13.8674222983927));
#3708=CARTESIAN_POINT('Ctrl Pts',(1.93390796058137,0.25,13.7228532737845));
#3709=CARTESIAN_POINT('Ctrl Pts',(1.93390796058137,0.25,13.6));
#3710=CARTESIAN_POINT('',(0.125,0.25,14.6));
#3711=CARTESIAN_POINT('Origin',(0.25,2.12752804872535,14.6));
#3712=CARTESIAN_POINT('',(0.25,0.707106781186548,14.6));
#3713=CARTESIAN_POINT('',(0.25,0.707106781186547,7.05));
#3714=CARTESIAN_POINT('',(0.25,0.707106781186548,10.825));
#3715=CARTESIAN_POINT('',(0.25,0.916515138991168,14.6));
#3716=CARTESIAN_POINT('',(0.25,1.06376402436267,14.6));
#3717=CARTESIAN_POINT('',(0.25,1.93390796058137,13.6));
#3718=CARTESIAN_POINT('Ctrl Pts',(0.25,1.93390796058136,13.6));
#3719=CARTESIAN_POINT('Ctrl Pts',(0.25,1.93390796058136,13.7228532737845));
#3720=CARTESIAN_POINT('Ctrl Pts',(0.25,1.90503562381407,13.8674222983928));
#3721=CARTESIAN_POINT('Ctrl Pts',(0.25,1.81053722127432,14.0947864962551));
#3722=CARTESIAN_POINT('Ctrl Pts',(0.25,1.7279963465263,14.2176806231706));
#3723=CARTESIAN_POINT('Ctrl Pts',(0.25,1.55229382744582,14.3925580788333));
#3724=CARTESIAN_POINT('Ctrl Pts',(0.25,1.42770990820435,14.4750831065565));
#3725=CARTESIAN_POINT('Ctrl Pts',(0.25,1.19450497489276,14.5709781924802));
#3726=CARTESIAN_POINT('Ctrl Pts',(0.25,1.04413554020415,14.6));
#3727=CARTESIAN_POINT('Ctrl Pts',(0.25,0.916515138991201,14.6));
#3728=CARTESIAN_POINT('',(0.25,1.93390796058137,7.05));
#3729=CARTESIAN_POINT('',(0.25,1.93390796058137,7.05));
#3730=CARTESIAN_POINT('',(0.25,-2.12752804872535,7.05));
#3731=CARTESIAN_POINT('Origin',(-0.25,-2.12752804872535,14.6));
#3732=CARTESIAN_POINT('',(-0.25,-0.707106781186548,14.6));
#3733=CARTESIAN_POINT('',(-0.25,-0.707106781186547,7.05));
#3734=CARTESIAN_POINT('',(-0.25,-0.707106781186548,10.825));
#3735=CARTESIAN_POINT('',(-0.25,-0.916515138991168,14.6));
#3736=CARTESIAN_POINT('',(-0.25,-1.06376402436267,14.6));
#3737=CARTESIAN_POINT('',(-0.25,-1.93390796058137,13.6));
#3738=CARTESIAN_POINT('Ctrl Pts',(-0.25,-1.93390796058138,13.6000000000001));
#3739=CARTESIAN_POINT('Ctrl Pts',(-0.25,-1.93390796058138,13.7233908866649));
#3740=CARTESIAN_POINT('Ctrl Pts',(-0.25,-1.90478540200151,13.8685677591169));
#3741=CARTESIAN_POINT('Ctrl Pts',(-0.25,-1.80948305582309,14.0967695960645));
#3742=CARTESIAN_POINT('Ctrl Pts',(-0.25,-1.72626179312936,14.219993669617));
#3743=CARTESIAN_POINT('Ctrl Pts',(-0.25,-1.54995695015919,14.3942805839132));
#3744=CARTESIAN_POINT('Ctrl Pts',(-0.25,-1.42569756403583,14.4761363979197));
#3745=CARTESIAN_POINT('Ctrl Pts',(-0.25,-1.19333205295951,14.5712258941121));
#3746=CARTESIAN_POINT('Ctrl Pts',(-0.25,-1.04358621668342,14.6));
#3747=CARTESIAN_POINT('Ctrl Pts',(-0.25,-0.916515138991104,14.6));
#3748=CARTESIAN_POINT('',(-0.25,-1.93390796058137,7.05));
#3749=CARTESIAN_POINT('',(-0.25,-1.93390796058137,7.05));
#3750=CARTESIAN_POINT('',(-0.25,2.12752804872535,7.05));
#3751=CARTESIAN_POINT('Origin',(2.12348297189055,-0.25,14.6));
#3752=CARTESIAN_POINT('',(0.707106781186548,-0.25,14.6));
#3753=CARTESIAN_POINT('',(0.707106781186547,-0.25,7.05));
#3754=CARTESIAN_POINT('',(0.707106781186548,-0.25,10.825));
#3755=CARTESIAN_POINT('',(0.916515138991168,-0.25,14.6));
#3756=CARTESIAN_POINT('',(1.06174148594527,-0.25,14.6));
#3757=CARTESIAN_POINT('',(1.93390796058137,-0.25,13.6));
#3758=CARTESIAN_POINT('Ctrl Pts',(1.93390796058138,-0.25,13.6000000000001));
#3759=CARTESIAN_POINT('Ctrl Pts',(1.93390796058138,-0.25,13.7228532737846));
#3760=CARTESIAN_POINT('Ctrl Pts',(1.90503562381406,-0.25,13.8674222983928));
#3761=CARTESIAN_POINT('Ctrl Pts',(1.81053722127429,-0.25,14.0947864962552));
#3762=CARTESIAN_POINT('Ctrl Pts',(1.72799634652626,-0.25,14.2176806231706));
#3763=CARTESIAN_POINT('Ctrl Pts',(1.55229382744576,-0.25,14.3925580788334));
#3764=CARTESIAN_POINT('Ctrl Pts',(1.42770990820427,-0.25,14.4750831065566));
#3765=CARTESIAN_POINT('Ctrl Pts',(1.19450497489267,-0.25,14.5709781924802));
#3766=CARTESIAN_POINT('Ctrl Pts',(1.04413554020405,-0.25,14.6));
#3767=CARTESIAN_POINT('Ctrl Pts',(0.916515138991101,-0.25,14.6));
#3768=CARTESIAN_POINT('',(1.93390796058137,-0.25,7.05));
#3769=CARTESIAN_POINT('',(1.93390796058137,-0.25,7.05));
#3770=CARTESIAN_POINT('',(-2.12348297189055,-0.25,7.05));
#3771=CARTESIAN_POINT('Origin',(3.70326324089341E-17,0.,10.825));
#3772=CARTESIAN_POINT('Origin',(3.70326324089341E-17,0.,14.6));
#3773=CARTESIAN_POINT('Origin',(3.70326324089341E-17,0.,7.05));
#3774=CARTESIAN_POINT('Origin',(3.70326324089341E-17,0.,10.825));
#3775=CARTESIAN_POINT('Origin',(3.70326324089341E-17,0.,14.6));
#3776=CARTESIAN_POINT('Origin',(3.70326324089341E-17,0.,7.05));
#3777=CARTESIAN_POINT('Origin',(3.70326324089341E-17,0.,10.825));
#3778=CARTESIAN_POINT('Origin',(3.70326324089341E-17,0.,14.6));
#3779=CARTESIAN_POINT('Origin',(3.70326324089341E-17,0.,7.05));
#3780=CARTESIAN_POINT('Origin',(0.,0.,14.6));
#3781=CARTESIAN_POINT('Origin',(0.,0.,14.6));
#3782=CARTESIAN_POINT('Origin',(0.,0.,14.6));
#3783=CARTESIAN_POINT('Origin',(0.,0.,14.6));
#3784=CARTESIAN_POINT('Origin',(0.,0.,14.6));
#3785=CARTESIAN_POINT('Origin',(0.,0.,14.6));
#3786=CARTESIAN_POINT('Origin',(0.,0.,7.05));
#3787=CARTESIAN_POINT('Origin',(0.,0.,7.05));
#3788=CARTESIAN_POINT('Origin',(0.,0.,13.6));
#3789=CARTESIAN_POINT('Origin',(0.,0.,7.05));
#3790=CARTESIAN_POINT('Origin',(0.,0.,7.05));
#3791=CARTESIAN_POINT('Origin',(0.,0.,13.6));
#3792=CARTESIAN_POINT('Origin',(0.,0.,7.05));
#3793=CARTESIAN_POINT('Origin',(0.,0.,7.05));
#3794=CARTESIAN_POINT('Origin',(0.,0.,13.6));
#3795=CARTESIAN_POINT('Ctrl Pts',(0.25,-1.93390796058137,13.6));
#3796=CARTESIAN_POINT('Ctrl Pts',(1.7411448049247,-1.7411448049247,13.6));
#3797=CARTESIAN_POINT('Ctrl Pts',(1.93390796058138,-0.25,13.6));
#3798=CARTESIAN_POINT('Ctrl Pts',(0.249999999999953,-1.93390796058141,14.6));
#3799=CARTESIAN_POINT('Ctrl Pts',(1.74114480492473,-1.74114480492472,14.6000000000001));
#3800=CARTESIAN_POINT('Ctrl Pts',(1.93390796058142,-0.249999999999947,14.6));
#3801=CARTESIAN_POINT('Ctrl Pts',(0.121794871794802,-0.942160288488373,
14.6));
#3802=CARTESIAN_POINT('Ctrl Pts',(0.848250033168452,-0.848250033168443,
14.6));
#3803=CARTESIAN_POINT('Ctrl Pts',(0.942160288488384,-0.121794871794793,
14.6));
#3804=CARTESIAN_POINT('Ctrl Pts',(-1.93390796058137,-0.25,13.6));
#3805=CARTESIAN_POINT('Ctrl Pts',(-1.7411448049247,-1.7411448049247,13.6));
#3806=CARTESIAN_POINT('Ctrl Pts',(-0.25,-1.93390796058138,13.6));
#3807=CARTESIAN_POINT('Ctrl Pts',(-1.9339079605814,-0.249999999999954,14.6));
#3808=CARTESIAN_POINT('Ctrl Pts',(-1.74114480492472,-1.74114480492473,14.6000000000001));
#3809=CARTESIAN_POINT('Ctrl Pts',(-0.249999999999953,-1.93390796058141,
14.6));
#3810=CARTESIAN_POINT('Ctrl Pts',(-0.942160288488375,-0.121794871794808,
14.6));
#3811=CARTESIAN_POINT('Ctrl Pts',(-0.848250033168449,-0.848250033168452,
14.6));
#3812=CARTESIAN_POINT('Ctrl Pts',(-0.121794871794804,-0.94216028848838,
14.6));
#3813=CARTESIAN_POINT('Ctrl Pts',(-0.25,1.93390796058137,13.6));
#3814=CARTESIAN_POINT('Ctrl Pts',(-1.7411448049247,1.7411448049247,13.6));
#3815=CARTESIAN_POINT('Ctrl Pts',(-1.93390796058138,0.25,13.6));
#3816=CARTESIAN_POINT('Ctrl Pts',(-0.249999999999976,1.93390796058139,14.6));
#3817=CARTESIAN_POINT('Ctrl Pts',(-1.74114480492472,1.74114480492472,14.6));
#3818=CARTESIAN_POINT('Ctrl Pts',(-1.9339079605814,0.249999999999971,14.6));
#3819=CARTESIAN_POINT('Ctrl Pts',(-0.121794871794831,0.942160288488365,
14.6));
#3820=CARTESIAN_POINT('Ctrl Pts',(-0.848250033168451,0.848250033168443,
14.6));
#3821=CARTESIAN_POINT('Ctrl Pts',(-0.942160288488374,0.121794871794824,
14.6));
#3822=CARTESIAN_POINT('Ctrl Pts',(1.93390796058137,0.249999999999997,13.6));
#3823=CARTESIAN_POINT('Ctrl Pts',(1.74114480492474,1.74114480492474,13.6));
#3824=CARTESIAN_POINT('Ctrl Pts',(0.249999999999996,1.93390796058136,13.6));
#3825=CARTESIAN_POINT('Ctrl Pts',(1.93390796058137,0.250000000000024,14.6));
#3826=CARTESIAN_POINT('Ctrl Pts',(1.74114480492475,1.74114480492475,14.6));
#3827=CARTESIAN_POINT('Ctrl Pts',(0.250000000000028,1.93390796058137,14.6));
#3828=CARTESIAN_POINT('Ctrl Pts',(0.942160288488338,0.121794871794909,14.6));
#3829=CARTESIAN_POINT('Ctrl Pts',(0.84825003316845,0.848250033168443,14.6));
#3830=CARTESIAN_POINT('Ctrl Pts',(0.121794871794916,0.942160288488329,14.6));
#3831=CARTESIAN_POINT('Origin',(0.,0.,14.6));
#3832=CARTESIAN_POINT('Origin',(0.,0.,13.6));
#3833=CARTESIAN_POINT('Origin',(3.70326324089341E-17,0.,6.82467726786466));
#3834=CARTESIAN_POINT('',(3.70326324089341E-17,0.,6.59935453572933));
#3835=CARTESIAN_POINT('',(-0.750000000000001,-9.18485099360517E-17,7.05));
#3836=CARTESIAN_POINT('',(-0.375,-4.59242549680258E-17,6.82467726786466));
#3837=CARTESIAN_POINT('Origin',(3.70326324089341E-17,0.,7.05));
#3838=CARTESIAN_POINT('Origin',(3.70326324089341E-17,0.,7.05));
#3839=CARTESIAN_POINT('Origin',(3.70326324089341E-17,0.,7.05));
#3840=CARTESIAN_POINT('Origin',(3.70326324089341E-17,0.,7.05));
#3841=CARTESIAN_POINT('Origin',(3.70326324089341E-17,0.,7.05));
#3842=CARTESIAN_POINT('Origin',(3.70326324089341E-17,0.,7.05));
#3843=CARTESIAN_POINT('Origin',(3.70326324089341E-17,0.,10.825));
#3844=CARTESIAN_POINT('Origin',(3.70326324089341E-17,0.,14.6));
#3845=CARTESIAN_POINT('Origin',(0.,0.,7.05));
#3846=CARTESIAN_POINT('Origin',(0.,0.,7.05));
#3847=CARTESIAN_POINT('Origin',(0.,0.,14.6));
#3848=CARTESIAN_POINT('Origin',(0.,0.,7.05));
#3849=CARTESIAN_POINT('',(-2.97907533171303E-16,2.15,7.05));
#3850=CARTESIAN_POINT('Origin',(0.,0.,7.05));
#3851=CARTESIAN_POINT('Origin',(-8.38106943991666E-17,8.38106943991666E-17,
3.));
#3852=CARTESIAN_POINT('',(2.15,5.61206594987984E-16,-4.5));
#3853=CARTESIAN_POINT('',(2.15,5.61206594987984E-16,3.));
#3854=CARTESIAN_POINT('',(-2.97907533171303E-16,2.15,-4.5));
#3855=CARTESIAN_POINT('Origin',(-8.38106943991666E-17,8.38106943991666E-17,
-4.5));
#3856=CARTESIAN_POINT('',(-2.97907533171303E-16,2.15,3.));
#3857=CARTESIAN_POINT('',(-2.15,-3.93585206189651E-16,-4.5));
#3858=CARTESIAN_POINT('Origin',(-8.38106943991666E-17,8.38106943991666E-17,
-4.5));
#3859=CARTESIAN_POINT('',(-2.15,-3.93585206189651E-16,3.));
#3860=CARTESIAN_POINT('Origin',(-8.38106943991666E-17,0.,-1.5));
#3861=CARTESIAN_POINT('',(-1.5,-2.4925621298838E-16,-4.5));
#3862=CARTESIAN_POINT('',(-1.5,-2.4925621298838E-16,-1.5));
#3863=CARTESIAN_POINT('',(-6.00574621658817E-16,1.5,-4.5));
#3864=CARTESIAN_POINT('Origin',(-8.38106943991666E-17,0.,-4.5));
#3865=CARTESIAN_POINT('',(-6.00574621658817E-16,1.5,-1.5));
#3866=CARTESIAN_POINT('',(1.5,4.16877601786714E-16,-4.5));
#3867=CARTESIAN_POINT('Origin',(-8.38106943991666E-17,0.,-4.5));
#3868=CARTESIAN_POINT('',(1.5,4.16877601786714E-16,-1.5));
#3869=CARTESIAN_POINT('Origin',(-8.38106943991666E-17,8.38106943991666E-17,
-4.5));
#3870=CARTESIAN_POINT('',(1.075,3.22508644693575E-16,-4.5));
#3871=CARTESIAN_POINT('',(1.075,3.22508644693575E-16,-4.5));
#3872=CARTESIAN_POINT('Origin',(2.15,5.61206594987984E-16,-1.5));
#3873=CARTESIAN_POINT('Origin',(2.15,5.61206594987984E-16,-1.5));
#3874=UNCERTAINTY_MEASURE_WITH_UNIT(LENGTH_MEASURE(0.01),#3878,
'DISTANCE_ACCURACY_VALUE',
'Maximum model space distance between geometric entities at asserted c
onnectivities');
#3875=UNCERTAINTY_MEASURE_WITH_UNIT(LENGTH_MEASURE(0.01),#3878,
'DISTANCE_ACCURACY_VALUE',
'Maximum model space distance between geometric entities at asserted c
onnectivities');
#3876=(
GEOMETRIC_REPRESENTATION_CONTEXT(3)
GLOBAL_UNCERTAINTY_ASSIGNED_CONTEXT((#3874))
GLOBAL_UNIT_ASSIGNED_CONTEXT((#3878,#3880,#3881))
REPRESENTATION_CONTEXT('','3D')
);
#3877=(
GEOMETRIC_REPRESENTATION_CONTEXT(3)
GLOBAL_UNCERTAINTY_ASSIGNED_CONTEXT((#3875))
GLOBAL_UNIT_ASSIGNED_CONTEXT((#3878,#3880,#3881))
REPRESENTATION_CONTEXT('','3D')
);
#3878=(
LENGTH_UNIT()
NAMED_UNIT(*)
SI_UNIT(.MILLI.,.METRE.)
);
#3879=(
LENGTH_UNIT()
NAMED_UNIT(*)
SI_UNIT($,.METRE.)
);
#3880=(
NAMED_UNIT(*)
PLANE_ANGLE_UNIT()
SI_UNIT($,.RADIAN.)
);
#3881=(
NAMED_UNIT(*)
SI_UNIT($,.STERADIAN.)
SOLID_ANGLE_UNIT()
);
#3882=SHAPE_DEFINITION_REPRESENTATION(#3883,#3884);
#3883=PRODUCT_DEFINITION_SHAPE('',$,#3886);
#3884=SHAPE_REPRESENTATION('',(#2233),#3876);
#3885=PRODUCT_DEFINITION_CONTEXT('part definition',#3890,'design');
#3886=PRODUCT_DEFINITION('XT60 male',
'AMASS_XT60-M_1x02_P7.2mm_Vertical v2',#3887,#3885);
#3887=PRODUCT_DEFINITION_FORMATION('',$,#3892);
#3888=PRODUCT_RELATED_PRODUCT_CATEGORY(
'AMASS_XT60-M_1x02_P7.2mm_Vertical v2',
'AMASS_XT60-M_1x02_P7.2mm_Vertical v2',(#3892));
#3889=APPLICATION_PROTOCOL_DEFINITION('international standard',
'ap242_managed_model_based_3d_engineering',2011,#3890);
#3890=APPLICATION_CONTEXT('Managed model based 3d engineering');
#3891=PRODUCT_CONTEXT('part definition',#3890,'mechanical');
#3892=PRODUCT('XT60 male','AMASS_XT60-M_1x02_P7.2mm_Vertical v2',$,(#3891));
#3893=PRESENTATION_STYLE_ASSIGNMENT((#3896));
#3894=PRESENTATION_STYLE_ASSIGNMENT((#3897));
#3895=PRESENTATION_STYLE_ASSIGNMENT((#3898));
#3896=SURFACE_STYLE_USAGE(.BOTH.,#3899);
#3897=SURFACE_STYLE_USAGE(.BOTH.,#3900);
#3898=SURFACE_STYLE_USAGE(.BOTH.,#3901);
#3899=SURFACE_SIDE_STYLE('',(#3902));
#3900=SURFACE_SIDE_STYLE('',(#3903));
#3901=SURFACE_SIDE_STYLE('',(#3904));
#3902=SURFACE_STYLE_FILL_AREA(#3905);
#3903=SURFACE_STYLE_FILL_AREA(#3906);
#3904=SURFACE_STYLE_FILL_AREA(#3907);
#3905=FILL_AREA_STYLE('Plate',(#3908));
#3906=FILL_AREA_STYLE('Opaque(244,229,167)',(#3909));
#3907=FILL_AREA_STYLE('Opaque(232,173,35)',(#3910));
#3908=FILL_AREA_STYLE_COLOUR('Plate',#3911);
#3909=FILL_AREA_STYLE_COLOUR('Opaque(244,229,167)',#3912);
#3910=FILL_AREA_STYLE_COLOUR('Opaque(232,173,35)',#3913);
#3911=COLOUR_RGB('Plate',0.6,0.6,0.6);
#3912=COLOUR_RGB('Opaque(244,229,167)',0.956862745098039,0.898039215686275,
0.654901960784314);
#3913=COLOUR_RGB('Opaque(232,173,35)',0.909803921568627,0.67843137254902,
0.137254901960784);
ENDSEC;
END-ISO-10303-21;
