ISO-10303-21;
HEADER;
/* Generated by software containing ST-Developer
 * from STEP Tools, Inc. (www.steptools.com) 
 */

FILE_DESCRIPTION(
/* description */ ('',
'CAx-IF Rec.Pracs.---Representation and Presentation of Product Manufa
cturing Information (PMI)---4.0---2014-10-13'),
/* implementation_level */ '2;1');

FILE_NAME(
/* name */ 'AMASS_XT60-F_1x02_P7.2mm_Vertical v2.step',
/* time_stamp */ '2025-01-10T23:26:09+01:00',
/* author */ (''),
/* organization */ (''),
/* preprocessor_version */ 'ST-DEVELOPER v20',
/* originating_system */ 'Autodesk Translation Framework v13.20.0.188',

/* authorisation */ '');

FILE_SCHEMA (('AP242_MANAGED_MODEL_BASED_3D_ENGINEERING_MIM_LF { 1 0 10303 442 1 1 4 }'));
ENDSEC;

DATA;
#10=MECHANICAL_DESIGN_GEOMETRIC_PRESENTATION_REPRESENTATION('',(#17,#18,
#19),#2397);
#11=SHAPE_REPRESENTATION_RELATIONSHIP('SRR','None',#2404,#12);
#12=ADVANCED_BREP_SHAPE_REPRESENTATION('',(#20,#21,#22),#2396);
#13=CONICAL_SURFACE('',#1555,0.875,1.02974425867665);
#14=CONICAL_SURFACE('',#1565,0.75,1.02974425867665);
#15=CONICAL_SURFACE('',#1575,0.875,1.02974425867665);
#16=CONICAL_SURFACE('',#1584,0.75,1.02974425867665);
#17=STYLED_ITEM('',(#2414),#20);
#18=STYLED_ITEM('',(#2415),#21);
#19=STYLED_ITEM('',(#2415),#22);
#20=MANIFOLD_SOLID_BREP('Body1',#1459);
#21=MANIFOLD_SOLID_BREP('Body2',#1460);
#22=MANIFOLD_SOLID_BREP('Body3',#1461);
#23=FACE_BOUND('',#197,.T.);
#24=FACE_BOUND('',#200,.T.);
#25=FACE_BOUND('',#203,.T.);
#26=FACE_BOUND('',#206,.T.);
#27=FACE_BOUND('',#216,.T.);
#28=FACE_BOUND('',#217,.T.);
#29=FACE_BOUND('',#218,.T.);
#30=FACE_BOUND('',#227,.T.);
#31=FACE_BOUND('',#230,.T.);
#32=FACE_BOUND('',#233,.T.);
#33=FACE_BOUND('',#235,.T.);
#34=FACE_BOUND('',#237,.T.);
#35=FACE_BOUND('',#239,.T.);
#36=FACE_BOUND('',#240,.T.);
#37=FACE_BOUND('',#247,.T.);
#38=FACE_BOUND('',#258,.T.);
#39=CIRCLE('',#1504,2.15);
#40=CIRCLE('',#1505,2.15);
#41=CIRCLE('',#1507,2.15);
#42=CIRCLE('',#1508,2.15);
#43=CIRCLE('',#1510,2.25);
#44=CIRCLE('',#1511,2.25);
#45=CIRCLE('',#1514,2.25);
#46=CIRCLE('',#1515,2.25);
#47=CIRCLE('',#1518,3.);
#48=CIRCLE('',#1519,3.);
#49=CIRCLE('',#1522,3.);
#50=CIRCLE('',#1523,3.);
#51=CIRCLE('',#1550,2.15);
#52=CIRCLE('',#1551,1.5);
#53=CIRCLE('',#1552,1.5);
#54=CIRCLE('',#1556,1.75);
#55=CIRCLE('',#1558,1.75);
#56=CIRCLE('',#1560,2.15);
#57=CIRCLE('',#1562,1.5);
#58=CIRCLE('',#1563,2.15);
#59=CIRCLE('',#1564,2.15);
#60=CIRCLE('',#1566,1.5);
#61=CIRCLE('',#1570,1.5);
#62=CIRCLE('',#1571,1.5);
#63=CIRCLE('',#1572,2.15);
#64=CIRCLE('',#1576,1.75);
#65=CIRCLE('',#1578,1.75);
#66=CIRCLE('',#1580,2.15);
#67=CIRCLE('',#1582,1.5);
#68=CIRCLE('',#1583,1.5);
#69=CIRCLE('',#1586,2.15);
#70=CIRCLE('',#1587,2.15);
#71=CYLINDRICAL_SURFACE('',#1503,2.15);
#72=CYLINDRICAL_SURFACE('',#1506,2.15);
#73=CYLINDRICAL_SURFACE('',#1509,2.25);
#74=CYLINDRICAL_SURFACE('',#1513,2.25);
#75=CYLINDRICAL_SURFACE('',#1517,3.);
#76=CYLINDRICAL_SURFACE('',#1521,3.);
#77=CYLINDRICAL_SURFACE('',#1557,1.75);
#78=CYLINDRICAL_SURFACE('',#1567,1.5);
#79=CYLINDRICAL_SURFACE('',#1568,2.15);
#80=CYLINDRICAL_SURFACE('',#1577,1.75);
#81=CYLINDRICAL_SURFACE('',#1581,1.5);
#82=CYLINDRICAL_SURFACE('',#1585,2.15);
#83=FACE_OUTER_BOUND('',#165,.T.);
#84=FACE_OUTER_BOUND('',#166,.T.);
#85=FACE_OUTER_BOUND('',#167,.T.);
#86=FACE_OUTER_BOUND('',#168,.T.);
#87=FACE_OUTER_BOUND('',#169,.T.);
#88=FACE_OUTER_BOUND('',#170,.T.);
#89=FACE_OUTER_BOUND('',#171,.T.);
#90=FACE_OUTER_BOUND('',#172,.T.);
#91=FACE_OUTER_BOUND('',#173,.T.);
#92=FACE_OUTER_BOUND('',#174,.T.);
#93=FACE_OUTER_BOUND('',#175,.T.);
#94=FACE_OUTER_BOUND('',#176,.T.);
#95=FACE_OUTER_BOUND('',#177,.T.);
#96=FACE_OUTER_BOUND('',#178,.T.);
#97=FACE_OUTER_BOUND('',#179,.T.);
#98=FACE_OUTER_BOUND('',#180,.T.);
#99=FACE_OUTER_BOUND('',#181,.T.);
#100=FACE_OUTER_BOUND('',#182,.T.);
#101=FACE_OUTER_BOUND('',#183,.T.);
#102=FACE_OUTER_BOUND('',#184,.T.);
#103=FACE_OUTER_BOUND('',#185,.T.);
#104=FACE_OUTER_BOUND('',#186,.T.);
#105=FACE_OUTER_BOUND('',#187,.T.);
#106=FACE_OUTER_BOUND('',#188,.T.);
#107=FACE_OUTER_BOUND('',#189,.T.);
#108=FACE_OUTER_BOUND('',#190,.T.);
#109=FACE_OUTER_BOUND('',#191,.T.);
#110=FACE_OUTER_BOUND('',#192,.T.);
#111=FACE_OUTER_BOUND('',#193,.T.);
#112=FACE_OUTER_BOUND('',#194,.T.);
#113=FACE_OUTER_BOUND('',#195,.T.);
#114=FACE_OUTER_BOUND('',#196,.T.);
#115=FACE_OUTER_BOUND('',#198,.T.);
#116=FACE_OUTER_BOUND('',#199,.T.);
#117=FACE_OUTER_BOUND('',#201,.T.);
#118=FACE_OUTER_BOUND('',#202,.T.);
#119=FACE_OUTER_BOUND('',#204,.T.);
#120=FACE_OUTER_BOUND('',#205,.T.);
#121=FACE_OUTER_BOUND('',#207,.T.);
#122=FACE_OUTER_BOUND('',#208,.T.);
#123=FACE_OUTER_BOUND('',#209,.T.);
#124=FACE_OUTER_BOUND('',#210,.T.);
#125=FACE_OUTER_BOUND('',#211,.T.);
#126=FACE_OUTER_BOUND('',#212,.T.);
#127=FACE_OUTER_BOUND('',#213,.T.);
#128=FACE_OUTER_BOUND('',#214,.T.);
#129=FACE_OUTER_BOUND('',#215,.T.);
#130=FACE_OUTER_BOUND('',#219,.T.);
#131=FACE_OUTER_BOUND('',#220,.T.);
#132=FACE_OUTER_BOUND('',#221,.T.);
#133=FACE_OUTER_BOUND('',#222,.T.);
#134=FACE_OUTER_BOUND('',#223,.T.);
#135=FACE_OUTER_BOUND('',#224,.T.);
#136=FACE_OUTER_BOUND('',#225,.T.);
#137=FACE_OUTER_BOUND('',#226,.T.);
#138=FACE_OUTER_BOUND('',#228,.T.);
#139=FACE_OUTER_BOUND('',#229,.T.);
#140=FACE_OUTER_BOUND('',#231,.T.);
#141=FACE_OUTER_BOUND('',#232,.T.);
#142=FACE_OUTER_BOUND('',#234,.T.);
#143=FACE_OUTER_BOUND('',#236,.T.);
#144=FACE_OUTER_BOUND('',#238,.T.);
#145=FACE_OUTER_BOUND('',#241,.T.);
#146=FACE_OUTER_BOUND('',#242,.T.);
#147=FACE_OUTER_BOUND('',#243,.T.);
#148=FACE_OUTER_BOUND('',#244,.T.);
#149=FACE_OUTER_BOUND('',#245,.T.);
#150=FACE_OUTER_BOUND('',#246,.T.);
#151=FACE_OUTER_BOUND('',#248,.T.);
#152=FACE_OUTER_BOUND('',#249,.T.);
#153=FACE_OUTER_BOUND('',#250,.T.);
#154=FACE_OUTER_BOUND('',#251,.T.);
#155=FACE_OUTER_BOUND('',#252,.T.);
#156=FACE_OUTER_BOUND('',#253,.T.);
#157=FACE_OUTER_BOUND('',#254,.T.);
#158=FACE_OUTER_BOUND('',#255,.T.);
#159=FACE_OUTER_BOUND('',#256,.T.);
#160=FACE_OUTER_BOUND('',#257,.T.);
#161=FACE_OUTER_BOUND('',#259,.T.);
#162=FACE_OUTER_BOUND('',#260,.T.);
#163=FACE_OUTER_BOUND('',#261,.T.);
#164=FACE_OUTER_BOUND('',#262,.T.);
#165=EDGE_LOOP('',(#919,#920,#921,#922));
#166=EDGE_LOOP('',(#923,#924,#925,#926));
#167=EDGE_LOOP('',(#927,#928,#929,#930));
#168=EDGE_LOOP('',(#931,#932,#933,#934));
#169=EDGE_LOOP('',(#935,#936,#937,#938));
#170=EDGE_LOOP('',(#939,#940,#941,#942));
#171=EDGE_LOOP('',(#943,#944,#945,#946));
#172=EDGE_LOOP('',(#947,#948,#949,#950));
#173=EDGE_LOOP('',(#951,#952,#953,#954));
#174=EDGE_LOOP('',(#955,#956,#957,#958));
#175=EDGE_LOOP('',(#959,#960,#961,#962));
#176=EDGE_LOOP('',(#963,#964,#965,#966));
#177=EDGE_LOOP('',(#967,#968,#969,#970));
#178=EDGE_LOOP('',(#971,#972,#973,#974));
#179=EDGE_LOOP('',(#975,#976,#977,#978));
#180=EDGE_LOOP('',(#979,#980,#981,#982));
#181=EDGE_LOOP('',(#983,#984,#985,#986));
#182=EDGE_LOOP('',(#987,#988,#989,#990));
#183=EDGE_LOOP('',(#991,#992,#993,#994));
#184=EDGE_LOOP('',(#995,#996,#997,#998));
#185=EDGE_LOOP('',(#999,#1000,#1001,#1002));
#186=EDGE_LOOP('',(#1003,#1004,#1005,#1006));
#187=EDGE_LOOP('',(#1007,#1008,#1009,#1010,#1011,#1012,#1013,#1014,#1015,
#1016,#1017,#1018));
#188=EDGE_LOOP('',(#1019,#1020,#1021,#1022));
#189=EDGE_LOOP('',(#1023,#1024,#1025,#1026));
#190=EDGE_LOOP('',(#1027,#1028,#1029,#1030));
#191=EDGE_LOOP('',(#1031,#1032,#1033,#1034));
#192=EDGE_LOOP('',(#1035,#1036,#1037,#1038));
#193=EDGE_LOOP('',(#1039,#1040,#1041,#1042));
#194=EDGE_LOOP('',(#1043,#1044,#1045,#1046));
#195=EDGE_LOOP('',(#1047,#1048,#1049,#1050));
#196=EDGE_LOOP('',(#1051));
#197=EDGE_LOOP('',(#1052));
#198=EDGE_LOOP('',(#1053,#1054,#1055,#1056));
#199=EDGE_LOOP('',(#1057));
#200=EDGE_LOOP('',(#1058));
#201=EDGE_LOOP('',(#1059,#1060,#1061,#1062));
#202=EDGE_LOOP('',(#1063));
#203=EDGE_LOOP('',(#1064));
#204=EDGE_LOOP('',(#1065,#1066,#1067,#1068));
#205=EDGE_LOOP('',(#1069));
#206=EDGE_LOOP('',(#1070));
#207=EDGE_LOOP('',(#1071,#1072,#1073,#1074));
#208=EDGE_LOOP('',(#1075,#1076,#1077,#1078));
#209=EDGE_LOOP('',(#1079,#1080,#1081,#1082));
#210=EDGE_LOOP('',(#1083,#1084,#1085,#1086));
#211=EDGE_LOOP('',(#1087,#1088,#1089,#1090));
#212=EDGE_LOOP('',(#1091,#1092,#1093,#1094));
#213=EDGE_LOOP('',(#1095,#1096,#1097,#1098));
#214=EDGE_LOOP('',(#1099,#1100,#1101,#1102));
#215=EDGE_LOOP('',(#1103,#1104,#1105,#1106,#1107,#1108,#1109,#1110,#1111,
#1112));
#216=EDGE_LOOP('',(#1113));
#217=EDGE_LOOP('',(#1114));
#218=EDGE_LOOP('',(#1115,#1116,#1117,#1118));
#219=EDGE_LOOP('',(#1119,#1120,#1121,#1122));
#220=EDGE_LOOP('',(#1123,#1124,#1125,#1126));
#221=EDGE_LOOP('',(#1127,#1128,#1129,#1130));
#222=EDGE_LOOP('',(#1131,#1132,#1133,#1134));
#223=EDGE_LOOP('',(#1135,#1136,#1137,#1138));
#224=EDGE_LOOP('',(#1139,#1140,#1141,#1142));
#225=EDGE_LOOP('',(#1143,#1144,#1145,#1146));
#226=EDGE_LOOP('',(#1147,#1148,#1149,#1150));
#227=EDGE_LOOP('',(#1151,#1152,#1153,#1154));
#228=EDGE_LOOP('',(#1155,#1156,#1157,#1158));
#229=EDGE_LOOP('',(#1159,#1160,#1161,#1162));
#230=EDGE_LOOP('',(#1163,#1164,#1165,#1166));
#231=EDGE_LOOP('',(#1167,#1168,#1169,#1170));
#232=EDGE_LOOP('',(#1171,#1172,#1173,#1174));
#233=EDGE_LOOP('',(#1175,#1176,#1177,#1178));
#234=EDGE_LOOP('',(#1179,#1180,#1181,#1182));
#235=EDGE_LOOP('',(#1183,#1184,#1185,#1186,#1187,#1188,#1189,#1190,#1191,
#1192,#1193,#1194));
#236=EDGE_LOOP('',(#1195,#1196,#1197,#1198,#1199,#1200));
#237=EDGE_LOOP('',(#1201,#1202,#1203,#1204,#1205,#1206,#1207,#1208,#1209,
#1210));
#238=EDGE_LOOP('',(#1211,#1212,#1213,#1214,#1215,#1216));
#239=EDGE_LOOP('',(#1217));
#240=EDGE_LOOP('',(#1218));
#241=EDGE_LOOP('',(#1219,#1220,#1221,#1222,#1223));
#242=EDGE_LOOP('',(#1224,#1225,#1226,#1227));
#243=EDGE_LOOP('',(#1228,#1229,#1230,#1231));
#244=EDGE_LOOP('',(#1232,#1233,#1234));
#245=EDGE_LOOP('',(#1235,#1236,#1237,#1238));
#246=EDGE_LOOP('',(#1239));
#247=EDGE_LOOP('',(#1240));
#248=EDGE_LOOP('',(#1241,#1242,#1243,#1244,#1245));
#249=EDGE_LOOP('',(#1246,#1247,#1248));
#250=EDGE_LOOP('',(#1249,#1250,#1251,#1252,#1253,#1254,#1255,#1256));
#251=EDGE_LOOP('',(#1257,#1258,#1259,#1260,#1261,#1262,#1263,#1264));
#252=EDGE_LOOP('',(#1265,#1266,#1267,#1268,#1269));
#253=EDGE_LOOP('',(#1270,#1271,#1272,#1273));
#254=EDGE_LOOP('',(#1274,#1275,#1276,#1277));
#255=EDGE_LOOP('',(#1278,#1279,#1280));
#256=EDGE_LOOP('',(#1281,#1282,#1283,#1284));
#257=EDGE_LOOP('',(#1285));
#258=EDGE_LOOP('',(#1286));
#259=EDGE_LOOP('',(#1287,#1288,#1289,#1290,#1291,#1292,#1293,#1294));
#260=EDGE_LOOP('',(#1295,#1296,#1297));
#261=EDGE_LOOP('',(#1298,#1299,#1300,#1301,#1302,#1303,#1304,#1305));
#262=EDGE_LOOP('',(#1306,#1307,#1308,#1309,#1310));
#263=LINE('',#1987,#427);
#264=LINE('',#1989,#428);
#265=LINE('',#1991,#429);
#266=LINE('',#1992,#430);
#267=LINE('',#1995,#431);
#268=LINE('',#1997,#432);
#269=LINE('',#1998,#433);
#270=LINE('',#2001,#434);
#271=LINE('',#2003,#435);
#272=LINE('',#2004,#436);
#273=LINE('',#2006,#437);
#274=LINE('',#2007,#438);
#275=LINE('',#2012,#439);
#276=LINE('',#2014,#440);
#277=LINE('',#2016,#441);
#278=LINE('',#2017,#442);
#279=LINE('',#2020,#443);
#280=LINE('',#2022,#444);
#281=LINE('',#2023,#445);
#282=LINE('',#2026,#446);
#283=LINE('',#2028,#447);
#284=LINE('',#2029,#448);
#285=LINE('',#2031,#449);
#286=LINE('',#2032,#450);
#287=LINE('',#2037,#451);
#288=LINE('',#2039,#452);
#289=LINE('',#2041,#453);
#290=LINE('',#2042,#454);
#291=LINE('',#2045,#455);
#292=LINE('',#2047,#456);
#293=LINE('',#2048,#457);
#294=LINE('',#2051,#458);
#295=LINE('',#2053,#459);
#296=LINE('',#2054,#460);
#297=LINE('',#2057,#461);
#298=LINE('',#2059,#462);
#299=LINE('',#2060,#463);
#300=LINE('',#2063,#464);
#301=LINE('',#2065,#465);
#302=LINE('',#2066,#466);
#303=LINE('',#2069,#467);
#304=LINE('',#2071,#468);
#305=LINE('',#2072,#469);
#306=LINE('',#2075,#470);
#307=LINE('',#2077,#471);
#308=LINE('',#2078,#472);
#309=LINE('',#2081,#473);
#310=LINE('',#2083,#474);
#311=LINE('',#2084,#475);
#312=LINE('',#2087,#476);
#313=LINE('',#2089,#477);
#314=LINE('',#2090,#478);
#315=LINE('',#2093,#479);
#316=LINE('',#2095,#480);
#317=LINE('',#2096,#481);
#318=LINE('',#2099,#482);
#319=LINE('',#2101,#483);
#320=LINE('',#2102,#484);
#321=LINE('',#2104,#485);
#322=LINE('',#2105,#486);
#323=LINE('',#2110,#487);
#324=LINE('',#2112,#488);
#325=LINE('',#2114,#489);
#326=LINE('',#2115,#490);
#327=LINE('',#2118,#491);
#328=LINE('',#2120,#492);
#329=LINE('',#2121,#493);
#330=LINE('',#2124,#494);
#331=LINE('',#2126,#495);
#332=LINE('',#2127,#496);
#333=LINE('',#2129,#497);
#334=LINE('',#2130,#498);
#335=LINE('',#2136,#499);
#336=LINE('',#2142,#500);
#337=LINE('',#2148,#501);
#338=LINE('',#2155,#502);
#339=LINE('',#2162,#503);
#340=LINE('',#2169,#504);
#341=LINE('',#2175,#505);
#342=LINE('',#2177,#506);
#343=LINE('',#2179,#507);
#344=LINE('',#2180,#508);
#345=LINE('',#2183,#509);
#346=LINE('',#2185,#510);
#347=LINE('',#2186,#511);
#348=LINE('',#2189,#512);
#349=LINE('',#2191,#513);
#350=LINE('',#2192,#514);
#351=LINE('',#2194,#515);
#352=LINE('',#2195,#516);
#353=LINE('',#2200,#517);
#354=LINE('',#2202,#518);
#355=LINE('',#2204,#519);
#356=LINE('',#2205,#520);
#357=LINE('',#2209,#521);
#358=LINE('',#2211,#522);
#359=LINE('',#2213,#523);
#360=LINE('',#2214,#524);
#361=LINE('',#2216,#525);
#362=LINE('',#2217,#526);
#363=LINE('',#2220,#527);
#364=LINE('',#2222,#528);
#365=LINE('',#2224,#529);
#366=LINE('',#2226,#530);
#367=LINE('',#2228,#531);
#368=LINE('',#2230,#532);
#369=LINE('',#2231,#533);
#370=LINE('',#2234,#534);
#371=LINE('',#2235,#535);
#372=LINE('',#2239,#536);
#373=LINE('',#2240,#537);
#374=LINE('',#2241,#538);
#375=LINE('',#2244,#539);
#376=LINE('',#2245,#540);
#377=LINE('',#2248,#541);
#378=LINE('',#2249,#542);
#379=LINE('',#2252,#543);
#380=LINE('',#2253,#544);
#381=LINE('',#2255,#545);
#382=LINE('',#2257,#546);
#383=LINE('',#2261,#547);
#384=LINE('',#2263,#548);
#385=LINE('',#2265,#549);
#386=LINE('',#2266,#550);
#387=LINE('',#2269,#551);
#388=LINE('',#2271,#552);
#389=LINE('',#2272,#553);
#390=LINE('',#2275,#554);
#391=LINE('',#2277,#555);
#392=LINE('',#2278,#556);
#393=LINE('',#2281,#557);
#394=LINE('',#2283,#558);
#395=LINE('',#2284,#559);
#396=LINE('',#2287,#560);
#397=LINE('',#2289,#561);
#398=LINE('',#2290,#562);
#399=LINE('',#2292,#563);
#400=LINE('',#2293,#564);
#401=LINE('',#2299,#565);
#402=LINE('',#2303,#566);
#403=LINE('',#2309,#567);
#404=LINE('',#2311,#568);
#405=LINE('',#2312,#569);
#406=LINE('',#2315,#570);
#407=LINE('',#2317,#571);
#408=LINE('',#2318,#572);
#409=LINE('',#2322,#573);
#410=LINE('',#2327,#574);
#411=LINE('',#2339,#575);
#412=LINE('',#2342,#576);
#413=LINE('',#2344,#577);
#414=LINE('',#2348,#578);
#415=LINE('',#2354,#579);
#416=LINE('',#2358,#580);
#417=LINE('',#2360,#581);
#418=LINE('',#2361,#582);
#419=LINE('',#2364,#583);
#420=LINE('',#2366,#584);
#421=LINE('',#2367,#585);
#422=LINE('',#2371,#586);
#423=LINE('',#2376,#587);
#424=LINE('',#2382,#588);
#425=LINE('',#2387,#589);
#426=LINE('',#2390,#590);
#427=VECTOR('',#1593,10.);
#428=VECTOR('',#1594,10.);
#429=VECTOR('',#1595,10.);
#430=VECTOR('',#1596,10.);
#431=VECTOR('',#1599,10.);
#432=VECTOR('',#1600,10.);
#433=VECTOR('',#1601,10.);
#434=VECTOR('',#1604,10.);
#435=VECTOR('',#1605,10.);
#436=VECTOR('',#1606,10.);
#437=VECTOR('',#1609,10.);
#438=VECTOR('',#1610,10.);
#439=VECTOR('',#1615,10.);
#440=VECTOR('',#1616,10.);
#441=VECTOR('',#1617,10.);
#442=VECTOR('',#1618,10.);
#443=VECTOR('',#1621,10.);
#444=VECTOR('',#1622,10.);
#445=VECTOR('',#1623,10.);
#446=VECTOR('',#1626,10.);
#447=VECTOR('',#1627,10.);
#448=VECTOR('',#1628,10.);
#449=VECTOR('',#1631,10.);
#450=VECTOR('',#1632,10.);
#451=VECTOR('',#1637,10.);
#452=VECTOR('',#1638,10.);
#453=VECTOR('',#1639,10.);
#454=VECTOR('',#1640,10.);
#455=VECTOR('',#1643,10.);
#456=VECTOR('',#1644,10.);
#457=VECTOR('',#1645,10.);
#458=VECTOR('',#1648,10.);
#459=VECTOR('',#1649,10.);
#460=VECTOR('',#1650,10.);
#461=VECTOR('',#1653,10.);
#462=VECTOR('',#1654,10.);
#463=VECTOR('',#1655,10.);
#464=VECTOR('',#1658,10.);
#465=VECTOR('',#1659,10.);
#466=VECTOR('',#1660,10.);
#467=VECTOR('',#1663,10.);
#468=VECTOR('',#1664,10.);
#469=VECTOR('',#1665,10.);
#470=VECTOR('',#1668,10.);
#471=VECTOR('',#1669,10.);
#472=VECTOR('',#1670,10.);
#473=VECTOR('',#1673,10.);
#474=VECTOR('',#1674,10.);
#475=VECTOR('',#1675,10.);
#476=VECTOR('',#1678,10.);
#477=VECTOR('',#1679,10.);
#478=VECTOR('',#1680,10.);
#479=VECTOR('',#1683,10.);
#480=VECTOR('',#1684,10.);
#481=VECTOR('',#1685,10.);
#482=VECTOR('',#1688,10.);
#483=VECTOR('',#1689,10.);
#484=VECTOR('',#1690,10.);
#485=VECTOR('',#1693,10.);
#486=VECTOR('',#1694,10.);
#487=VECTOR('',#1699,10.);
#488=VECTOR('',#1700,10.);
#489=VECTOR('',#1701,10.);
#490=VECTOR('',#1702,10.);
#491=VECTOR('',#1705,10.);
#492=VECTOR('',#1706,10.);
#493=VECTOR('',#1707,10.);
#494=VECTOR('',#1710,10.);
#495=VECTOR('',#1711,10.);
#496=VECTOR('',#1712,10.);
#497=VECTOR('',#1715,10.);
#498=VECTOR('',#1716,10.);
#499=VECTOR('',#1723,2.15);
#500=VECTOR('',#1730,2.15);
#501=VECTOR('',#1737,2.25);
#502=VECTOR('',#1746,2.25);
#503=VECTOR('',#1755,3.);
#504=VECTOR('',#1764,3.);
#505=VECTOR('',#1771,10.);
#506=VECTOR('',#1772,10.);
#507=VECTOR('',#1773,10.);
#508=VECTOR('',#1774,10.);
#509=VECTOR('',#1777,10.);
#510=VECTOR('',#1778,10.);
#511=VECTOR('',#1779,10.);
#512=VECTOR('',#1782,10.);
#513=VECTOR('',#1783,10.);
#514=VECTOR('',#1784,10.);
#515=VECTOR('',#1787,10.);
#516=VECTOR('',#1788,10.);
#517=VECTOR('',#1793,10.);
#518=VECTOR('',#1794,10.);
#519=VECTOR('',#1795,10.);
#520=VECTOR('',#1796,10.);
#521=VECTOR('',#1799,10.);
#522=VECTOR('',#1800,10.);
#523=VECTOR('',#1801,10.);
#524=VECTOR('',#1802,10.);
#525=VECTOR('',#1805,10.);
#526=VECTOR('',#1806,10.);
#527=VECTOR('',#1809,10.);
#528=VECTOR('',#1810,10.);
#529=VECTOR('',#1811,10.);
#530=VECTOR('',#1812,10.);
#531=VECTOR('',#1813,10.);
#532=VECTOR('',#1814,9.99999999999999);
#533=VECTOR('',#1815,10.);
#534=VECTOR('',#1818,10.);
#535=VECTOR('',#1819,10.);
#536=VECTOR('',#1822,10.);
#537=VECTOR('',#1823,10.);
#538=VECTOR('',#1824,10.);
#539=VECTOR('',#1827,10.);
#540=VECTOR('',#1828,10.);
#541=VECTOR('',#1831,10.);
#542=VECTOR('',#1832,10.);
#543=VECTOR('',#1835,10.);
#544=VECTOR('',#1836,10.);
#545=VECTOR('',#1839,10.);
#546=VECTOR('',#1842,10.);
#547=VECTOR('',#1845,10.);
#548=VECTOR('',#1846,10.);
#549=VECTOR('',#1847,10.);
#550=VECTOR('',#1848,10.);
#551=VECTOR('',#1851,9.99999999999999);
#552=VECTOR('',#1852,9.99999999999999);
#553=VECTOR('',#1853,10.);
#554=VECTOR('',#1856,10.);
#555=VECTOR('',#1857,10.);
#556=VECTOR('',#1858,10.);
#557=VECTOR('',#1861,10.);
#558=VECTOR('',#1862,10.);
#559=VECTOR('',#1863,10.);
#560=VECTOR('',#1866,10.);
#561=VECTOR('',#1867,10.);
#562=VECTOR('',#1868,10.);
#563=VECTOR('',#1871,10.);
#564=VECTOR('',#1872,10.);
#565=VECTOR('',#1879,10.);
#566=VECTOR('',#1882,10.);
#567=VECTOR('',#1889,10.);
#568=VECTOR('',#1890,10.);
#569=VECTOR('',#1891,10.);
#570=VECTOR('',#1894,10.);
#571=VECTOR('',#1895,10.);
#572=VECTOR('',#1896,10.);
#573=VECTOR('',#1899,0.875);
#574=VECTOR('',#1906,1.75);
#575=VECTOR('',#1921,0.75);
#576=VECTOR('',#1926,1.5);
#577=VECTOR('',#1929,2.15);
#578=VECTOR('',#1932,10.);
#579=VECTOR('',#1937,10.);
#580=VECTOR('',#1942,10.);
#581=VECTOR('',#1943,10.);
#582=VECTOR('',#1944,10.);
#583=VECTOR('',#1947,10.);
#584=VECTOR('',#1948,10.);
#585=VECTOR('',#1949,10.);
#586=VECTOR('',#1952,0.875);
#587=VECTOR('',#1959,1.75);
#588=VECTOR('',#1966,1.5);
#589=VECTOR('',#1973,0.75);
#590=VECTOR('',#1976,2.15);
#591=VERTEX_POINT('',#1985);
#592=VERTEX_POINT('',#1986);
#593=VERTEX_POINT('',#1988);
#594=VERTEX_POINT('',#1990);
#595=VERTEX_POINT('',#1994);
#596=VERTEX_POINT('',#1996);
#597=VERTEX_POINT('',#2000);
#598=VERTEX_POINT('',#2002);
#599=VERTEX_POINT('',#2010);
#600=VERTEX_POINT('',#2011);
#601=VERTEX_POINT('',#2013);
#602=VERTEX_POINT('',#2015);
#603=VERTEX_POINT('',#2019);
#604=VERTEX_POINT('',#2021);
#605=VERTEX_POINT('',#2025);
#606=VERTEX_POINT('',#2027);
#607=VERTEX_POINT('',#2035);
#608=VERTEX_POINT('',#2036);
#609=VERTEX_POINT('',#2038);
#610=VERTEX_POINT('',#2040);
#611=VERTEX_POINT('',#2044);
#612=VERTEX_POINT('',#2046);
#613=VERTEX_POINT('',#2050);
#614=VERTEX_POINT('',#2052);
#615=VERTEX_POINT('',#2056);
#616=VERTEX_POINT('',#2058);
#617=VERTEX_POINT('',#2062);
#618=VERTEX_POINT('',#2064);
#619=VERTEX_POINT('',#2068);
#620=VERTEX_POINT('',#2070);
#621=VERTEX_POINT('',#2074);
#622=VERTEX_POINT('',#2076);
#623=VERTEX_POINT('',#2080);
#624=VERTEX_POINT('',#2082);
#625=VERTEX_POINT('',#2086);
#626=VERTEX_POINT('',#2088);
#627=VERTEX_POINT('',#2092);
#628=VERTEX_POINT('',#2094);
#629=VERTEX_POINT('',#2098);
#630=VERTEX_POINT('',#2100);
#631=VERTEX_POINT('',#2108);
#632=VERTEX_POINT('',#2109);
#633=VERTEX_POINT('',#2111);
#634=VERTEX_POINT('',#2113);
#635=VERTEX_POINT('',#2117);
#636=VERTEX_POINT('',#2119);
#637=VERTEX_POINT('',#2123);
#638=VERTEX_POINT('',#2125);
#639=VERTEX_POINT('',#2133);
#640=VERTEX_POINT('',#2135);
#641=VERTEX_POINT('',#2139);
#642=VERTEX_POINT('',#2141);
#643=VERTEX_POINT('',#2145);
#644=VERTEX_POINT('',#2147);
#645=VERTEX_POINT('',#2152);
#646=VERTEX_POINT('',#2154);
#647=VERTEX_POINT('',#2159);
#648=VERTEX_POINT('',#2161);
#649=VERTEX_POINT('',#2166);
#650=VERTEX_POINT('',#2168);
#651=VERTEX_POINT('',#2173);
#652=VERTEX_POINT('',#2174);
#653=VERTEX_POINT('',#2176);
#654=VERTEX_POINT('',#2178);
#655=VERTEX_POINT('',#2182);
#656=VERTEX_POINT('',#2184);
#657=VERTEX_POINT('',#2188);
#658=VERTEX_POINT('',#2190);
#659=VERTEX_POINT('',#2198);
#660=VERTEX_POINT('',#2199);
#661=VERTEX_POINT('',#2201);
#662=VERTEX_POINT('',#2203);
#663=VERTEX_POINT('',#2207);
#664=VERTEX_POINT('',#2208);
#665=VERTEX_POINT('',#2210);
#666=VERTEX_POINT('',#2212);
#667=VERTEX_POINT('',#2219);
#668=VERTEX_POINT('',#2221);
#669=VERTEX_POINT('',#2223);
#670=VERTEX_POINT('',#2225);
#671=VERTEX_POINT('',#2227);
#672=VERTEX_POINT('',#2229);
#673=VERTEX_POINT('',#2233);
#674=VERTEX_POINT('',#2237);
#675=VERTEX_POINT('',#2238);
#676=VERTEX_POINT('',#2243);
#677=VERTEX_POINT('',#2247);
#678=VERTEX_POINT('',#2251);
#679=VERTEX_POINT('',#2259);
#680=VERTEX_POINT('',#2260);
#681=VERTEX_POINT('',#2262);
#682=VERTEX_POINT('',#2264);
#683=VERTEX_POINT('',#2268);
#684=VERTEX_POINT('',#2270);
#685=VERTEX_POINT('',#2274);
#686=VERTEX_POINT('',#2276);
#687=VERTEX_POINT('',#2280);
#688=VERTEX_POINT('',#2282);
#689=VERTEX_POINT('',#2286);
#690=VERTEX_POINT('',#2288);
#691=VERTEX_POINT('',#2297);
#692=VERTEX_POINT('',#2298);
#693=VERTEX_POINT('',#2300);
#694=VERTEX_POINT('',#2302);
#695=VERTEX_POINT('',#2304);
#696=VERTEX_POINT('',#2308);
#697=VERTEX_POINT('',#2310);
#698=VERTEX_POINT('',#2314);
#699=VERTEX_POINT('',#2316);
#700=VERTEX_POINT('',#2320);
#701=VERTEX_POINT('',#2321);
#702=VERTEX_POINT('',#2325);
#703=VERTEX_POINT('',#2329);
#704=VERTEX_POINT('',#2333);
#705=VERTEX_POINT('',#2337);
#706=VERTEX_POINT('',#2338);
#707=VERTEX_POINT('',#2346);
#708=VERTEX_POINT('',#2347);
#709=VERTEX_POINT('',#2349);
#710=VERTEX_POINT('',#2351);
#711=VERTEX_POINT('',#2353);
#712=VERTEX_POINT('',#2357);
#713=VERTEX_POINT('',#2359);
#714=VERTEX_POINT('',#2363);
#715=VERTEX_POINT('',#2365);
#716=VERTEX_POINT('',#2369);
#717=VERTEX_POINT('',#2370);
#718=VERTEX_POINT('',#2374);
#719=VERTEX_POINT('',#2378);
#720=VERTEX_POINT('',#2381);
#721=VERTEX_POINT('',#2386);
#722=VERTEX_POINT('',#2389);
#723=EDGE_CURVE('',#591,#592,#263,.T.);
#724=EDGE_CURVE('',#591,#593,#264,.T.);
#725=EDGE_CURVE('',#593,#594,#265,.T.);
#726=EDGE_CURVE('',#592,#594,#266,.T.);
#727=EDGE_CURVE('',#595,#591,#267,.T.);
#728=EDGE_CURVE('',#595,#596,#268,.T.);
#729=EDGE_CURVE('',#596,#593,#269,.T.);
#730=EDGE_CURVE('',#597,#595,#270,.T.);
#731=EDGE_CURVE('',#597,#598,#271,.T.);
#732=EDGE_CURVE('',#598,#596,#272,.T.);
#733=EDGE_CURVE('',#592,#597,#273,.T.);
#734=EDGE_CURVE('',#594,#598,#274,.T.);
#735=EDGE_CURVE('',#599,#600,#275,.T.);
#736=EDGE_CURVE('',#599,#601,#276,.T.);
#737=EDGE_CURVE('',#601,#602,#277,.T.);
#738=EDGE_CURVE('',#600,#602,#278,.T.);
#739=EDGE_CURVE('',#603,#599,#279,.T.);
#740=EDGE_CURVE('',#603,#604,#280,.T.);
#741=EDGE_CURVE('',#604,#601,#281,.T.);
#742=EDGE_CURVE('',#605,#603,#282,.T.);
#743=EDGE_CURVE('',#605,#606,#283,.T.);
#744=EDGE_CURVE('',#606,#604,#284,.T.);
#745=EDGE_CURVE('',#600,#605,#285,.T.);
#746=EDGE_CURVE('',#602,#606,#286,.T.);
#747=EDGE_CURVE('',#607,#608,#287,.T.);
#748=EDGE_CURVE('',#607,#609,#288,.T.);
#749=EDGE_CURVE('',#610,#609,#289,.T.);
#750=EDGE_CURVE('',#608,#610,#290,.T.);
#751=EDGE_CURVE('',#608,#611,#291,.T.);
#752=EDGE_CURVE('',#612,#610,#292,.T.);
#753=EDGE_CURVE('',#611,#612,#293,.T.);
#754=EDGE_CURVE('',#611,#613,#294,.T.);
#755=EDGE_CURVE('',#614,#612,#295,.T.);
#756=EDGE_CURVE('',#613,#614,#296,.T.);
#757=EDGE_CURVE('',#613,#615,#297,.T.);
#758=EDGE_CURVE('',#616,#614,#298,.T.);
#759=EDGE_CURVE('',#615,#616,#299,.T.);
#760=EDGE_CURVE('',#615,#617,#300,.T.);
#761=EDGE_CURVE('',#618,#616,#301,.T.);
#762=EDGE_CURVE('',#617,#618,#302,.T.);
#763=EDGE_CURVE('',#617,#619,#303,.T.);
#764=EDGE_CURVE('',#620,#618,#304,.T.);
#765=EDGE_CURVE('',#619,#620,#305,.T.);
#766=EDGE_CURVE('',#619,#621,#306,.T.);
#767=EDGE_CURVE('',#622,#620,#307,.T.);
#768=EDGE_CURVE('',#621,#622,#308,.T.);
#769=EDGE_CURVE('',#621,#623,#309,.T.);
#770=EDGE_CURVE('',#624,#622,#310,.T.);
#771=EDGE_CURVE('',#623,#624,#311,.T.);
#772=EDGE_CURVE('',#623,#625,#312,.T.);
#773=EDGE_CURVE('',#626,#624,#313,.T.);
#774=EDGE_CURVE('',#625,#626,#314,.T.);
#775=EDGE_CURVE('',#625,#627,#315,.T.);
#776=EDGE_CURVE('',#628,#626,#316,.T.);
#777=EDGE_CURVE('',#627,#628,#317,.T.);
#778=EDGE_CURVE('',#627,#629,#318,.T.);
#779=EDGE_CURVE('',#630,#628,#319,.T.);
#780=EDGE_CURVE('',#629,#630,#320,.T.);
#781=EDGE_CURVE('',#629,#607,#321,.T.);
#782=EDGE_CURVE('',#609,#630,#322,.T.);
#783=EDGE_CURVE('',#631,#632,#323,.T.);
#784=EDGE_CURVE('',#631,#633,#324,.T.);
#785=EDGE_CURVE('',#634,#633,#325,.T.);
#786=EDGE_CURVE('',#632,#634,#326,.T.);
#787=EDGE_CURVE('',#632,#635,#327,.T.);
#788=EDGE_CURVE('',#636,#634,#328,.T.);
#789=EDGE_CURVE('',#635,#636,#329,.T.);
#790=EDGE_CURVE('',#635,#637,#330,.T.);
#791=EDGE_CURVE('',#638,#636,#331,.T.);
#792=EDGE_CURVE('',#637,#638,#332,.T.);
#793=EDGE_CURVE('',#637,#631,#333,.T.);
#794=EDGE_CURVE('',#633,#638,#334,.T.);
#795=EDGE_CURVE('',#639,#639,#39,.T.);
#796=EDGE_CURVE('',#639,#640,#335,.T.);
#797=EDGE_CURVE('',#640,#640,#40,.T.);
#798=EDGE_CURVE('',#641,#641,#41,.T.);
#799=EDGE_CURVE('',#641,#642,#336,.T.);
#800=EDGE_CURVE('',#642,#642,#42,.T.);
#801=EDGE_CURVE('',#643,#643,#43,.T.);
#802=EDGE_CURVE('',#643,#644,#337,.T.);
#803=EDGE_CURVE('',#644,#644,#44,.T.);
#804=EDGE_CURVE('',#645,#645,#45,.T.);
#805=EDGE_CURVE('',#645,#646,#338,.T.);
#806=EDGE_CURVE('',#646,#646,#46,.T.);
#807=EDGE_CURVE('',#647,#647,#47,.T.);
#808=EDGE_CURVE('',#647,#648,#339,.T.);
#809=EDGE_CURVE('',#648,#648,#48,.T.);
#810=EDGE_CURVE('',#649,#649,#49,.T.);
#811=EDGE_CURVE('',#649,#650,#340,.T.);
#812=EDGE_CURVE('',#650,#650,#50,.T.);
#813=EDGE_CURVE('',#651,#652,#341,.T.);
#814=EDGE_CURVE('',#651,#653,#342,.T.);
#815=EDGE_CURVE('',#654,#653,#343,.T.);
#816=EDGE_CURVE('',#652,#654,#344,.T.);
#817=EDGE_CURVE('',#652,#655,#345,.T.);
#818=EDGE_CURVE('',#656,#654,#346,.T.);
#819=EDGE_CURVE('',#655,#656,#347,.T.);
#820=EDGE_CURVE('',#655,#657,#348,.T.);
#821=EDGE_CURVE('',#658,#656,#349,.T.);
#822=EDGE_CURVE('',#657,#658,#350,.T.);
#823=EDGE_CURVE('',#657,#651,#351,.T.);
#824=EDGE_CURVE('',#653,#658,#352,.T.);
#825=EDGE_CURVE('',#659,#660,#353,.T.);
#826=EDGE_CURVE('',#661,#659,#354,.T.);
#827=EDGE_CURVE('',#661,#662,#355,.T.);
#828=EDGE_CURVE('',#660,#662,#356,.T.);
#829=EDGE_CURVE('',#663,#664,#357,.T.);
#830=EDGE_CURVE('',#663,#665,#358,.T.);
#831=EDGE_CURVE('',#665,#666,#359,.T.);
#832=EDGE_CURVE('',#664,#666,#360,.T.);
#833=EDGE_CURVE('',#662,#665,#361,.T.);
#834=EDGE_CURVE('',#666,#661,#362,.T.);
#835=EDGE_CURVE('',#659,#667,#363,.T.);
#836=EDGE_CURVE('',#667,#668,#364,.T.);
#837=EDGE_CURVE('',#668,#669,#365,.T.);
#838=EDGE_CURVE('',#669,#670,#366,.T.);
#839=EDGE_CURVE('',#670,#671,#367,.T.);
#840=EDGE_CURVE('',#671,#672,#368,.T.);
#841=EDGE_CURVE('',#672,#664,#369,.T.);
#842=EDGE_CURVE('',#673,#660,#370,.T.);
#843=EDGE_CURVE('',#673,#667,#371,.T.);
#844=EDGE_CURVE('',#674,#675,#372,.T.);
#845=EDGE_CURVE('',#674,#672,#373,.T.);
#846=EDGE_CURVE('',#675,#671,#374,.T.);
#847=EDGE_CURVE('',#675,#676,#375,.T.);
#848=EDGE_CURVE('',#676,#670,#376,.T.);
#849=EDGE_CURVE('',#676,#677,#377,.T.);
#850=EDGE_CURVE('',#677,#669,#378,.T.);
#851=EDGE_CURVE('',#677,#678,#379,.T.);
#852=EDGE_CURVE('',#678,#668,#380,.T.);
#853=EDGE_CURVE('',#678,#673,#381,.T.);
#854=EDGE_CURVE('',#663,#674,#382,.T.);
#855=EDGE_CURVE('',#679,#680,#383,.T.);
#856=EDGE_CURVE('',#679,#681,#384,.T.);
#857=EDGE_CURVE('',#682,#681,#385,.T.);
#858=EDGE_CURVE('',#680,#682,#386,.T.);
#859=EDGE_CURVE('',#683,#680,#387,.T.);
#860=EDGE_CURVE('',#684,#682,#388,.T.);
#861=EDGE_CURVE('',#683,#684,#389,.T.);
#862=EDGE_CURVE('',#685,#683,#390,.T.);
#863=EDGE_CURVE('',#686,#684,#391,.T.);
#864=EDGE_CURVE('',#685,#686,#392,.T.);
#865=EDGE_CURVE('',#687,#685,#393,.T.);
#866=EDGE_CURVE('',#688,#686,#394,.T.);
#867=EDGE_CURVE('',#687,#688,#395,.T.);
#868=EDGE_CURVE('',#689,#687,#396,.T.);
#869=EDGE_CURVE('',#690,#688,#397,.T.);
#870=EDGE_CURVE('',#689,#690,#398,.T.);
#871=EDGE_CURVE('',#679,#689,#399,.T.);
#872=EDGE_CURVE('',#681,#690,#400,.T.);
#873=EDGE_CURVE('',#691,#692,#401,.T.);
#874=EDGE_CURVE('',#692,#693,#51,.T.);
#875=EDGE_CURVE('',#693,#694,#402,.T.);
#876=EDGE_CURVE('',#694,#695,#52,.T.);
#877=EDGE_CURVE('',#695,#691,#53,.T.);
#878=EDGE_CURVE('',#696,#691,#403,.T.);
#879=EDGE_CURVE('',#697,#696,#404,.T.);
#880=EDGE_CURVE('',#692,#697,#405,.T.);
#881=EDGE_CURVE('',#694,#698,#406,.T.);
#882=EDGE_CURVE('',#699,#693,#407,.T.);
#883=EDGE_CURVE('',#698,#699,#408,.T.);
#884=EDGE_CURVE('',#700,#701,#409,.T.);
#885=EDGE_CURVE('',#701,#701,#54,.T.);
#886=EDGE_CURVE('',#702,#702,#55,.T.);
#887=EDGE_CURVE('',#702,#701,#410,.T.);
#888=EDGE_CURVE('',#703,#703,#56,.T.);
#889=EDGE_CURVE('',#696,#698,#57,.T.);
#890=EDGE_CURVE('',#704,#699,#58,.T.);
#891=EDGE_CURVE('',#697,#704,#59,.T.);
#892=EDGE_CURVE('',#705,#706,#411,.T.);
#893=EDGE_CURVE('',#706,#706,#60,.T.);
#894=EDGE_CURVE('',#695,#706,#412,.T.);
#895=EDGE_CURVE('',#703,#704,#413,.T.);
#896=EDGE_CURVE('',#707,#708,#414,.T.);
#897=EDGE_CURVE('',#708,#709,#61,.T.);
#898=EDGE_CURVE('',#709,#710,#62,.T.);
#899=EDGE_CURVE('',#710,#711,#415,.T.);
#900=EDGE_CURVE('',#711,#707,#63,.T.);
#901=EDGE_CURVE('',#708,#712,#416,.T.);
#902=EDGE_CURVE('',#713,#707,#417,.T.);
#903=EDGE_CURVE('',#712,#713,#418,.T.);
#904=EDGE_CURVE('',#714,#710,#419,.T.);
#905=EDGE_CURVE('',#715,#714,#420,.T.);
#906=EDGE_CURVE('',#711,#715,#421,.T.);
#907=EDGE_CURVE('',#716,#717,#422,.T.);
#908=EDGE_CURVE('',#717,#717,#64,.T.);
#909=EDGE_CURVE('',#718,#718,#65,.T.);
#910=EDGE_CURVE('',#718,#717,#423,.T.);
#911=EDGE_CURVE('',#719,#719,#66,.T.);
#912=EDGE_CURVE('',#709,#720,#424,.T.);
#913=EDGE_CURVE('',#720,#720,#67,.T.);
#914=EDGE_CURVE('',#714,#712,#68,.T.);
#915=EDGE_CURVE('',#721,#720,#425,.T.);
#916=EDGE_CURVE('',#719,#722,#426,.T.);
#917=EDGE_CURVE('',#722,#713,#69,.T.);
#918=EDGE_CURVE('',#715,#722,#70,.T.);
#919=ORIENTED_EDGE('',*,*,#723,.F.);
#920=ORIENTED_EDGE('',*,*,#724,.T.);
#921=ORIENTED_EDGE('',*,*,#725,.T.);
#922=ORIENTED_EDGE('',*,*,#726,.F.);
#923=ORIENTED_EDGE('',*,*,#727,.F.);
#924=ORIENTED_EDGE('',*,*,#728,.T.);
#925=ORIENTED_EDGE('',*,*,#729,.T.);
#926=ORIENTED_EDGE('',*,*,#724,.F.);
#927=ORIENTED_EDGE('',*,*,#730,.F.);
#928=ORIENTED_EDGE('',*,*,#731,.T.);
#929=ORIENTED_EDGE('',*,*,#732,.T.);
#930=ORIENTED_EDGE('',*,*,#728,.F.);
#931=ORIENTED_EDGE('',*,*,#733,.F.);
#932=ORIENTED_EDGE('',*,*,#726,.T.);
#933=ORIENTED_EDGE('',*,*,#734,.T.);
#934=ORIENTED_EDGE('',*,*,#731,.F.);
#935=ORIENTED_EDGE('',*,*,#734,.F.);
#936=ORIENTED_EDGE('',*,*,#725,.F.);
#937=ORIENTED_EDGE('',*,*,#729,.F.);
#938=ORIENTED_EDGE('',*,*,#732,.F.);
#939=ORIENTED_EDGE('',*,*,#735,.F.);
#940=ORIENTED_EDGE('',*,*,#736,.T.);
#941=ORIENTED_EDGE('',*,*,#737,.T.);
#942=ORIENTED_EDGE('',*,*,#738,.F.);
#943=ORIENTED_EDGE('',*,*,#739,.F.);
#944=ORIENTED_EDGE('',*,*,#740,.T.);
#945=ORIENTED_EDGE('',*,*,#741,.T.);
#946=ORIENTED_EDGE('',*,*,#736,.F.);
#947=ORIENTED_EDGE('',*,*,#742,.F.);
#948=ORIENTED_EDGE('',*,*,#743,.T.);
#949=ORIENTED_EDGE('',*,*,#744,.T.);
#950=ORIENTED_EDGE('',*,*,#740,.F.);
#951=ORIENTED_EDGE('',*,*,#745,.F.);
#952=ORIENTED_EDGE('',*,*,#738,.T.);
#953=ORIENTED_EDGE('',*,*,#746,.T.);
#954=ORIENTED_EDGE('',*,*,#743,.F.);
#955=ORIENTED_EDGE('',*,*,#746,.F.);
#956=ORIENTED_EDGE('',*,*,#737,.F.);
#957=ORIENTED_EDGE('',*,*,#741,.F.);
#958=ORIENTED_EDGE('',*,*,#744,.F.);
#959=ORIENTED_EDGE('',*,*,#747,.F.);
#960=ORIENTED_EDGE('',*,*,#748,.T.);
#961=ORIENTED_EDGE('',*,*,#749,.F.);
#962=ORIENTED_EDGE('',*,*,#750,.F.);
#963=ORIENTED_EDGE('',*,*,#751,.F.);
#964=ORIENTED_EDGE('',*,*,#750,.T.);
#965=ORIENTED_EDGE('',*,*,#752,.F.);
#966=ORIENTED_EDGE('',*,*,#753,.F.);
#967=ORIENTED_EDGE('',*,*,#754,.F.);
#968=ORIENTED_EDGE('',*,*,#753,.T.);
#969=ORIENTED_EDGE('',*,*,#755,.F.);
#970=ORIENTED_EDGE('',*,*,#756,.F.);
#971=ORIENTED_EDGE('',*,*,#757,.F.);
#972=ORIENTED_EDGE('',*,*,#756,.T.);
#973=ORIENTED_EDGE('',*,*,#758,.F.);
#974=ORIENTED_EDGE('',*,*,#759,.F.);
#975=ORIENTED_EDGE('',*,*,#760,.F.);
#976=ORIENTED_EDGE('',*,*,#759,.T.);
#977=ORIENTED_EDGE('',*,*,#761,.F.);
#978=ORIENTED_EDGE('',*,*,#762,.F.);
#979=ORIENTED_EDGE('',*,*,#763,.F.);
#980=ORIENTED_EDGE('',*,*,#762,.T.);
#981=ORIENTED_EDGE('',*,*,#764,.F.);
#982=ORIENTED_EDGE('',*,*,#765,.F.);
#983=ORIENTED_EDGE('',*,*,#766,.F.);
#984=ORIENTED_EDGE('',*,*,#765,.T.);
#985=ORIENTED_EDGE('',*,*,#767,.F.);
#986=ORIENTED_EDGE('',*,*,#768,.F.);
#987=ORIENTED_EDGE('',*,*,#769,.F.);
#988=ORIENTED_EDGE('',*,*,#768,.T.);
#989=ORIENTED_EDGE('',*,*,#770,.F.);
#990=ORIENTED_EDGE('',*,*,#771,.F.);
#991=ORIENTED_EDGE('',*,*,#772,.F.);
#992=ORIENTED_EDGE('',*,*,#771,.T.);
#993=ORIENTED_EDGE('',*,*,#773,.F.);
#994=ORIENTED_EDGE('',*,*,#774,.F.);
#995=ORIENTED_EDGE('',*,*,#775,.F.);
#996=ORIENTED_EDGE('',*,*,#774,.T.);
#997=ORIENTED_EDGE('',*,*,#776,.F.);
#998=ORIENTED_EDGE('',*,*,#777,.F.);
#999=ORIENTED_EDGE('',*,*,#778,.F.);
#1000=ORIENTED_EDGE('',*,*,#777,.T.);
#1001=ORIENTED_EDGE('',*,*,#779,.F.);
#1002=ORIENTED_EDGE('',*,*,#780,.F.);
#1003=ORIENTED_EDGE('',*,*,#781,.F.);
#1004=ORIENTED_EDGE('',*,*,#780,.T.);
#1005=ORIENTED_EDGE('',*,*,#782,.F.);
#1006=ORIENTED_EDGE('',*,*,#748,.F.);
#1007=ORIENTED_EDGE('',*,*,#782,.T.);
#1008=ORIENTED_EDGE('',*,*,#779,.T.);
#1009=ORIENTED_EDGE('',*,*,#776,.T.);
#1010=ORIENTED_EDGE('',*,*,#773,.T.);
#1011=ORIENTED_EDGE('',*,*,#770,.T.);
#1012=ORIENTED_EDGE('',*,*,#767,.T.);
#1013=ORIENTED_EDGE('',*,*,#764,.T.);
#1014=ORIENTED_EDGE('',*,*,#761,.T.);
#1015=ORIENTED_EDGE('',*,*,#758,.T.);
#1016=ORIENTED_EDGE('',*,*,#755,.T.);
#1017=ORIENTED_EDGE('',*,*,#752,.T.);
#1018=ORIENTED_EDGE('',*,*,#749,.T.);
#1019=ORIENTED_EDGE('',*,*,#783,.F.);
#1020=ORIENTED_EDGE('',*,*,#784,.T.);
#1021=ORIENTED_EDGE('',*,*,#785,.F.);
#1022=ORIENTED_EDGE('',*,*,#786,.F.);
#1023=ORIENTED_EDGE('',*,*,#787,.F.);
#1024=ORIENTED_EDGE('',*,*,#786,.T.);
#1025=ORIENTED_EDGE('',*,*,#788,.F.);
#1026=ORIENTED_EDGE('',*,*,#789,.F.);
#1027=ORIENTED_EDGE('',*,*,#790,.F.);
#1028=ORIENTED_EDGE('',*,*,#789,.T.);
#1029=ORIENTED_EDGE('',*,*,#791,.F.);
#1030=ORIENTED_EDGE('',*,*,#792,.F.);
#1031=ORIENTED_EDGE('',*,*,#793,.F.);
#1032=ORIENTED_EDGE('',*,*,#792,.T.);
#1033=ORIENTED_EDGE('',*,*,#794,.F.);
#1034=ORIENTED_EDGE('',*,*,#784,.F.);
#1035=ORIENTED_EDGE('',*,*,#794,.T.);
#1036=ORIENTED_EDGE('',*,*,#791,.T.);
#1037=ORIENTED_EDGE('',*,*,#788,.T.);
#1038=ORIENTED_EDGE('',*,*,#785,.T.);
#1039=ORIENTED_EDGE('',*,*,#795,.F.);
#1040=ORIENTED_EDGE('',*,*,#796,.T.);
#1041=ORIENTED_EDGE('',*,*,#797,.F.);
#1042=ORIENTED_EDGE('',*,*,#796,.F.);
#1043=ORIENTED_EDGE('',*,*,#798,.F.);
#1044=ORIENTED_EDGE('',*,*,#799,.T.);
#1045=ORIENTED_EDGE('',*,*,#800,.F.);
#1046=ORIENTED_EDGE('',*,*,#799,.F.);
#1047=ORIENTED_EDGE('',*,*,#801,.F.);
#1048=ORIENTED_EDGE('',*,*,#802,.T.);
#1049=ORIENTED_EDGE('',*,*,#803,.T.);
#1050=ORIENTED_EDGE('',*,*,#802,.F.);
#1051=ORIENTED_EDGE('',*,*,#803,.F.);
#1052=ORIENTED_EDGE('',*,*,#800,.T.);
#1053=ORIENTED_EDGE('',*,*,#804,.F.);
#1054=ORIENTED_EDGE('',*,*,#805,.T.);
#1055=ORIENTED_EDGE('',*,*,#806,.T.);
#1056=ORIENTED_EDGE('',*,*,#805,.F.);
#1057=ORIENTED_EDGE('',*,*,#806,.F.);
#1058=ORIENTED_EDGE('',*,*,#797,.T.);
#1059=ORIENTED_EDGE('',*,*,#807,.F.);
#1060=ORIENTED_EDGE('',*,*,#808,.T.);
#1061=ORIENTED_EDGE('',*,*,#809,.T.);
#1062=ORIENTED_EDGE('',*,*,#808,.F.);
#1063=ORIENTED_EDGE('',*,*,#809,.F.);
#1064=ORIENTED_EDGE('',*,*,#798,.T.);
#1065=ORIENTED_EDGE('',*,*,#810,.F.);
#1066=ORIENTED_EDGE('',*,*,#811,.T.);
#1067=ORIENTED_EDGE('',*,*,#812,.T.);
#1068=ORIENTED_EDGE('',*,*,#811,.F.);
#1069=ORIENTED_EDGE('',*,*,#812,.F.);
#1070=ORIENTED_EDGE('',*,*,#795,.T.);
#1071=ORIENTED_EDGE('',*,*,#813,.F.);
#1072=ORIENTED_EDGE('',*,*,#814,.T.);
#1073=ORIENTED_EDGE('',*,*,#815,.F.);
#1074=ORIENTED_EDGE('',*,*,#816,.F.);
#1075=ORIENTED_EDGE('',*,*,#817,.F.);
#1076=ORIENTED_EDGE('',*,*,#816,.T.);
#1077=ORIENTED_EDGE('',*,*,#818,.F.);
#1078=ORIENTED_EDGE('',*,*,#819,.F.);
#1079=ORIENTED_EDGE('',*,*,#820,.F.);
#1080=ORIENTED_EDGE('',*,*,#819,.T.);
#1081=ORIENTED_EDGE('',*,*,#821,.F.);
#1082=ORIENTED_EDGE('',*,*,#822,.F.);
#1083=ORIENTED_EDGE('',*,*,#823,.F.);
#1084=ORIENTED_EDGE('',*,*,#822,.T.);
#1085=ORIENTED_EDGE('',*,*,#824,.F.);
#1086=ORIENTED_EDGE('',*,*,#814,.F.);
#1087=ORIENTED_EDGE('',*,*,#824,.T.);
#1088=ORIENTED_EDGE('',*,*,#821,.T.);
#1089=ORIENTED_EDGE('',*,*,#818,.T.);
#1090=ORIENTED_EDGE('',*,*,#815,.T.);
#1091=ORIENTED_EDGE('',*,*,#825,.F.);
#1092=ORIENTED_EDGE('',*,*,#826,.F.);
#1093=ORIENTED_EDGE('',*,*,#827,.T.);
#1094=ORIENTED_EDGE('',*,*,#828,.F.);
#1095=ORIENTED_EDGE('',*,*,#829,.F.);
#1096=ORIENTED_EDGE('',*,*,#830,.T.);
#1097=ORIENTED_EDGE('',*,*,#831,.T.);
#1098=ORIENTED_EDGE('',*,*,#832,.F.);
#1099=ORIENTED_EDGE('',*,*,#831,.F.);
#1100=ORIENTED_EDGE('',*,*,#833,.F.);
#1101=ORIENTED_EDGE('',*,*,#827,.F.);
#1102=ORIENTED_EDGE('',*,*,#834,.F.);
#1103=ORIENTED_EDGE('',*,*,#832,.T.);
#1104=ORIENTED_EDGE('',*,*,#834,.T.);
#1105=ORIENTED_EDGE('',*,*,#826,.T.);
#1106=ORIENTED_EDGE('',*,*,#835,.T.);
#1107=ORIENTED_EDGE('',*,*,#836,.T.);
#1108=ORIENTED_EDGE('',*,*,#837,.T.);
#1109=ORIENTED_EDGE('',*,*,#838,.T.);
#1110=ORIENTED_EDGE('',*,*,#839,.T.);
#1111=ORIENTED_EDGE('',*,*,#840,.T.);
#1112=ORIENTED_EDGE('',*,*,#841,.T.);
#1113=ORIENTED_EDGE('',*,*,#801,.T.);
#1114=ORIENTED_EDGE('',*,*,#804,.T.);
#1115=ORIENTED_EDGE('',*,*,#813,.T.);
#1116=ORIENTED_EDGE('',*,*,#817,.T.);
#1117=ORIENTED_EDGE('',*,*,#820,.T.);
#1118=ORIENTED_EDGE('',*,*,#823,.T.);
#1119=ORIENTED_EDGE('',*,*,#825,.T.);
#1120=ORIENTED_EDGE('',*,*,#842,.F.);
#1121=ORIENTED_EDGE('',*,*,#843,.T.);
#1122=ORIENTED_EDGE('',*,*,#835,.F.);
#1123=ORIENTED_EDGE('',*,*,#844,.F.);
#1124=ORIENTED_EDGE('',*,*,#845,.T.);
#1125=ORIENTED_EDGE('',*,*,#840,.F.);
#1126=ORIENTED_EDGE('',*,*,#846,.F.);
#1127=ORIENTED_EDGE('',*,*,#847,.F.);
#1128=ORIENTED_EDGE('',*,*,#846,.T.);
#1129=ORIENTED_EDGE('',*,*,#839,.F.);
#1130=ORIENTED_EDGE('',*,*,#848,.F.);
#1131=ORIENTED_EDGE('',*,*,#849,.F.);
#1132=ORIENTED_EDGE('',*,*,#848,.T.);
#1133=ORIENTED_EDGE('',*,*,#838,.F.);
#1134=ORIENTED_EDGE('',*,*,#850,.F.);
#1135=ORIENTED_EDGE('',*,*,#851,.F.);
#1136=ORIENTED_EDGE('',*,*,#850,.T.);
#1137=ORIENTED_EDGE('',*,*,#837,.F.);
#1138=ORIENTED_EDGE('',*,*,#852,.F.);
#1139=ORIENTED_EDGE('',*,*,#853,.F.);
#1140=ORIENTED_EDGE('',*,*,#852,.T.);
#1141=ORIENTED_EDGE('',*,*,#836,.F.);
#1142=ORIENTED_EDGE('',*,*,#843,.F.);
#1143=ORIENTED_EDGE('',*,*,#829,.T.);
#1144=ORIENTED_EDGE('',*,*,#841,.F.);
#1145=ORIENTED_EDGE('',*,*,#845,.F.);
#1146=ORIENTED_EDGE('',*,*,#854,.F.);
#1147=ORIENTED_EDGE('',*,*,#855,.F.);
#1148=ORIENTED_EDGE('',*,*,#856,.T.);
#1149=ORIENTED_EDGE('',*,*,#857,.F.);
#1150=ORIENTED_EDGE('',*,*,#858,.F.);
#1151=ORIENTED_EDGE('',*,*,#735,.T.);
#1152=ORIENTED_EDGE('',*,*,#745,.T.);
#1153=ORIENTED_EDGE('',*,*,#742,.T.);
#1154=ORIENTED_EDGE('',*,*,#739,.T.);
#1155=ORIENTED_EDGE('',*,*,#859,.T.);
#1156=ORIENTED_EDGE('',*,*,#858,.T.);
#1157=ORIENTED_EDGE('',*,*,#860,.F.);
#1158=ORIENTED_EDGE('',*,*,#861,.F.);
#1159=ORIENTED_EDGE('',*,*,#862,.T.);
#1160=ORIENTED_EDGE('',*,*,#861,.T.);
#1161=ORIENTED_EDGE('',*,*,#863,.F.);
#1162=ORIENTED_EDGE('',*,*,#864,.F.);
#1163=ORIENTED_EDGE('',*,*,#783,.T.);
#1164=ORIENTED_EDGE('',*,*,#787,.T.);
#1165=ORIENTED_EDGE('',*,*,#790,.T.);
#1166=ORIENTED_EDGE('',*,*,#793,.T.);
#1167=ORIENTED_EDGE('',*,*,#865,.T.);
#1168=ORIENTED_EDGE('',*,*,#864,.T.);
#1169=ORIENTED_EDGE('',*,*,#866,.F.);
#1170=ORIENTED_EDGE('',*,*,#867,.F.);
#1171=ORIENTED_EDGE('',*,*,#868,.T.);
#1172=ORIENTED_EDGE('',*,*,#867,.T.);
#1173=ORIENTED_EDGE('',*,*,#869,.F.);
#1174=ORIENTED_EDGE('',*,*,#870,.F.);
#1175=ORIENTED_EDGE('',*,*,#723,.T.);
#1176=ORIENTED_EDGE('',*,*,#733,.T.);
#1177=ORIENTED_EDGE('',*,*,#730,.T.);
#1178=ORIENTED_EDGE('',*,*,#727,.T.);
#1179=ORIENTED_EDGE('',*,*,#871,.T.);
#1180=ORIENTED_EDGE('',*,*,#870,.T.);
#1181=ORIENTED_EDGE('',*,*,#872,.F.);
#1182=ORIENTED_EDGE('',*,*,#856,.F.);
#1183=ORIENTED_EDGE('',*,*,#747,.T.);
#1184=ORIENTED_EDGE('',*,*,#751,.T.);
#1185=ORIENTED_EDGE('',*,*,#754,.T.);
#1186=ORIENTED_EDGE('',*,*,#757,.T.);
#1187=ORIENTED_EDGE('',*,*,#760,.T.);
#1188=ORIENTED_EDGE('',*,*,#763,.T.);
#1189=ORIENTED_EDGE('',*,*,#766,.T.);
#1190=ORIENTED_EDGE('',*,*,#769,.T.);
#1191=ORIENTED_EDGE('',*,*,#772,.T.);
#1192=ORIENTED_EDGE('',*,*,#775,.T.);
#1193=ORIENTED_EDGE('',*,*,#778,.T.);
#1194=ORIENTED_EDGE('',*,*,#781,.T.);
#1195=ORIENTED_EDGE('',*,*,#872,.T.);
#1196=ORIENTED_EDGE('',*,*,#869,.T.);
#1197=ORIENTED_EDGE('',*,*,#866,.T.);
#1198=ORIENTED_EDGE('',*,*,#863,.T.);
#1199=ORIENTED_EDGE('',*,*,#860,.T.);
#1200=ORIENTED_EDGE('',*,*,#857,.T.);
#1201=ORIENTED_EDGE('',*,*,#844,.T.);
#1202=ORIENTED_EDGE('',*,*,#847,.T.);
#1203=ORIENTED_EDGE('',*,*,#849,.T.);
#1204=ORIENTED_EDGE('',*,*,#851,.T.);
#1205=ORIENTED_EDGE('',*,*,#853,.T.);
#1206=ORIENTED_EDGE('',*,*,#842,.T.);
#1207=ORIENTED_EDGE('',*,*,#828,.T.);
#1208=ORIENTED_EDGE('',*,*,#833,.T.);
#1209=ORIENTED_EDGE('',*,*,#830,.F.);
#1210=ORIENTED_EDGE('',*,*,#854,.T.);
#1211=ORIENTED_EDGE('',*,*,#871,.F.);
#1212=ORIENTED_EDGE('',*,*,#855,.T.);
#1213=ORIENTED_EDGE('',*,*,#859,.F.);
#1214=ORIENTED_EDGE('',*,*,#862,.F.);
#1215=ORIENTED_EDGE('',*,*,#865,.F.);
#1216=ORIENTED_EDGE('',*,*,#868,.F.);
#1217=ORIENTED_EDGE('',*,*,#807,.T.);
#1218=ORIENTED_EDGE('',*,*,#810,.T.);
#1219=ORIENTED_EDGE('',*,*,#873,.T.);
#1220=ORIENTED_EDGE('',*,*,#874,.T.);
#1221=ORIENTED_EDGE('',*,*,#875,.T.);
#1222=ORIENTED_EDGE('',*,*,#876,.T.);
#1223=ORIENTED_EDGE('',*,*,#877,.T.);
#1224=ORIENTED_EDGE('',*,*,#878,.F.);
#1225=ORIENTED_EDGE('',*,*,#879,.F.);
#1226=ORIENTED_EDGE('',*,*,#880,.F.);
#1227=ORIENTED_EDGE('',*,*,#873,.F.);
#1228=ORIENTED_EDGE('',*,*,#881,.F.);
#1229=ORIENTED_EDGE('',*,*,#875,.F.);
#1230=ORIENTED_EDGE('',*,*,#882,.F.);
#1231=ORIENTED_EDGE('',*,*,#883,.F.);
#1232=ORIENTED_EDGE('',*,*,#884,.T.);
#1233=ORIENTED_EDGE('',*,*,#885,.F.);
#1234=ORIENTED_EDGE('',*,*,#884,.F.);
#1235=ORIENTED_EDGE('',*,*,#886,.F.);
#1236=ORIENTED_EDGE('',*,*,#887,.T.);
#1237=ORIENTED_EDGE('',*,*,#885,.T.);
#1238=ORIENTED_EDGE('',*,*,#887,.F.);
#1239=ORIENTED_EDGE('',*,*,#888,.T.);
#1240=ORIENTED_EDGE('',*,*,#886,.T.);
#1241=ORIENTED_EDGE('',*,*,#879,.T.);
#1242=ORIENTED_EDGE('',*,*,#889,.T.);
#1243=ORIENTED_EDGE('',*,*,#883,.T.);
#1244=ORIENTED_EDGE('',*,*,#890,.F.);
#1245=ORIENTED_EDGE('',*,*,#891,.F.);
#1246=ORIENTED_EDGE('',*,*,#892,.T.);
#1247=ORIENTED_EDGE('',*,*,#893,.F.);
#1248=ORIENTED_EDGE('',*,*,#892,.F.);
#1249=ORIENTED_EDGE('',*,*,#889,.F.);
#1250=ORIENTED_EDGE('',*,*,#878,.T.);
#1251=ORIENTED_EDGE('',*,*,#877,.F.);
#1252=ORIENTED_EDGE('',*,*,#894,.T.);
#1253=ORIENTED_EDGE('',*,*,#893,.T.);
#1254=ORIENTED_EDGE('',*,*,#894,.F.);
#1255=ORIENTED_EDGE('',*,*,#876,.F.);
#1256=ORIENTED_EDGE('',*,*,#881,.T.);
#1257=ORIENTED_EDGE('',*,*,#888,.F.);
#1258=ORIENTED_EDGE('',*,*,#895,.T.);
#1259=ORIENTED_EDGE('',*,*,#890,.T.);
#1260=ORIENTED_EDGE('',*,*,#882,.T.);
#1261=ORIENTED_EDGE('',*,*,#874,.F.);
#1262=ORIENTED_EDGE('',*,*,#880,.T.);
#1263=ORIENTED_EDGE('',*,*,#891,.T.);
#1264=ORIENTED_EDGE('',*,*,#895,.F.);
#1265=ORIENTED_EDGE('',*,*,#896,.T.);
#1266=ORIENTED_EDGE('',*,*,#897,.T.);
#1267=ORIENTED_EDGE('',*,*,#898,.T.);
#1268=ORIENTED_EDGE('',*,*,#899,.T.);
#1269=ORIENTED_EDGE('',*,*,#900,.T.);
#1270=ORIENTED_EDGE('',*,*,#901,.F.);
#1271=ORIENTED_EDGE('',*,*,#896,.F.);
#1272=ORIENTED_EDGE('',*,*,#902,.F.);
#1273=ORIENTED_EDGE('',*,*,#903,.F.);
#1274=ORIENTED_EDGE('',*,*,#904,.F.);
#1275=ORIENTED_EDGE('',*,*,#905,.F.);
#1276=ORIENTED_EDGE('',*,*,#906,.F.);
#1277=ORIENTED_EDGE('',*,*,#899,.F.);
#1278=ORIENTED_EDGE('',*,*,#907,.T.);
#1279=ORIENTED_EDGE('',*,*,#908,.F.);
#1280=ORIENTED_EDGE('',*,*,#907,.F.);
#1281=ORIENTED_EDGE('',*,*,#909,.F.);
#1282=ORIENTED_EDGE('',*,*,#910,.T.);
#1283=ORIENTED_EDGE('',*,*,#908,.T.);
#1284=ORIENTED_EDGE('',*,*,#910,.F.);
#1285=ORIENTED_EDGE('',*,*,#911,.T.);
#1286=ORIENTED_EDGE('',*,*,#909,.T.);
#1287=ORIENTED_EDGE('',*,*,#904,.T.);
#1288=ORIENTED_EDGE('',*,*,#898,.F.);
#1289=ORIENTED_EDGE('',*,*,#912,.T.);
#1290=ORIENTED_EDGE('',*,*,#913,.T.);
#1291=ORIENTED_EDGE('',*,*,#912,.F.);
#1292=ORIENTED_EDGE('',*,*,#897,.F.);
#1293=ORIENTED_EDGE('',*,*,#901,.T.);
#1294=ORIENTED_EDGE('',*,*,#914,.F.);
#1295=ORIENTED_EDGE('',*,*,#915,.T.);
#1296=ORIENTED_EDGE('',*,*,#913,.F.);
#1297=ORIENTED_EDGE('',*,*,#915,.F.);
#1298=ORIENTED_EDGE('',*,*,#911,.F.);
#1299=ORIENTED_EDGE('',*,*,#916,.T.);
#1300=ORIENTED_EDGE('',*,*,#917,.T.);
#1301=ORIENTED_EDGE('',*,*,#902,.T.);
#1302=ORIENTED_EDGE('',*,*,#900,.F.);
#1303=ORIENTED_EDGE('',*,*,#906,.T.);
#1304=ORIENTED_EDGE('',*,*,#918,.T.);
#1305=ORIENTED_EDGE('',*,*,#916,.F.);
#1306=ORIENTED_EDGE('',*,*,#905,.T.);
#1307=ORIENTED_EDGE('',*,*,#914,.T.);
#1308=ORIENTED_EDGE('',*,*,#903,.T.);
#1309=ORIENTED_EDGE('',*,*,#917,.F.);
#1310=ORIENTED_EDGE('',*,*,#918,.F.);
#1311=PLANE('',#1475);
#1312=PLANE('',#1476);
#1313=PLANE('',#1477);
#1314=PLANE('',#1478);
#1315=PLANE('',#1479);
#1316=PLANE('',#1480);
#1317=PLANE('',#1481);
#1318=PLANE('',#1482);
#1319=PLANE('',#1483);
#1320=PLANE('',#1484);
#1321=PLANE('',#1485);
#1322=PLANE('',#1486);
#1323=PLANE('',#1487);
#1324=PLANE('',#1488);
#1325=PLANE('',#1489);
#1326=PLANE('',#1490);
#1327=PLANE('',#1491);
#1328=PLANE('',#1492);
#1329=PLANE('',#1493);
#1330=PLANE('',#1494);
#1331=PLANE('',#1495);
#1332=PLANE('',#1496);
#1333=PLANE('',#1497);
#1334=PLANE('',#1498);
#1335=PLANE('',#1499);
#1336=PLANE('',#1500);
#1337=PLANE('',#1501);
#1338=PLANE('',#1502);
#1339=PLANE('',#1512);
#1340=PLANE('',#1516);
#1341=PLANE('',#1520);
#1342=PLANE('',#1524);
#1343=PLANE('',#1525);
#1344=PLANE('',#1526);
#1345=PLANE('',#1527);
#1346=PLANE('',#1528);
#1347=PLANE('',#1529);
#1348=PLANE('',#1530);
#1349=PLANE('',#1531);
#1350=PLANE('',#1532);
#1351=PLANE('',#1533);
#1352=PLANE('',#1534);
#1353=PLANE('',#1535);
#1354=PLANE('',#1536);
#1355=PLANE('',#1537);
#1356=PLANE('',#1538);
#1357=PLANE('',#1539);
#1358=PLANE('',#1540);
#1359=PLANE('',#1541);
#1360=PLANE('',#1542);
#1361=PLANE('',#1543);
#1362=PLANE('',#1544);
#1363=PLANE('',#1545);
#1364=PLANE('',#1546);
#1365=PLANE('',#1547);
#1366=PLANE('',#1548);
#1367=PLANE('',#1549);
#1368=PLANE('',#1553);
#1369=PLANE('',#1554);
#1370=PLANE('',#1559);
#1371=PLANE('',#1561);
#1372=PLANE('',#1569);
#1373=PLANE('',#1573);
#1374=PLANE('',#1574);
#1375=PLANE('',#1579);
#1376=PLANE('',#1588);
#1377=ADVANCED_FACE('',(#83),#1311,.F.);
#1378=ADVANCED_FACE('',(#84),#1312,.F.);
#1379=ADVANCED_FACE('',(#85),#1313,.F.);
#1380=ADVANCED_FACE('',(#86),#1314,.F.);
#1381=ADVANCED_FACE('',(#87),#1315,.F.);
#1382=ADVANCED_FACE('',(#88),#1316,.F.);
#1383=ADVANCED_FACE('',(#89),#1317,.F.);
#1384=ADVANCED_FACE('',(#90),#1318,.F.);
#1385=ADVANCED_FACE('',(#91),#1319,.F.);
#1386=ADVANCED_FACE('',(#92),#1320,.F.);
#1387=ADVANCED_FACE('',(#93),#1321,.T.);
#1388=ADVANCED_FACE('',(#94),#1322,.T.);
#1389=ADVANCED_FACE('',(#95),#1323,.T.);
#1390=ADVANCED_FACE('',(#96),#1324,.T.);
#1391=ADVANCED_FACE('',(#97),#1325,.T.);
#1392=ADVANCED_FACE('',(#98),#1326,.T.);
#1393=ADVANCED_FACE('',(#99),#1327,.T.);
#1394=ADVANCED_FACE('',(#100),#1328,.T.);
#1395=ADVANCED_FACE('',(#101),#1329,.T.);
#1396=ADVANCED_FACE('',(#102),#1330,.T.);
#1397=ADVANCED_FACE('',(#103),#1331,.T.);
#1398=ADVANCED_FACE('',(#104),#1332,.T.);
#1399=ADVANCED_FACE('',(#105),#1333,.T.);
#1400=ADVANCED_FACE('',(#106),#1334,.T.);
#1401=ADVANCED_FACE('',(#107),#1335,.T.);
#1402=ADVANCED_FACE('',(#108),#1336,.T.);
#1403=ADVANCED_FACE('',(#109),#1337,.T.);
#1404=ADVANCED_FACE('',(#110),#1338,.T.);
#1405=ADVANCED_FACE('',(#111),#71,.F.);
#1406=ADVANCED_FACE('',(#112),#72,.F.);
#1407=ADVANCED_FACE('',(#113),#73,.F.);
#1408=ADVANCED_FACE('',(#114,#23),#1339,.T.);
#1409=ADVANCED_FACE('',(#115),#74,.F.);
#1410=ADVANCED_FACE('',(#116,#24),#1340,.T.);
#1411=ADVANCED_FACE('',(#117),#75,.F.);
#1412=ADVANCED_FACE('',(#118,#25),#1341,.T.);
#1413=ADVANCED_FACE('',(#119),#76,.F.);
#1414=ADVANCED_FACE('',(#120,#26),#1342,.T.);
#1415=ADVANCED_FACE('',(#121),#1343,.T.);
#1416=ADVANCED_FACE('',(#122),#1344,.T.);
#1417=ADVANCED_FACE('',(#123),#1345,.T.);
#1418=ADVANCED_FACE('',(#124),#1346,.T.);
#1419=ADVANCED_FACE('',(#125),#1347,.T.);
#1420=ADVANCED_FACE('',(#126),#1348,.F.);
#1421=ADVANCED_FACE('',(#127),#1349,.F.);
#1422=ADVANCED_FACE('',(#128),#1350,.F.);
#1423=ADVANCED_FACE('',(#129,#27,#28,#29),#1351,.T.);
#1424=ADVANCED_FACE('',(#130),#1352,.T.);
#1425=ADVANCED_FACE('',(#131),#1353,.T.);
#1426=ADVANCED_FACE('',(#132),#1354,.T.);
#1427=ADVANCED_FACE('',(#133),#1355,.T.);
#1428=ADVANCED_FACE('',(#134),#1356,.T.);
#1429=ADVANCED_FACE('',(#135),#1357,.T.);
#1430=ADVANCED_FACE('',(#136),#1358,.T.);
#1431=ADVANCED_FACE('',(#137,#30),#1359,.T.);
#1432=ADVANCED_FACE('',(#138),#1360,.T.);
#1433=ADVANCED_FACE('',(#139,#31),#1361,.T.);
#1434=ADVANCED_FACE('',(#140),#1362,.T.);
#1435=ADVANCED_FACE('',(#141,#32),#1363,.T.);
#1436=ADVANCED_FACE('',(#142,#33),#1364,.T.);
#1437=ADVANCED_FACE('',(#143,#34),#1365,.T.);
#1438=ADVANCED_FACE('',(#144,#35,#36),#1366,.F.);
#1439=ADVANCED_FACE('',(#145),#1367,.T.);
#1440=ADVANCED_FACE('',(#146),#1368,.F.);
#1441=ADVANCED_FACE('',(#147),#1369,.F.);
#1442=ADVANCED_FACE('',(#148),#13,.F.);
#1443=ADVANCED_FACE('',(#149),#77,.F.);
#1444=ADVANCED_FACE('',(#150,#37),#1370,.T.);
#1445=ADVANCED_FACE('',(#151),#1371,.F.);
#1446=ADVANCED_FACE('',(#152),#14,.F.);
#1447=ADVANCED_FACE('',(#153),#78,.F.);
#1448=ADVANCED_FACE('',(#154),#79,.T.);
#1449=ADVANCED_FACE('',(#155),#1372,.T.);
#1450=ADVANCED_FACE('',(#156),#1373,.F.);
#1451=ADVANCED_FACE('',(#157),#1374,.F.);
#1452=ADVANCED_FACE('',(#158),#15,.F.);
#1453=ADVANCED_FACE('',(#159),#80,.F.);
#1454=ADVANCED_FACE('',(#160,#38),#1375,.T.);
#1455=ADVANCED_FACE('',(#161),#81,.F.);
#1456=ADVANCED_FACE('',(#162),#16,.F.);
#1457=ADVANCED_FACE('',(#163),#82,.T.);
#1458=ADVANCED_FACE('',(#164),#1376,.T.);
#1459=CLOSED_SHELL('',(#1377,#1378,#1379,#1380,#1381,#1382,#1383,#1384,
#1385,#1386,#1387,#1388,#1389,#1390,#1391,#1392,#1393,#1394,#1395,#1396,
#1397,#1398,#1399,#1400,#1401,#1402,#1403,#1404,#1405,#1406,#1407,#1408,
#1409,#1410,#1411,#1412,#1413,#1414,#1415,#1416,#1417,#1418,#1419,#1420,
#1421,#1422,#1423,#1424,#1425,#1426,#1427,#1428,#1429,#1430,#1431,#1432,
#1433,#1434,#1435,#1436,#1437,#1438));
#1460=CLOSED_SHELL('',(#1439,#1440,#1441,#1442,#1443,#1444,#1445,#1446,
#1447,#1448));
#1461=CLOSED_SHELL('',(#1449,#1450,#1451,#1452,#1453,#1454,#1455,#1456,
#1457,#1458));
#1462=DERIVED_UNIT_ELEMENT(#1464,1.);
#1463=DERIVED_UNIT_ELEMENT(#2399,-3.);
#1464=(
MASS_UNIT()
NAMED_UNIT(*)
SI_UNIT(.KILO.,.GRAM.)
);
#1465=DERIVED_UNIT((#1462,#1463));
#1466=MEASURE_REPRESENTATION_ITEM('density measure',
POSITIVE_RATIO_MEASURE(7850.),#1465);
#1467=PROPERTY_DEFINITION_REPRESENTATION(#1472,#1469);
#1468=PROPERTY_DEFINITION_REPRESENTATION(#1473,#1470);
#1469=REPRESENTATION('material name',(#1471),#2396);
#1470=REPRESENTATION('density',(#1466),#2396);
#1471=DESCRIPTIVE_REPRESENTATION_ITEM('Steel','Steel');
#1472=PROPERTY_DEFINITION('material property','material name',#2406);
#1473=PROPERTY_DEFINITION('material property','density of part',#2406);
#1474=AXIS2_PLACEMENT_3D('',#1983,#1589,#1590);
#1475=AXIS2_PLACEMENT_3D('',#1984,#1591,#1592);
#1476=AXIS2_PLACEMENT_3D('',#1993,#1597,#1598);
#1477=AXIS2_PLACEMENT_3D('',#1999,#1602,#1603);
#1478=AXIS2_PLACEMENT_3D('',#2005,#1607,#1608);
#1479=AXIS2_PLACEMENT_3D('',#2008,#1611,#1612);
#1480=AXIS2_PLACEMENT_3D('',#2009,#1613,#1614);
#1481=AXIS2_PLACEMENT_3D('',#2018,#1619,#1620);
#1482=AXIS2_PLACEMENT_3D('',#2024,#1624,#1625);
#1483=AXIS2_PLACEMENT_3D('',#2030,#1629,#1630);
#1484=AXIS2_PLACEMENT_3D('',#2033,#1633,#1634);
#1485=AXIS2_PLACEMENT_3D('',#2034,#1635,#1636);
#1486=AXIS2_PLACEMENT_3D('',#2043,#1641,#1642);
#1487=AXIS2_PLACEMENT_3D('',#2049,#1646,#1647);
#1488=AXIS2_PLACEMENT_3D('',#2055,#1651,#1652);
#1489=AXIS2_PLACEMENT_3D('',#2061,#1656,#1657);
#1490=AXIS2_PLACEMENT_3D('',#2067,#1661,#1662);
#1491=AXIS2_PLACEMENT_3D('',#2073,#1666,#1667);
#1492=AXIS2_PLACEMENT_3D('',#2079,#1671,#1672);
#1493=AXIS2_PLACEMENT_3D('',#2085,#1676,#1677);
#1494=AXIS2_PLACEMENT_3D('',#2091,#1681,#1682);
#1495=AXIS2_PLACEMENT_3D('',#2097,#1686,#1687);
#1496=AXIS2_PLACEMENT_3D('',#2103,#1691,#1692);
#1497=AXIS2_PLACEMENT_3D('',#2106,#1695,#1696);
#1498=AXIS2_PLACEMENT_3D('',#2107,#1697,#1698);
#1499=AXIS2_PLACEMENT_3D('',#2116,#1703,#1704);
#1500=AXIS2_PLACEMENT_3D('',#2122,#1708,#1709);
#1501=AXIS2_PLACEMENT_3D('',#2128,#1713,#1714);
#1502=AXIS2_PLACEMENT_3D('',#2131,#1717,#1718);
#1503=AXIS2_PLACEMENT_3D('',#2132,#1719,#1720);
#1504=AXIS2_PLACEMENT_3D('',#2134,#1721,#1722);
#1505=AXIS2_PLACEMENT_3D('',#2137,#1724,#1725);
#1506=AXIS2_PLACEMENT_3D('',#2138,#1726,#1727);
#1507=AXIS2_PLACEMENT_3D('',#2140,#1728,#1729);
#1508=AXIS2_PLACEMENT_3D('',#2143,#1731,#1732);
#1509=AXIS2_PLACEMENT_3D('',#2144,#1733,#1734);
#1510=AXIS2_PLACEMENT_3D('',#2146,#1735,#1736);
#1511=AXIS2_PLACEMENT_3D('',#2149,#1738,#1739);
#1512=AXIS2_PLACEMENT_3D('',#2150,#1740,#1741);
#1513=AXIS2_PLACEMENT_3D('',#2151,#1742,#1743);
#1514=AXIS2_PLACEMENT_3D('',#2153,#1744,#1745);
#1515=AXIS2_PLACEMENT_3D('',#2156,#1747,#1748);
#1516=AXIS2_PLACEMENT_3D('',#2157,#1749,#1750);
#1517=AXIS2_PLACEMENT_3D('',#2158,#1751,#1752);
#1518=AXIS2_PLACEMENT_3D('',#2160,#1753,#1754);
#1519=AXIS2_PLACEMENT_3D('',#2163,#1756,#1757);
#1520=AXIS2_PLACEMENT_3D('',#2164,#1758,#1759);
#1521=AXIS2_PLACEMENT_3D('',#2165,#1760,#1761);
#1522=AXIS2_PLACEMENT_3D('',#2167,#1762,#1763);
#1523=AXIS2_PLACEMENT_3D('',#2170,#1765,#1766);
#1524=AXIS2_PLACEMENT_3D('',#2171,#1767,#1768);
#1525=AXIS2_PLACEMENT_3D('',#2172,#1769,#1770);
#1526=AXIS2_PLACEMENT_3D('',#2181,#1775,#1776);
#1527=AXIS2_PLACEMENT_3D('',#2187,#1780,#1781);
#1528=AXIS2_PLACEMENT_3D('',#2193,#1785,#1786);
#1529=AXIS2_PLACEMENT_3D('',#2196,#1789,#1790);
#1530=AXIS2_PLACEMENT_3D('',#2197,#1791,#1792);
#1531=AXIS2_PLACEMENT_3D('',#2206,#1797,#1798);
#1532=AXIS2_PLACEMENT_3D('',#2215,#1803,#1804);
#1533=AXIS2_PLACEMENT_3D('',#2218,#1807,#1808);
#1534=AXIS2_PLACEMENT_3D('',#2232,#1816,#1817);
#1535=AXIS2_PLACEMENT_3D('',#2236,#1820,#1821);
#1536=AXIS2_PLACEMENT_3D('',#2242,#1825,#1826);
#1537=AXIS2_PLACEMENT_3D('',#2246,#1829,#1830);
#1538=AXIS2_PLACEMENT_3D('',#2250,#1833,#1834);
#1539=AXIS2_PLACEMENT_3D('',#2254,#1837,#1838);
#1540=AXIS2_PLACEMENT_3D('',#2256,#1840,#1841);
#1541=AXIS2_PLACEMENT_3D('',#2258,#1843,#1844);
#1542=AXIS2_PLACEMENT_3D('',#2267,#1849,#1850);
#1543=AXIS2_PLACEMENT_3D('',#2273,#1854,#1855);
#1544=AXIS2_PLACEMENT_3D('',#2279,#1859,#1860);
#1545=AXIS2_PLACEMENT_3D('',#2285,#1864,#1865);
#1546=AXIS2_PLACEMENT_3D('',#2291,#1869,#1870);
#1547=AXIS2_PLACEMENT_3D('',#2294,#1873,#1874);
#1548=AXIS2_PLACEMENT_3D('',#2295,#1875,#1876);
#1549=AXIS2_PLACEMENT_3D('',#2296,#1877,#1878);
#1550=AXIS2_PLACEMENT_3D('',#2301,#1880,#1881);
#1551=AXIS2_PLACEMENT_3D('',#2305,#1883,#1884);
#1552=AXIS2_PLACEMENT_3D('',#2306,#1885,#1886);
#1553=AXIS2_PLACEMENT_3D('',#2307,#1887,#1888);
#1554=AXIS2_PLACEMENT_3D('',#2313,#1892,#1893);
#1555=AXIS2_PLACEMENT_3D('',#2319,#1897,#1898);
#1556=AXIS2_PLACEMENT_3D('',#2323,#1900,#1901);
#1557=AXIS2_PLACEMENT_3D('',#2324,#1902,#1903);
#1558=AXIS2_PLACEMENT_3D('',#2326,#1904,#1905);
#1559=AXIS2_PLACEMENT_3D('',#2328,#1907,#1908);
#1560=AXIS2_PLACEMENT_3D('',#2330,#1909,#1910);
#1561=AXIS2_PLACEMENT_3D('',#2331,#1911,#1912);
#1562=AXIS2_PLACEMENT_3D('',#2332,#1913,#1914);
#1563=AXIS2_PLACEMENT_3D('',#2334,#1915,#1916);
#1564=AXIS2_PLACEMENT_3D('',#2335,#1917,#1918);
#1565=AXIS2_PLACEMENT_3D('',#2336,#1919,#1920);
#1566=AXIS2_PLACEMENT_3D('',#2340,#1922,#1923);
#1567=AXIS2_PLACEMENT_3D('',#2341,#1924,#1925);
#1568=AXIS2_PLACEMENT_3D('',#2343,#1927,#1928);
#1569=AXIS2_PLACEMENT_3D('',#2345,#1930,#1931);
#1570=AXIS2_PLACEMENT_3D('',#2350,#1933,#1934);
#1571=AXIS2_PLACEMENT_3D('',#2352,#1935,#1936);
#1572=AXIS2_PLACEMENT_3D('',#2355,#1938,#1939);
#1573=AXIS2_PLACEMENT_3D('',#2356,#1940,#1941);
#1574=AXIS2_PLACEMENT_3D('',#2362,#1945,#1946);
#1575=AXIS2_PLACEMENT_3D('',#2368,#1950,#1951);
#1576=AXIS2_PLACEMENT_3D('',#2372,#1953,#1954);
#1577=AXIS2_PLACEMENT_3D('',#2373,#1955,#1956);
#1578=AXIS2_PLACEMENT_3D('',#2375,#1957,#1958);
#1579=AXIS2_PLACEMENT_3D('',#2377,#1960,#1961);
#1580=AXIS2_PLACEMENT_3D('',#2379,#1962,#1963);
#1581=AXIS2_PLACEMENT_3D('',#2380,#1964,#1965);
#1582=AXIS2_PLACEMENT_3D('',#2383,#1967,#1968);
#1583=AXIS2_PLACEMENT_3D('',#2384,#1969,#1970);
#1584=AXIS2_PLACEMENT_3D('',#2385,#1971,#1972);
#1585=AXIS2_PLACEMENT_3D('',#2388,#1974,#1975);
#1586=AXIS2_PLACEMENT_3D('',#2391,#1977,#1978);
#1587=AXIS2_PLACEMENT_3D('',#2392,#1979,#1980);
#1588=AXIS2_PLACEMENT_3D('',#2393,#1981,#1982);
#1589=DIRECTION('axis',(0.,0.,1.));
#1590=DIRECTION('refdir',(1.,0.,0.));
#1591=DIRECTION('center_axis',(0.,0.,1.));
#1592=DIRECTION('ref_axis',(-1.,-2.22044604925031E-16,0.));
#1593=DIRECTION('',(-1.,-2.22044604925031E-16,0.));
#1594=DIRECTION('',(2.22044604925031E-16,-1.,0.));
#1595=DIRECTION('',(-1.,-2.22044604925031E-16,0.));
#1596=DIRECTION('',(2.22044604925031E-16,-1.,0.));
#1597=DIRECTION('center_axis',(1.,2.22044604925031E-16,0.));
#1598=DIRECTION('ref_axis',(0.,0.,1.));
#1599=DIRECTION('',(0.,0.,1.));
#1600=DIRECTION('',(2.22044604925031E-16,-1.,0.));
#1601=DIRECTION('',(0.,0.,1.));
#1602=DIRECTION('center_axis',(0.,0.,-1.));
#1603=DIRECTION('ref_axis',(1.,2.22044604925031E-16,0.));
#1604=DIRECTION('',(1.,2.22044604925031E-16,0.));
#1605=DIRECTION('',(2.22044604925031E-16,-1.,0.));
#1606=DIRECTION('',(1.,2.22044604925031E-16,0.));
#1607=DIRECTION('center_axis',(-1.,-2.22044604925031E-16,0.));
#1608=DIRECTION('ref_axis',(0.,0.,-1.));
#1609=DIRECTION('',(0.,0.,-1.));
#1610=DIRECTION('',(0.,0.,-1.));
#1611=DIRECTION('center_axis',(2.22044604925031E-16,-1.,0.));
#1612=DIRECTION('ref_axis',(0.,0.,1.));
#1613=DIRECTION('center_axis',(1.,2.22044604925031E-16,0.));
#1614=DIRECTION('ref_axis',(0.,0.,-1.));
#1615=DIRECTION('',(0.,0.,-1.));
#1616=DIRECTION('',(-2.22044604925031E-16,1.,0.));
#1617=DIRECTION('',(0.,0.,-1.));
#1618=DIRECTION('',(-2.22044604925031E-16,1.,0.));
#1619=DIRECTION('center_axis',(0.,0.,1.));
#1620=DIRECTION('ref_axis',(1.,2.22044604925031E-16,0.));
#1621=DIRECTION('',(1.,2.22044604925031E-16,0.));
#1622=DIRECTION('',(-2.22044604925031E-16,1.,0.));
#1623=DIRECTION('',(1.,2.22044604925031E-16,0.));
#1624=DIRECTION('center_axis',(-1.,-2.22044604925031E-16,0.));
#1625=DIRECTION('ref_axis',(0.,0.,1.));
#1626=DIRECTION('',(0.,0.,1.));
#1627=DIRECTION('',(-2.22044604925031E-16,1.,0.));
#1628=DIRECTION('',(0.,0.,1.));
#1629=DIRECTION('center_axis',(0.,0.,-1.));
#1630=DIRECTION('ref_axis',(-1.,-2.22044604925031E-16,0.));
#1631=DIRECTION('',(-1.,-2.22044604925031E-16,0.));
#1632=DIRECTION('',(-1.,-2.22044604925031E-16,0.));
#1633=DIRECTION('center_axis',(-2.22044604925031E-16,1.,0.));
#1634=DIRECTION('ref_axis',(0.,0.,-1.));
#1635=DIRECTION('center_axis',(0.,0.,-1.));
#1636=DIRECTION('ref_axis',(-2.22044604925031E-16,1.,0.));
#1637=DIRECTION('',(2.22044604925031E-16,-1.,0.));
#1638=DIRECTION('',(1.,2.22044604925031E-16,0.));
#1639=DIRECTION('',(-2.22044604925031E-16,1.,0.));
#1640=DIRECTION('',(1.,2.22044604925031E-16,0.));
#1641=DIRECTION('center_axis',(2.22044604925031E-16,-1.,0.));
#1642=DIRECTION('ref_axis',(0.,0.,-1.));
#1643=DIRECTION('',(0.,0.,1.));
#1644=DIRECTION('',(0.,0.,-1.));
#1645=DIRECTION('',(1.,2.22044604925031E-16,0.));
#1646=DIRECTION('center_axis',(0.,0.,1.));
#1647=DIRECTION('ref_axis',(2.22044604925031E-16,-1.,0.));
#1648=DIRECTION('',(-2.22044604925031E-16,1.,0.));
#1649=DIRECTION('',(2.22044604925031E-16,-1.,0.));
#1650=DIRECTION('',(1.,2.22044604925031E-16,0.));
#1651=DIRECTION('center_axis',(2.22044604925031E-16,-1.,-7.40148683083437E-16));
#1652=DIRECTION('ref_axis',(-1.64346021921044E-31,7.40148683083437E-16,
-1.));
#1653=DIRECTION('',(1.64346021921044E-31,-7.40148683083437E-16,1.));
#1654=DIRECTION('',(-1.64346021921044E-31,7.40148683083437E-16,-1.));
#1655=DIRECTION('',(1.,2.22044604925031E-16,0.));
#1656=DIRECTION('center_axis',(0.,0.,1.));
#1657=DIRECTION('ref_axis',(2.22044604925031E-16,-1.,0.));
#1658=DIRECTION('',(-2.22044604925031E-16,1.,0.));
#1659=DIRECTION('',(2.22044604925031E-16,-1.,0.));
#1660=DIRECTION('',(1.,2.22044604925031E-16,0.));
#1661=DIRECTION('center_axis',(-2.22044604925031E-16,1.,7.40148683083438E-16));
#1662=DIRECTION('ref_axis',(1.64346021921044E-31,-7.40148683083438E-16,
1.));
#1663=DIRECTION('',(-1.64346021921044E-31,7.40148683083438E-16,-1.));
#1664=DIRECTION('',(1.64346021921044E-31,-7.40148683083438E-16,1.));
#1665=DIRECTION('',(1.,2.22044604925031E-16,0.));
#1666=DIRECTION('center_axis',(1.64346021921044E-31,-7.40148683083437E-16,
1.));
#1667=DIRECTION('ref_axis',(2.22044604925031E-16,-1.,-7.40148683083437E-16));
#1668=DIRECTION('',(-2.22044604925031E-16,1.,7.40148683083437E-16));
#1669=DIRECTION('',(2.22044604925031E-16,-1.,-7.40148683083437E-16));
#1670=DIRECTION('',(1.,2.22044604925031E-16,0.));
#1671=DIRECTION('center_axis',(-2.22044604925031E-16,1.,0.));
#1672=DIRECTION('ref_axis',(0.,0.,1.));
#1673=DIRECTION('',(0.,0.,-1.));
#1674=DIRECTION('',(0.,0.,1.));
#1675=DIRECTION('',(1.,2.22044604925031E-16,0.));
#1676=DIRECTION('center_axis',(-3.28692043842088E-31,1.48029736616687E-15,
-1.));
#1677=DIRECTION('ref_axis',(-2.22044604925031E-16,1.,1.48029736616687E-15));
#1678=DIRECTION('',(2.22044604925031E-16,-1.,-1.48029736616687E-15));
#1679=DIRECTION('',(-2.22044604925031E-16,1.,1.48029736616687E-15));
#1680=DIRECTION('',(1.,2.22044604925031E-16,0.));
#1681=DIRECTION('center_axis',(-2.22044604925031E-16,1.,0.));
#1682=DIRECTION('ref_axis',(0.,0.,1.));
#1683=DIRECTION('',(0.,0.,-1.));
#1684=DIRECTION('',(0.,0.,1.));
#1685=DIRECTION('',(1.,2.22044604925031E-16,0.));
#1686=DIRECTION('center_axis',(0.,0.,-1.));
#1687=DIRECTION('ref_axis',(-2.22044604925031E-16,1.,0.));
#1688=DIRECTION('',(2.22044604925031E-16,-1.,0.));
#1689=DIRECTION('',(-2.22044604925031E-16,1.,0.));
#1690=DIRECTION('',(1.,2.22044604925031E-16,0.));
#1691=DIRECTION('center_axis',(2.22044604925031E-16,-1.,0.));
#1692=DIRECTION('ref_axis',(0.,0.,-1.));
#1693=DIRECTION('',(0.,0.,1.));
#1694=DIRECTION('',(0.,0.,-1.));
#1695=DIRECTION('center_axis',(1.,2.22044604925031E-16,0.));
#1696=DIRECTION('ref_axis',(0.,0.,-1.));
#1697=DIRECTION('center_axis',(0.,0.,1.));
#1698=DIRECTION('ref_axis',(-2.22044604925031E-16,1.,0.));
#1699=DIRECTION('',(2.22044604925031E-16,-1.,0.));
#1700=DIRECTION('',(-1.,-2.22044604925031E-16,0.));
#1701=DIRECTION('',(-2.22044604925031E-16,1.,0.));
#1702=DIRECTION('',(-1.,-2.22044604925031E-16,0.));
#1703=DIRECTION('center_axis',(2.22044604925031E-16,-1.,0.));
#1704=DIRECTION('ref_axis',(0.,0.,1.));
#1705=DIRECTION('',(0.,0.,-1.));
#1706=DIRECTION('',(0.,0.,1.));
#1707=DIRECTION('',(-1.,-2.22044604925031E-16,0.));
#1708=DIRECTION('center_axis',(0.,0.,-1.));
#1709=DIRECTION('ref_axis',(2.22044604925031E-16,-1.,0.));
#1710=DIRECTION('',(-2.22044604925031E-16,1.,0.));
#1711=DIRECTION('',(2.22044604925031E-16,-1.,0.));
#1712=DIRECTION('',(-1.,-2.22044604925031E-16,0.));
#1713=DIRECTION('center_axis',(-2.22044604925031E-16,1.,0.));
#1714=DIRECTION('ref_axis',(0.,0.,-1.));
#1715=DIRECTION('',(0.,0.,1.));
#1716=DIRECTION('',(0.,0.,-1.));
#1717=DIRECTION('center_axis',(-1.,-2.22044604925031E-16,0.));
#1718=DIRECTION('ref_axis',(0.,0.,1.));
#1719=DIRECTION('center_axis',(0.,0.,1.));
#1720=DIRECTION('ref_axis',(-2.22044604925031E-16,1.,0.));
#1721=DIRECTION('center_axis',(0.,0.,1.));
#1722=DIRECTION('ref_axis',(2.22044604925031E-16,-1.,0.));
#1723=DIRECTION('',(0.,0.,1.));
#1724=DIRECTION('center_axis',(0.,0.,-1.));
#1725=DIRECTION('ref_axis',(-2.22044604925031E-16,1.,0.));
#1726=DIRECTION('center_axis',(0.,0.,1.));
#1727=DIRECTION('ref_axis',(-2.22044604925031E-16,1.,0.));
#1728=DIRECTION('center_axis',(0.,0.,1.));
#1729=DIRECTION('ref_axis',(2.22044604925031E-16,-1.,0.));
#1730=DIRECTION('',(0.,0.,1.));
#1731=DIRECTION('center_axis',(0.,0.,-1.));
#1732=DIRECTION('ref_axis',(-2.22044604925031E-16,1.,0.));
#1733=DIRECTION('center_axis',(0.,0.,-1.));
#1734=DIRECTION('ref_axis',(-2.22044604925031E-16,1.,0.));
#1735=DIRECTION('center_axis',(0.,0.,-1.));
#1736=DIRECTION('ref_axis',(-2.22044604925031E-16,1.,0.));
#1737=DIRECTION('',(0.,0.,-1.));
#1738=DIRECTION('center_axis',(0.,0.,-1.));
#1739=DIRECTION('ref_axis',(-2.22044604925031E-16,1.,0.));
#1740=DIRECTION('center_axis',(0.,0.,1.));
#1741=DIRECTION('ref_axis',(-2.22044604925031E-16,1.,0.));
#1742=DIRECTION('center_axis',(0.,0.,-1.));
#1743=DIRECTION('ref_axis',(-2.22044604925031E-16,1.,0.));
#1744=DIRECTION('center_axis',(0.,0.,-1.));
#1745=DIRECTION('ref_axis',(-2.22044604925031E-16,1.,0.));
#1746=DIRECTION('',(0.,0.,-1.));
#1747=DIRECTION('center_axis',(0.,0.,-1.));
#1748=DIRECTION('ref_axis',(-2.22044604925031E-16,1.,0.));
#1749=DIRECTION('center_axis',(0.,0.,1.));
#1750=DIRECTION('ref_axis',(-2.22044604925031E-16,1.,0.));
#1751=DIRECTION('center_axis',(0.,0.,1.));
#1752=DIRECTION('ref_axis',(2.22044604925031E-16,-1.,0.));
#1753=DIRECTION('center_axis',(0.,0.,1.));
#1754=DIRECTION('ref_axis',(2.22044604925031E-16,-1.,0.));
#1755=DIRECTION('',(0.,0.,1.));
#1756=DIRECTION('center_axis',(0.,0.,1.));
#1757=DIRECTION('ref_axis',(2.22044604925031E-16,-1.,0.));
#1758=DIRECTION('center_axis',(0.,0.,-1.));
#1759=DIRECTION('ref_axis',(2.22044604925031E-16,-1.,0.));
#1760=DIRECTION('center_axis',(0.,0.,1.));
#1761=DIRECTION('ref_axis',(2.22044604925031E-16,-1.,0.));
#1762=DIRECTION('center_axis',(0.,0.,1.));
#1763=DIRECTION('ref_axis',(2.22044604925031E-16,-1.,0.));
#1764=DIRECTION('',(0.,0.,1.));
#1765=DIRECTION('center_axis',(0.,0.,1.));
#1766=DIRECTION('ref_axis',(2.22044604925031E-16,-1.,0.));
#1767=DIRECTION('center_axis',(0.,0.,-1.));
#1768=DIRECTION('ref_axis',(2.22044604925031E-16,-1.,0.));
#1769=DIRECTION('center_axis',(1.,2.22044604925031E-16,0.));
#1770=DIRECTION('ref_axis',(-2.22044604925031E-16,1.,0.));
#1771=DIRECTION('',(2.22044604925031E-16,-1.,0.));
#1772=DIRECTION('',(0.,0.,1.));
#1773=DIRECTION('',(-2.22044604925031E-16,1.,0.));
#1774=DIRECTION('',(0.,0.,1.));
#1775=DIRECTION('center_axis',(2.22044604925031E-16,-1.,0.));
#1776=DIRECTION('ref_axis',(1.,2.22044604925031E-16,0.));
#1777=DIRECTION('',(-1.,-2.22044604925031E-16,0.));
#1778=DIRECTION('',(1.,2.22044604925031E-16,0.));
#1779=DIRECTION('',(0.,0.,1.));
#1780=DIRECTION('center_axis',(-1.,-2.22044604925031E-16,0.));
#1781=DIRECTION('ref_axis',(2.22044604925031E-16,-1.,0.));
#1782=DIRECTION('',(-2.22044604925031E-16,1.,0.));
#1783=DIRECTION('',(2.22044604925031E-16,-1.,0.));
#1784=DIRECTION('',(0.,0.,1.));
#1785=DIRECTION('center_axis',(-2.22044604925031E-16,1.,0.));
#1786=DIRECTION('ref_axis',(-1.,-2.22044604925031E-16,0.));
#1787=DIRECTION('',(1.,2.22044604925031E-16,0.));
#1788=DIRECTION('',(-1.,-2.22044604925031E-16,0.));
#1789=DIRECTION('center_axis',(0.,0.,1.));
#1790=DIRECTION('ref_axis',(-2.22044604925031E-16,1.,0.));
#1791=DIRECTION('center_axis',(1.,2.22044604925031E-16,0.));
#1792=DIRECTION('ref_axis',(0.,0.,-1.));
#1793=DIRECTION('',(0.,0.,-1.));
#1794=DIRECTION('',(2.22044604925031E-16,-1.,0.));
#1795=DIRECTION('',(0.,0.,-1.));
#1796=DIRECTION('',(-2.22044604925031E-16,1.,0.));
#1797=DIRECTION('center_axis',(-1.,-2.22044604925031E-16,0.));
#1798=DIRECTION('ref_axis',(0.,0.,1.));
#1799=DIRECTION('',(0.,0.,1.));
#1800=DIRECTION('',(-2.22044604925031E-16,1.,0.));
#1801=DIRECTION('',(0.,0.,1.));
#1802=DIRECTION('',(-2.22044604925031E-16,1.,0.));
#1803=DIRECTION('center_axis',(-2.22044604925031E-16,1.,0.));
#1804=DIRECTION('ref_axis',(0.,0.,-1.));
#1805=DIRECTION('',(-1.,-1.97864035916557E-16,0.));
#1806=DIRECTION('',(1.,2.22044604925031E-16,0.));
#1807=DIRECTION('center_axis',(0.,0.,1.));
#1808=DIRECTION('ref_axis',(-2.22044604925031E-16,1.,0.));
#1809=DIRECTION('',(1.,1.97864035916557E-16,0.));
#1810=DIRECTION('',(-2.22044604925031E-16,1.,0.));
#1811=DIRECTION('',(-1.,-2.22044604925031E-16,0.));
#1812=DIRECTION('',(-0.768221284288929,-0.640184394034616,0.));
#1813=DIRECTION('',(1.14821931994794E-15,-1.,0.));
#1814=DIRECTION('',(0.768221303837065,-0.640184370576852,0.));
#1815=DIRECTION('',(1.,1.97864035916557E-16,0.));
#1816=DIRECTION('center_axis',(1.97864035916557E-16,-1.,0.));
#1817=DIRECTION('ref_axis',(1.,1.97864035916557E-16,0.));
#1818=DIRECTION('',(-1.,-1.97864035916557E-16,0.));
#1819=DIRECTION('',(0.,0.,1.));
#1820=DIRECTION('center_axis',(-0.640184370576853,-0.768221303837064,0.));
#1821=DIRECTION('ref_axis',(0.768221303837064,-0.640184370576853,0.));
#1822=DIRECTION('',(-0.768221303837064,0.640184370576853,0.));
#1823=DIRECTION('',(0.,0.,1.));
#1824=DIRECTION('',(0.,0.,1.));
#1825=DIRECTION('center_axis',(-1.,-1.14821931994794E-15,0.));
#1826=DIRECTION('ref_axis',(1.14821931994794E-15,-1.,0.));
#1827=DIRECTION('',(-1.14821931994794E-15,1.,0.));
#1828=DIRECTION('',(0.,0.,1.));
#1829=DIRECTION('center_axis',(-0.640184394034616,0.768221284288929,0.));
#1830=DIRECTION('ref_axis',(-0.768221284288929,-0.640184394034616,0.));
#1831=DIRECTION('',(0.768221284288929,0.640184394034616,0.));
#1832=DIRECTION('',(0.,0.,1.));
#1833=DIRECTION('center_axis',(-2.22044604925031E-16,1.,0.));
#1834=DIRECTION('ref_axis',(-1.,-2.22044604925031E-16,0.));
#1835=DIRECTION('',(1.,2.22044604925031E-16,0.));
#1836=DIRECTION('',(0.,0.,1.));
#1837=DIRECTION('center_axis',(1.,2.22044604925031E-16,0.));
#1838=DIRECTION('ref_axis',(-2.22044604925031E-16,1.,0.));
#1839=DIRECTION('',(2.22044604925031E-16,-1.,0.));
#1840=DIRECTION('center_axis',(1.97864035916557E-16,-1.,0.));
#1841=DIRECTION('ref_axis',(1.,1.97864035916557E-16,0.));
#1842=DIRECTION('',(-1.,-1.97864035916557E-16,0.));
#1843=DIRECTION('center_axis',(2.22044604925031E-16,-1.,0.));
#1844=DIRECTION('ref_axis',(1.,2.22044604925031E-16,0.));
#1845=DIRECTION('',(-1.,-2.22044604925031E-16,0.));
#1846=DIRECTION('',(0.,0.,1.));
#1847=DIRECTION('',(1.,2.22044604925031E-16,0.));
#1848=DIRECTION('',(0.,0.,1.));
#1849=DIRECTION('center_axis',(-0.640184370576853,-0.768221303837064,0.));
#1850=DIRECTION('ref_axis',(0.768221303837064,-0.640184370576853,0.));
#1851=DIRECTION('',(0.768221303837065,-0.640184370576852,0.));
#1852=DIRECTION('',(0.768221303837065,-0.640184370576852,0.));
#1853=DIRECTION('',(0.,0.,1.));
#1854=DIRECTION('center_axis',(-1.,-2.22044604925031E-16,0.));
#1855=DIRECTION('ref_axis',(2.22044604925031E-16,-1.,0.));
#1856=DIRECTION('',(2.22044604925031E-16,-1.,0.));
#1857=DIRECTION('',(2.22044604925031E-16,-1.,0.));
#1858=DIRECTION('',(0.,0.,1.));
#1859=DIRECTION('center_axis',(-0.640184394034617,0.768221284288928,0.));
#1860=DIRECTION('ref_axis',(-0.768221284288928,-0.640184394034617,0.));
#1861=DIRECTION('',(-0.768221284288929,-0.640184394034617,0.));
#1862=DIRECTION('',(-0.768221284288929,-0.640184394034617,0.));
#1863=DIRECTION('',(0.,0.,1.));
#1864=DIRECTION('center_axis',(-2.22044604925031E-16,1.,0.));
#1865=DIRECTION('ref_axis',(-1.,-2.22044604925031E-16,0.));
#1866=DIRECTION('',(-1.,-2.22044604925031E-16,0.));
#1867=DIRECTION('',(-1.,-2.22044604925031E-16,0.));
#1868=DIRECTION('',(0.,0.,1.));
#1869=DIRECTION('center_axis',(1.,2.22044604925031E-16,0.));
#1870=DIRECTION('ref_axis',(-2.22044604925031E-16,1.,0.));
#1871=DIRECTION('',(-2.22044604925031E-16,1.,0.));
#1872=DIRECTION('',(-2.22044604925031E-16,1.,0.));
#1873=DIRECTION('center_axis',(0.,0.,1.));
#1874=DIRECTION('ref_axis',(-2.22044604925031E-16,1.,0.));
#1875=DIRECTION('center_axis',(0.,0.,1.));
#1876=DIRECTION('ref_axis',(-2.22044604925031E-16,1.,0.));
#1877=DIRECTION('center_axis',(0.,0.,-1.));
#1878=DIRECTION('ref_axis',(-1.,2.46519032881566E-31,0.));
#1879=DIRECTION('',(-1.,2.46519032881566E-31,0.));
#1880=DIRECTION('center_axis',(0.,0.,-1.));
#1881=DIRECTION('ref_axis',(-1.,2.00655026764066E-31,0.));
#1882=DIRECTION('',(-1.,2.46519032881566E-31,0.));
#1883=DIRECTION('center_axis',(0.,0.,1.));
#1884=DIRECTION('ref_axis',(-1.,2.87605538361827E-31,0.));
#1885=DIRECTION('center_axis',(0.,0.,1.));
#1886=DIRECTION('ref_axis',(-1.,2.87605538361827E-31,0.));
#1887=DIRECTION('center_axis',(2.46519032881566E-31,1.,0.));
#1888=DIRECTION('ref_axis',(0.,0.,-1.));
#1889=DIRECTION('',(0.,0.,-1.));
#1890=DIRECTION('',(1.,-2.46519032881566E-31,0.));
#1891=DIRECTION('',(0.,0.,1.));
#1892=DIRECTION('center_axis',(2.46519032881566E-31,1.,0.));
#1893=DIRECTION('ref_axis',(0.,0.,-1.));
#1894=DIRECTION('',(0.,0.,1.));
#1895=DIRECTION('',(0.,0.,-1.));
#1896=DIRECTION('',(1.,-2.46519032881566E-31,0.));
#1897=DIRECTION('center_axis',(0.,0.,1.));
#1898=DIRECTION('ref_axis',(-2.22044604925031E-16,1.,0.));
#1899=DIRECTION('',(2.95302093752917E-16,-0.85716730070211,0.515038074910058));
#1900=DIRECTION('center_axis',(0.,0.,-1.));
#1901=DIRECTION('ref_axis',(-2.22044604925031E-16,1.,0.));
#1902=DIRECTION('center_axis',(0.,0.,-1.));
#1903=DIRECTION('ref_axis',(-2.22044604925031E-16,1.,0.));
#1904=DIRECTION('center_axis',(0.,0.,-1.));
#1905=DIRECTION('ref_axis',(-2.22044604925031E-16,1.,0.));
#1906=DIRECTION('',(0.,0.,-1.));
#1907=DIRECTION('center_axis',(0.,0.,1.));
#1908=DIRECTION('ref_axis',(-2.22044604925031E-16,1.,0.));
#1909=DIRECTION('center_axis',(0.,0.,1.));
#1910=DIRECTION('ref_axis',(-2.22044604925031E-16,1.,0.));
#1911=DIRECTION('center_axis',(0.,0.,1.));
#1912=DIRECTION('ref_axis',(-1.,-2.22044604925031E-16,0.));
#1913=DIRECTION('center_axis',(0.,0.,1.));
#1914=DIRECTION('ref_axis',(2.22044604925031E-16,-1.,0.));
#1915=DIRECTION('center_axis',(0.,0.,1.));
#1916=DIRECTION('ref_axis',(2.22044604925031E-16,-1.,0.));
#1917=DIRECTION('center_axis',(0.,0.,1.));
#1918=DIRECTION('ref_axis',(2.22044604925031E-16,-1.,0.));
#1919=DIRECTION('center_axis',(0.,0.,-1.));
#1920=DIRECTION('ref_axis',(2.22044604925031E-16,-1.,0.));
#1921=DIRECTION('',(-8.53566555251937E-17,0.85716730070211,-0.515038074910058));
#1922=DIRECTION('center_axis',(0.,0.,1.));
#1923=DIRECTION('ref_axis',(2.22044604925031E-16,-1.,0.));
#1924=DIRECTION('center_axis',(0.,0.,1.));
#1925=DIRECTION('ref_axis',(2.22044604925031E-16,-1.,0.));
#1926=DIRECTION('',(0.,0.,1.));
#1927=DIRECTION('center_axis',(0.,0.,1.));
#1928=DIRECTION('ref_axis',(-2.22044604925031E-16,1.,0.));
#1929=DIRECTION('',(0.,0.,-1.));
#1930=DIRECTION('center_axis',(0.,0.,-1.));
#1931=DIRECTION('ref_axis',(1.,4.44089209850062E-16,0.));
#1932=DIRECTION('',(-1.,-4.44089209850062E-16,0.));
#1933=DIRECTION('center_axis',(0.,0.,1.));
#1934=DIRECTION('ref_axis',(1.,4.44089209850062E-16,0.));
#1935=DIRECTION('center_axis',(0.,0.,1.));
#1936=DIRECTION('ref_axis',(1.,4.44089209850062E-16,0.));
#1937=DIRECTION('',(-1.,-4.44089209850062E-16,0.));
#1938=DIRECTION('center_axis',(0.,0.,-1.));
#1939=DIRECTION('ref_axis',(1.,4.44089209850062E-16,0.));
#1940=DIRECTION('center_axis',(-4.44089209850062E-16,1.,0.));
#1941=DIRECTION('ref_axis',(0.,0.,1.));
#1942=DIRECTION('',(0.,0.,1.));
#1943=DIRECTION('',(0.,0.,-1.));
#1944=DIRECTION('',(1.,4.44089209850062E-16,0.));
#1945=DIRECTION('center_axis',(-4.44089209850062E-16,1.,0.));
#1946=DIRECTION('ref_axis',(0.,0.,1.));
#1947=DIRECTION('',(0.,0.,-1.));
#1948=DIRECTION('',(1.,4.44089209850062E-16,0.));
#1949=DIRECTION('',(0.,0.,1.));
#1950=DIRECTION('center_axis',(0.,0.,1.));
#1951=DIRECTION('ref_axis',(-2.22044604925031E-16,1.,0.));
#1952=DIRECTION('',(2.95302093752917E-16,-0.85716730070211,0.515038074910058));
#1953=DIRECTION('center_axis',(0.,0.,-1.));
#1954=DIRECTION('ref_axis',(-2.22044604925031E-16,1.,0.));
#1955=DIRECTION('center_axis',(0.,0.,-1.));
#1956=DIRECTION('ref_axis',(-2.22044604925031E-16,1.,0.));
#1957=DIRECTION('center_axis',(0.,0.,-1.));
#1958=DIRECTION('ref_axis',(-2.22044604925031E-16,1.,0.));
#1959=DIRECTION('',(0.,0.,-1.));
#1960=DIRECTION('center_axis',(0.,0.,1.));
#1961=DIRECTION('ref_axis',(-2.22044604925031E-16,1.,0.));
#1962=DIRECTION('center_axis',(0.,0.,1.));
#1963=DIRECTION('ref_axis',(-2.22044604925031E-16,1.,0.));
#1964=DIRECTION('center_axis',(0.,0.,1.));
#1965=DIRECTION('ref_axis',(2.22044604925031E-16,-1.,0.));
#1966=DIRECTION('',(0.,0.,1.));
#1967=DIRECTION('center_axis',(0.,0.,1.));
#1968=DIRECTION('ref_axis',(2.22044604925031E-16,-1.,0.));
#1969=DIRECTION('center_axis',(0.,0.,1.));
#1970=DIRECTION('ref_axis',(2.22044604925031E-16,-1.,0.));
#1971=DIRECTION('center_axis',(0.,0.,-1.));
#1972=DIRECTION('ref_axis',(2.22044604925031E-16,-1.,0.));
#1973=DIRECTION('',(-8.53566555251937E-17,0.85716730070211,-0.515038074910058));
#1974=DIRECTION('center_axis',(0.,0.,1.));
#1975=DIRECTION('ref_axis',(-2.22044604925031E-16,1.,0.));
#1976=DIRECTION('',(0.,0.,-1.));
#1977=DIRECTION('center_axis',(0.,0.,1.));
#1978=DIRECTION('ref_axis',(2.22044604925031E-16,-1.,0.));
#1979=DIRECTION('center_axis',(0.,0.,1.));
#1980=DIRECTION('ref_axis',(2.22044604925031E-16,-1.,0.));
#1981=DIRECTION('center_axis',(0.,0.,-1.));
#1982=DIRECTION('ref_axis',(-1.,0.,0.));
#1983=CARTESIAN_POINT('',(0.,0.,0.));
#1984=CARTESIAN_POINT('Origin',(9.35,4.05,6.5));
#1985=CARTESIAN_POINT('',(9.35,4.05,6.5));
#1986=CARTESIAN_POINT('',(-0.650000000000002,4.05,6.5));
#1987=CARTESIAN_POINT('',(10.35,4.05,6.5));
#1988=CARTESIAN_POINT('',(9.35,3.25,6.5));
#1989=CARTESIAN_POINT('',(9.35,4.05,6.5));
#1990=CARTESIAN_POINT('',(-0.650000000000002,3.25,6.5));
#1991=CARTESIAN_POINT('',(9.35,3.25,6.5));
#1992=CARTESIAN_POINT('',(-0.650000000000002,4.05,6.5));
#1993=CARTESIAN_POINT('Origin',(9.35,4.05,1.));
#1994=CARTESIAN_POINT('',(9.35,4.05,1.));
#1995=CARTESIAN_POINT('',(9.35,4.05,0.5));
#1996=CARTESIAN_POINT('',(9.35,3.25,1.));
#1997=CARTESIAN_POINT('',(9.35,4.05,1.));
#1998=CARTESIAN_POINT('',(9.35,3.25,1.));
#1999=CARTESIAN_POINT('Origin',(-0.650000000000002,4.05,1.));
#2000=CARTESIAN_POINT('',(-0.650000000000002,4.05,1.));
#2001=CARTESIAN_POINT('',(5.35,4.05,1.));
#2002=CARTESIAN_POINT('',(-0.650000000000002,3.25,1.));
#2003=CARTESIAN_POINT('',(-0.650000000000002,4.05,1.));
#2004=CARTESIAN_POINT('',(-0.650000000000002,3.25,1.));
#2005=CARTESIAN_POINT('Origin',(-0.650000000000002,4.05,6.5));
#2006=CARTESIAN_POINT('',(-0.650000000000002,4.05,3.25));
#2007=CARTESIAN_POINT('',(-0.650000000000002,3.25,6.5));
#2008=CARTESIAN_POINT('Origin',(4.35,3.25,3.75));
#2009=CARTESIAN_POINT('Origin',(9.35,-4.05,6.5));
#2010=CARTESIAN_POINT('',(9.35,-4.05,6.5));
#2011=CARTESIAN_POINT('',(9.35,-4.05,1.));
#2012=CARTESIAN_POINT('',(9.35,-4.05,3.25));
#2013=CARTESIAN_POINT('',(9.35,-3.25,6.5));
#2014=CARTESIAN_POINT('',(9.35,-4.05,6.5));
#2015=CARTESIAN_POINT('',(9.35,-3.25,1.));
#2016=CARTESIAN_POINT('',(9.35,-3.25,1.));
#2017=CARTESIAN_POINT('',(9.35,-4.05,1.));
#2018=CARTESIAN_POINT('Origin',(-0.649999999999999,-4.05,6.5));
#2019=CARTESIAN_POINT('',(-0.649999999999999,-4.05,6.5));
#2020=CARTESIAN_POINT('',(-0.900000000000001,-4.05,6.5));
#2021=CARTESIAN_POINT('',(-0.649999999999999,-3.25,6.5));
#2022=CARTESIAN_POINT('',(-0.649999999999999,-4.05,6.5));
#2023=CARTESIAN_POINT('',(9.35,-3.25,6.5));
#2024=CARTESIAN_POINT('Origin',(-0.649999999999999,-4.05,1.));
#2025=CARTESIAN_POINT('',(-0.649999999999999,-4.05,1.));
#2026=CARTESIAN_POINT('',(-0.650000000000002,-4.05,0.5));
#2027=CARTESIAN_POINT('',(-0.649999999999999,-3.25,1.));
#2028=CARTESIAN_POINT('',(-0.649999999999999,-4.05,1.));
#2029=CARTESIAN_POINT('',(-0.649999999999999,-3.25,6.5));
#2030=CARTESIAN_POINT('Origin',(9.35,-4.05,1.));
#2031=CARTESIAN_POINT('',(4.1,-4.05,1.));
#2032=CARTESIAN_POINT('',(-0.649999999999999,-3.25,1.));
#2033=CARTESIAN_POINT('Origin',(4.35,-3.25,3.75));
#2034=CARTESIAN_POINT('Origin',(11.35,-1.04999994039536,2.75));
#2035=CARTESIAN_POINT('',(11.35,-0.299999940395356,2.75));
#2036=CARTESIAN_POINT('',(11.35,-1.04999994039536,2.75));
#2037=CARTESIAN_POINT('',(11.35,-2.54999997019768,2.75));
#2038=CARTESIAN_POINT('',(11.55,-0.299999940395356,2.75));
#2039=CARTESIAN_POINT('',(11.35,-0.299999940395356,2.75));
#2040=CARTESIAN_POINT('',(11.55,-1.04999994039536,2.75));
#2041=CARTESIAN_POINT('',(11.55,-1.04999994039536,2.75));
#2042=CARTESIAN_POINT('',(11.35,-1.04999994039536,2.75));
#2043=CARTESIAN_POINT('Origin',(11.35,-1.04999994039536,3.25));
#2044=CARTESIAN_POINT('',(11.35,-1.04999994039536,3.25));
#2045=CARTESIAN_POINT('',(11.35,-1.04999994039536,1.625));
#2046=CARTESIAN_POINT('',(11.55,-1.04999994039536,3.25));
#2047=CARTESIAN_POINT('',(11.55,-1.04999994039536,3.25));
#2048=CARTESIAN_POINT('',(11.35,-1.04999994039536,3.25));
#2049=CARTESIAN_POINT('Origin',(11.35,-0.299999940395356,3.25));
#2050=CARTESIAN_POINT('',(11.35,-0.299999940395356,3.25));
#2051=CARTESIAN_POINT('',(11.35,-2.17499997019768,3.25));
#2052=CARTESIAN_POINT('',(11.55,-0.299999940395356,3.25));
#2053=CARTESIAN_POINT('',(11.55,-0.299999940395356,3.25));
#2054=CARTESIAN_POINT('',(11.35,-0.299999940395356,3.25));
#2055=CARTESIAN_POINT('Origin',(11.35,-0.299999940395356,4.));
#2056=CARTESIAN_POINT('',(11.35,-0.299999940395356,4.));
#2057=CARTESIAN_POINT('',(11.35,-0.299999940395355,2.));
#2058=CARTESIAN_POINT('',(11.55,-0.299999940395356,4.));
#2059=CARTESIAN_POINT('',(11.55,-0.299999940395356,4.));
#2060=CARTESIAN_POINT('',(11.35,-0.299999940395356,4.));
#2061=CARTESIAN_POINT('Origin',(11.35,0.200000059604644,4.));
#2062=CARTESIAN_POINT('',(11.35,0.200000059604644,4.));
#2063=CARTESIAN_POINT('',(11.35,-1.92499997019768,4.));
#2064=CARTESIAN_POINT('',(11.55,0.200000059604644,4.));
#2065=CARTESIAN_POINT('',(11.55,0.200000059604644,4.));
#2066=CARTESIAN_POINT('',(11.35,0.200000059604644,4.));
#2067=CARTESIAN_POINT('Origin',(11.35,0.200000059604645,3.25));
#2068=CARTESIAN_POINT('',(11.35,0.200000059604645,3.25));
#2069=CARTESIAN_POINT('',(11.35,0.200000059604646,1.625));
#2070=CARTESIAN_POINT('',(11.55,0.200000059604645,3.25));
#2071=CARTESIAN_POINT('',(11.55,0.200000059604645,3.25));
#2072=CARTESIAN_POINT('',(11.35,0.200000059604645,3.25));
#2073=CARTESIAN_POINT('Origin',(11.35,0.950000059604645,3.25));
#2074=CARTESIAN_POINT('',(11.35,0.950000059604645,3.25));
#2075=CARTESIAN_POINT('',(11.35,-1.54999997019768,3.25));
#2076=CARTESIAN_POINT('',(11.55,0.950000059604645,3.25));
#2077=CARTESIAN_POINT('',(11.55,0.950000059604645,3.25));
#2078=CARTESIAN_POINT('',(11.35,0.950000059604645,3.25));
#2079=CARTESIAN_POINT('Origin',(11.35,0.950000059604645,2.75));
#2080=CARTESIAN_POINT('',(11.35,0.950000059604645,2.75));
#2081=CARTESIAN_POINT('',(11.35,0.950000059604645,1.375));
#2082=CARTESIAN_POINT('',(11.55,0.950000059604645,2.75));
#2083=CARTESIAN_POINT('',(11.55,0.950000059604645,2.75));
#2084=CARTESIAN_POINT('',(11.35,0.950000059604645,2.75));
#2085=CARTESIAN_POINT('Origin',(11.35,0.200000059604645,2.75));
#2086=CARTESIAN_POINT('',(11.35,0.200000059604645,2.75));
#2087=CARTESIAN_POINT('',(11.35,-1.92499997019768,2.75));
#2088=CARTESIAN_POINT('',(11.55,0.200000059604645,2.75));
#2089=CARTESIAN_POINT('',(11.55,0.200000059604645,2.75));
#2090=CARTESIAN_POINT('',(11.35,0.200000059604645,2.75));
#2091=CARTESIAN_POINT('Origin',(11.35,0.200000059604645,2.));
#2092=CARTESIAN_POINT('',(11.35,0.200000059604645,2.));
#2093=CARTESIAN_POINT('',(11.35,0.200000059604645,1.));
#2094=CARTESIAN_POINT('',(11.55,0.200000059604645,2.));
#2095=CARTESIAN_POINT('',(11.55,0.200000059604645,2.));
#2096=CARTESIAN_POINT('',(11.35,0.200000059604645,2.));
#2097=CARTESIAN_POINT('Origin',(11.35,-0.299999940395356,2.));
#2098=CARTESIAN_POINT('',(11.35,-0.299999940395356,2.));
#2099=CARTESIAN_POINT('',(11.35,-2.17499997019768,2.));
#2100=CARTESIAN_POINT('',(11.55,-0.299999940395356,2.));
#2101=CARTESIAN_POINT('',(11.55,-0.299999940395356,2.));
#2102=CARTESIAN_POINT('',(11.35,-0.299999940395356,2.));
#2103=CARTESIAN_POINT('Origin',(11.35,-0.299999940395356,2.75));
#2104=CARTESIAN_POINT('',(11.35,-0.299999940395356,1.375));
#2105=CARTESIAN_POINT('',(11.55,-0.299999940395356,2.75));
#2106=CARTESIAN_POINT('Origin',(11.55,-0.0499999403953555,3.));
#2107=CARTESIAN_POINT('Origin',(-4.150000230968,-1.04999994039536,3.20000004470348));
#2108=CARTESIAN_POINT('',(-4.150000230968,0.950000059604642,3.20000004470348));
#2109=CARTESIAN_POINT('',(-4.150000230968,-1.04999994039536,3.20000004470348));
#2110=CARTESIAN_POINT('',(-4.150000230968,0.250000029802319,3.20000004470348));
#2111=CARTESIAN_POINT('',(-4.350000230968,0.950000059604642,3.20000004470348));
#2112=CARTESIAN_POINT('',(-4.150000230968,0.950000059604642,3.20000004470348));
#2113=CARTESIAN_POINT('',(-4.350000230968,-1.04999994039536,3.20000004470348));
#2114=CARTESIAN_POINT('',(-4.350000230968,-1.04999994039536,3.20000004470348));
#2115=CARTESIAN_POINT('',(-4.150000230968,-1.04999994039536,3.20000004470348));
#2116=CARTESIAN_POINT('Origin',(-4.150000230968,-1.04999994039536,3.00000004470348));
#2117=CARTESIAN_POINT('',(-4.150000230968,-1.04999994039536,3.00000004470348));
#2118=CARTESIAN_POINT('',(-4.150000230968,-1.04999994039536,1.50000002235174));
#2119=CARTESIAN_POINT('',(-4.350000230968,-1.04999994039536,3.00000004470348));
#2120=CARTESIAN_POINT('',(-4.350000230968,-1.04999994039536,3.00000004470348));
#2121=CARTESIAN_POINT('',(-4.150000230968,-1.04999994039536,3.00000004470348));
#2122=CARTESIAN_POINT('Origin',(-4.150000230968,0.950000059604642,3.00000004470348));
#2123=CARTESIAN_POINT('',(-4.150000230968,0.950000059604642,3.00000004470348));
#2124=CARTESIAN_POINT('',(-4.150000230968,1.25000002980232,3.00000004470348));
#2125=CARTESIAN_POINT('',(-4.350000230968,0.950000059604642,3.00000004470348));
#2126=CARTESIAN_POINT('',(-4.350000230968,0.950000059604642,3.00000004470348));
#2127=CARTESIAN_POINT('',(-4.150000230968,0.950000059604642,3.00000004470348));
#2128=CARTESIAN_POINT('Origin',(-4.150000230968,0.950000059604642,3.20000004470348));
#2129=CARTESIAN_POINT('',(-4.150000230968,0.950000059604642,1.60000002235174));
#2130=CARTESIAN_POINT('',(-4.350000230968,0.950000059604642,3.20000004470348));
#2131=CARTESIAN_POINT('Origin',(-4.350000230968,-0.0499999403953588,3.10000004470348));
#2132=CARTESIAN_POINT('Origin',(7.199999884516,-1.11022302462516E-15,5.7));
#2133=CARTESIAN_POINT('',(7.199999884516,-2.15,3.));
#2134=CARTESIAN_POINT('Origin',(7.199999884516,-1.11022302462516E-15,3.));
#2135=CARTESIAN_POINT('',(7.199999884516,-2.15,5.7));
#2136=CARTESIAN_POINT('',(7.199999884516,-2.15,5.7));
#2137=CARTESIAN_POINT('Origin',(7.199999884516,-1.11022302462516E-15,5.7));
#2138=CARTESIAN_POINT('Origin',(-1.15483997920052E-7,-3.33066907387547E-15,
5.7));
#2139=CARTESIAN_POINT('',(-1.15483997179357E-7,-2.15,3.));
#2140=CARTESIAN_POINT('Origin',(-1.15483997920052E-7,-3.33066907387547E-15,
3.));
#2141=CARTESIAN_POINT('',(-1.15483997920052E-7,-2.15,5.7));
#2142=CARTESIAN_POINT('',(-1.15483997179357E-7,-2.15,5.7));
#2143=CARTESIAN_POINT('Origin',(-1.15483997920052E-7,-3.33066907387547E-15,
5.7));
#2144=CARTESIAN_POINT('Origin',(-1.15483997920052E-7,-3.33066907387547E-15,
15.7));
#2145=CARTESIAN_POINT('',(-1.15483997920052E-7,-2.25,15.7));
#2146=CARTESIAN_POINT('Origin',(-1.15483997920052E-7,-3.33066907387547E-15,
15.7));
#2147=CARTESIAN_POINT('',(-1.15483997920052E-7,-2.25,5.7));
#2148=CARTESIAN_POINT('',(-1.15483997695997E-7,-2.25,15.7));
#2149=CARTESIAN_POINT('Origin',(-1.15483997920052E-7,-3.33066907387547E-15,
5.7));
#2150=CARTESIAN_POINT('Origin',(-1.15483997920052E-7,-3.33066907387547E-15,
5.7));
#2151=CARTESIAN_POINT('Origin',(7.199999884516,-1.11022302462516E-15,15.7));
#2152=CARTESIAN_POINT('',(7.199999884516,-2.25,15.7));
#2153=CARTESIAN_POINT('Origin',(7.199999884516,-1.11022302462516E-15,15.7));
#2154=CARTESIAN_POINT('',(7.199999884516,-2.25,5.7));
#2155=CARTESIAN_POINT('',(7.199999884516,-2.25,15.7));
#2156=CARTESIAN_POINT('Origin',(7.199999884516,-1.11022302462516E-15,5.7));
#2157=CARTESIAN_POINT('Origin',(7.199999884516,-1.11022302462516E-15,5.7));
#2158=CARTESIAN_POINT('Origin',(-1.15483997920052E-7,-3.33066907387547E-15,
0.));
#2159=CARTESIAN_POINT('',(-1.15484000140498E-7,3.,0.));
#2160=CARTESIAN_POINT('Origin',(-1.15483997920052E-7,-3.33066907387547E-15,
0.));
#2161=CARTESIAN_POINT('',(-1.15484000140498E-7,3.,3.));
#2162=CARTESIAN_POINT('',(-1.1548399895358E-7,3.,0.));
#2163=CARTESIAN_POINT('Origin',(-1.15483997920052E-7,-3.33066907387547E-15,
3.));
#2164=CARTESIAN_POINT('Origin',(-1.15483997920052E-7,-3.33066907387547E-15,
3.));
#2165=CARTESIAN_POINT('Origin',(7.199999884516,-1.11022302462516E-15,0.));
#2166=CARTESIAN_POINT('',(7.199999884516,3.,0.));
#2167=CARTESIAN_POINT('Origin',(7.199999884516,-1.11022302462516E-15,0.));
#2168=CARTESIAN_POINT('',(7.199999884516,3.,3.));
#2169=CARTESIAN_POINT('',(7.199999884516,3.,0.));
#2170=CARTESIAN_POINT('Origin',(7.199999884516,-1.11022302462516E-15,3.));
#2171=CARTESIAN_POINT('Origin',(7.199999884516,-1.11022302462516E-15,3.));
#2172=CARTESIAN_POINT('Origin',(4.248604327841,-1.7,15.7));
#2173=CARTESIAN_POINT('',(4.24860432784099,2.3,15.7));
#2174=CARTESIAN_POINT('',(4.248604327841,-1.7,15.7));
#2175=CARTESIAN_POINT('',(4.24860432784099,-0.850000000000001,15.7));
#2176=CARTESIAN_POINT('',(4.24860432784099,2.3,16.7));
#2177=CARTESIAN_POINT('',(4.24860432784099,2.3,15.7));
#2178=CARTESIAN_POINT('',(4.248604327841,-1.7,16.7));
#2179=CARTESIAN_POINT('',(4.248604327841,-1.7,16.7));
#2180=CARTESIAN_POINT('',(4.248604327841,-1.7,15.7));
#2181=CARTESIAN_POINT('Origin',(2.948604327841,-1.7,15.7));
#2182=CARTESIAN_POINT('',(2.948604327841,-1.7,15.7));
#2183=CARTESIAN_POINT('',(3.2743021061785,-1.7,15.7));
#2184=CARTESIAN_POINT('',(2.948604327841,-1.7,16.7));
#2185=CARTESIAN_POINT('',(2.948604327841,-1.7,16.7));
#2186=CARTESIAN_POINT('',(2.948604327841,-1.7,15.7));
#2187=CARTESIAN_POINT('Origin',(2.94860432784099,2.3,15.7));
#2188=CARTESIAN_POINT('',(2.94860432784099,2.3,15.7));
#2189=CARTESIAN_POINT('',(2.94860432784099,1.15,15.7));
#2190=CARTESIAN_POINT('',(2.94860432784099,2.3,16.7));
#2191=CARTESIAN_POINT('',(2.94860432784099,2.3,16.7));
#2192=CARTESIAN_POINT('',(2.94860432784099,2.3,15.7));
#2193=CARTESIAN_POINT('Origin',(4.24860432784099,2.3,15.7));
#2194=CARTESIAN_POINT('',(3.9243021061785,2.3,15.7));
#2195=CARTESIAN_POINT('',(4.24860432784099,2.3,16.7));
#2196=CARTESIAN_POINT('Origin',(3.59860432784099,0.299999999999999,16.7));
#2197=CARTESIAN_POINT('Origin',(4.6,-3.3,15.7));
#2198=CARTESIAN_POINT('',(4.6,-3.3,15.7));
#2199=CARTESIAN_POINT('',(4.6,-3.3,8.));
#2200=CARTESIAN_POINT('',(4.6,-3.3,11.85));
#2201=CARTESIAN_POINT('',(4.6,-2.3,15.7));
#2202=CARTESIAN_POINT('',(4.6,-1.65,15.7));
#2203=CARTESIAN_POINT('',(4.6,-2.3,8.));
#2204=CARTESIAN_POINT('',(4.6,-2.3,15.7));
#2205=CARTESIAN_POINT('',(4.6,-3.3,8.));
#2206=CARTESIAN_POINT('Origin',(2.6,-3.3,8.));
#2207=CARTESIAN_POINT('',(2.6,-3.3,8.));
#2208=CARTESIAN_POINT('',(2.6,-3.3,15.7));
#2209=CARTESIAN_POINT('',(2.6,-3.3,8.));
#2210=CARTESIAN_POINT('',(2.6,-2.3,8.));
#2211=CARTESIAN_POINT('',(2.6,-3.3,8.));
#2212=CARTESIAN_POINT('',(2.6,-2.3,15.7));
#2213=CARTESIAN_POINT('',(2.6,-2.3,8.));
#2214=CARTESIAN_POINT('',(2.6,-1.65,15.7));
#2215=CARTESIAN_POINT('Origin',(3.6,-2.3,11.85));
#2216=CARTESIAN_POINT('',(4.6,-2.3,8.));
#2217=CARTESIAN_POINT('',(3.599999942258,-2.3,15.7));
#2218=CARTESIAN_POINT('Origin',(3.599999884516,-1.66533453693773E-15,15.7));
#2219=CARTESIAN_POINT('',(10.6,-3.3,15.7));
#2220=CARTESIAN_POINT('',(-0.878462564674041,-3.3,15.7));
#2221=CARTESIAN_POINT('',(10.6,3.3,15.7));
#2222=CARTESIAN_POINT('',(10.6,-3.3,15.7));
#2223=CARTESIAN_POINT('',(-0.878462737986911,3.3,15.7));
#2224=CARTESIAN_POINT('',(10.6,3.3,15.7));
#2225=CARTESIAN_POINT('',(-3.400000230968,1.19871878716062,15.7));
#2226=CARTESIAN_POINT('',(-0.878462737986911,3.3,15.7));
#2227=CARTESIAN_POINT('',(-3.400000230968,-1.19871877319794,15.7));
#2228=CARTESIAN_POINT('',(-3.400000230968,1.19871878716062,15.7));
#2229=CARTESIAN_POINT('',(-0.878462564674041,-3.3,15.7));
#2230=CARTESIAN_POINT('',(-3.400000230968,-1.19871877319794,15.7));
#2231=CARTESIAN_POINT('',(-0.878462564674041,-3.3,15.7));
#2232=CARTESIAN_POINT('Origin',(-0.878462564674041,-3.3,8.));
#2233=CARTESIAN_POINT('',(10.6,-3.3,8.));
#2234=CARTESIAN_POINT('',(1.36076865992098,-3.3,8.));
#2235=CARTESIAN_POINT('',(10.6,-3.3,8.));
#2236=CARTESIAN_POINT('Origin',(-3.400000230968,-1.19871877319794,8.));
#2237=CARTESIAN_POINT('',(-0.878462564674041,-3.3,8.));
#2238=CARTESIAN_POINT('',(-3.400000230968,-1.19871877319794,8.));
#2239=CARTESIAN_POINT('',(-1.6291932033986,-2.6743911825614,8.));
#2240=CARTESIAN_POINT('',(-0.878462564674041,-3.3,8.));
#2241=CARTESIAN_POINT('',(-3.400000230968,-1.19871877319794,8.));
#2242=CARTESIAN_POINT('Origin',(-3.400000230968,1.19871878716062,8.));
#2243=CARTESIAN_POINT('',(-3.400000230968,1.19871878716062,8.));
#2244=CARTESIAN_POINT('',(-3.400000230968,0.599359393580304,8.));
#2245=CARTESIAN_POINT('',(-3.400000230968,1.19871878716062,8.));
#2246=CARTESIAN_POINT('Origin',(-0.878462737986911,3.3,8.));
#2247=CARTESIAN_POINT('',(-0.878462737986911,3.3,8.));
#2248=CARTESIAN_POINT('',(-0.368424568762848,3.72503180135325,8.));
#2249=CARTESIAN_POINT('',(-0.878462737986911,3.3,8.));
#2250=CARTESIAN_POINT('Origin',(10.6,3.3,8.));
#2251=CARTESIAN_POINT('',(10.6,3.3,8.));
#2252=CARTESIAN_POINT('',(7.099999942258,3.3,8.));
#2253=CARTESIAN_POINT('',(10.6,3.3,8.));
#2254=CARTESIAN_POINT('Origin',(10.6,-3.3,8.));
#2255=CARTESIAN_POINT('',(10.6,-1.65,8.));
#2256=CARTESIAN_POINT('Origin',(-0.878462564674041,-3.3,8.));
#2257=CARTESIAN_POINT('',(1.36076865992098,-3.3,8.));
#2258=CARTESIAN_POINT('Origin',(-1.15,-4.05,0.));
#2259=CARTESIAN_POINT('',(11.35,-4.05,0.));
#2260=CARTESIAN_POINT('',(-1.15,-4.05,0.));
#2261=CARTESIAN_POINT('',(11.35,-4.05,0.));
#2262=CARTESIAN_POINT('',(11.35,-4.05,8.));
#2263=CARTESIAN_POINT('',(11.35,-4.05,0.));
#2264=CARTESIAN_POINT('',(-1.15,-4.05,8.));
#2265=CARTESIAN_POINT('',(11.35,-4.05,8.));
#2266=CARTESIAN_POINT('',(-1.15,-4.05,0.));
#2267=CARTESIAN_POINT('Origin',(-4.150000230968,-1.55,0.));
#2268=CARTESIAN_POINT('',(-4.150000230968,-1.55,0.));
#2269=CARTESIAN_POINT('',(-4.150000230968,-1.55,0.));
#2270=CARTESIAN_POINT('',(-4.150000230968,-1.55,8.));
#2271=CARTESIAN_POINT('',(-4.150000230968,-1.55,8.));
#2272=CARTESIAN_POINT('',(-4.150000230968,-1.55,0.));
#2273=CARTESIAN_POINT('Origin',(-4.150000230968,1.55,0.));
#2274=CARTESIAN_POINT('',(-4.150000230968,1.55,0.));
#2275=CARTESIAN_POINT('',(-4.150000230968,1.55,0.));
#2276=CARTESIAN_POINT('',(-4.150000230968,1.55,8.));
#2277=CARTESIAN_POINT('',(-4.150000230968,1.55,8.));
#2278=CARTESIAN_POINT('',(-4.150000230968,1.55,0.));
#2279=CARTESIAN_POINT('Origin',(-1.15000018626452,4.05,0.));
#2280=CARTESIAN_POINT('',(-1.15000018626452,4.05,0.));
#2281=CARTESIAN_POINT('',(-1.15000018626452,4.05,0.));
#2282=CARTESIAN_POINT('',(-1.15000018626452,4.05,8.));
#2283=CARTESIAN_POINT('',(-1.15000018626452,4.05,8.));
#2284=CARTESIAN_POINT('',(-1.15000018626452,4.05,0.));
#2285=CARTESIAN_POINT('Origin',(11.35,4.05,0.));
#2286=CARTESIAN_POINT('',(11.35,4.05,0.));
#2287=CARTESIAN_POINT('',(11.35,4.05,0.));
#2288=CARTESIAN_POINT('',(11.35,4.05,8.));
#2289=CARTESIAN_POINT('',(11.35,4.05,8.));
#2290=CARTESIAN_POINT('',(11.35,4.05,0.));
#2291=CARTESIAN_POINT('Origin',(11.35,-4.05,0.));
#2292=CARTESIAN_POINT('',(11.35,-4.05,0.));
#2293=CARTESIAN_POINT('',(11.35,-4.05,8.));
#2294=CARTESIAN_POINT('Origin',(3.599999884516,-1.66533453693773E-15,8.));
#2295=CARTESIAN_POINT('Origin',(3.599999884516,-1.66533453693773E-15,0.));
#2296=CARTESIAN_POINT('Origin',(7.199999884516,0.,-4.5));
#2297=CARTESIAN_POINT('',(5.699999884516,0.,-4.5));
#2298=CARTESIAN_POINT('',(5.049999884516,0.,-4.5));
#2299=CARTESIAN_POINT('',(8.274999884516,0.,-4.5));
#2300=CARTESIAN_POINT('',(9.349999884516,0.,-4.5));
#2301=CARTESIAN_POINT('Origin',(7.199999884516,0.,-4.5));
#2302=CARTESIAN_POINT('',(8.699999884516,0.,-4.5));
#2303=CARTESIAN_POINT('',(8.274999884516,0.,-4.5));
#2304=CARTESIAN_POINT('',(7.199999884516,1.5,-4.5));
#2305=CARTESIAN_POINT('Origin',(7.199999884516,0.,-4.5));
#2306=CARTESIAN_POINT('Origin',(7.199999884516,0.,-4.5));
#2307=CARTESIAN_POINT('Origin',(9.349999884516,0.,-1.5));
#2308=CARTESIAN_POINT('',(5.699999884516,0.,-1.5));
#2309=CARTESIAN_POINT('',(5.699999884516,0.,-1.5));
#2310=CARTESIAN_POINT('',(5.049999884516,0.,-1.5));
#2311=CARTESIAN_POINT('',(9.37499985992909,0.,-1.5));
#2312=CARTESIAN_POINT('',(5.049999884516,0.,3.));
#2313=CARTESIAN_POINT('Origin',(9.349999884516,0.,-1.5));
#2314=CARTESIAN_POINT('',(8.699999884516,0.,-1.5));
#2315=CARTESIAN_POINT('',(8.699999884516,0.,-1.5));
#2316=CARTESIAN_POINT('',(9.349999884516,0.,-1.5));
#2317=CARTESIAN_POINT('',(9.349999884516,0.,3.));
#2318=CARTESIAN_POINT('',(9.37499985992909,0.,-1.5));
#2319=CARTESIAN_POINT('Origin',(7.199999884516,-1.11022302462516E-15,5.17424695835088));
#2320=CARTESIAN_POINT('',(7.199999884516,-1.11022302462516E-15,4.64849391670177));
#2321=CARTESIAN_POINT('',(7.199999884516,-1.75,5.7));
#2322=CARTESIAN_POINT('',(7.199999884516,-0.875000000000001,5.17424695835088));
#2323=CARTESIAN_POINT('Origin',(7.199999884516,-1.11022302462516E-15,5.7));
#2324=CARTESIAN_POINT('Origin',(7.199999884516,-1.11022302462516E-15,10.7));
#2325=CARTESIAN_POINT('',(7.199999884516,-1.75,15.7));
#2326=CARTESIAN_POINT('Origin',(7.199999884516,-1.11022302462516E-15,15.7));
#2327=CARTESIAN_POINT('',(7.199999884516,-1.75,10.7));
#2328=CARTESIAN_POINT('Origin',(7.199999884516,-1.11022302462516E-15,15.7));
#2329=CARTESIAN_POINT('',(7.199999884516,-2.15,15.7));
#2330=CARTESIAN_POINT('Origin',(7.199999884516,-1.11022302462516E-15,15.7));
#2331=CARTESIAN_POINT('Origin',(9.39999983534217,2.15,-1.5));
#2332=CARTESIAN_POINT('Origin',(7.199999884516,-1.11022302462516E-15,-1.5));
#2333=CARTESIAN_POINT('',(7.199999884516,-2.15,-1.5));
#2334=CARTESIAN_POINT('Origin',(7.199999884516,-1.11022302462516E-15,-1.5));
#2335=CARTESIAN_POINT('Origin',(7.199999884516,-1.11022302462516E-15,-1.5));
#2336=CARTESIAN_POINT('Origin',(7.199999884516,-1.11022302462516E-15,1.95064546427067));
#2337=CARTESIAN_POINT('',(7.199999884516,-1.11022302462516E-15,2.40129092854134));
#2338=CARTESIAN_POINT('',(7.199999884516,1.5,1.5));
#2339=CARTESIAN_POINT('',(7.199999884516,0.749999999999999,1.95064546427067));
#2340=CARTESIAN_POINT('Origin',(7.199999884516,-1.11022302462516E-15,1.5));
#2341=CARTESIAN_POINT('Origin',(7.199999884516,-1.11022302462516E-15,-1.5));
#2342=CARTESIAN_POINT('',(7.199999884516,1.5,-1.5));
#2343=CARTESIAN_POINT('Origin',(7.199999884516,-1.11022302462516E-15,5.7));
#2344=CARTESIAN_POINT('',(7.199999884516,-2.15,5.7));
#2345=CARTESIAN_POINT('Origin',(-1.15483997920052E-7,-3.33066904078825E-15,
-4.5));
#2346=CARTESIAN_POINT('',(2.149999884516,-2.85327313225849E-15,-4.5));
#2347=CARTESIAN_POINT('',(1.499999884516,-2.99760213670942E-15,-4.5));
#2348=CARTESIAN_POINT('',(-1.075000115484,-5.7898129946726E-15,-4.5));
#2349=CARTESIAN_POINT('',(-1.15483998436816E-7,1.5,-4.5));
#2350=CARTESIAN_POINT('Origin',(-1.15483997920052E-7,-3.33066904078825E-15,
-4.5));
#2351=CARTESIAN_POINT('',(-1.500000115484,-5.88418194448655E-15,-4.5));
#2352=CARTESIAN_POINT('Origin',(-1.15483997920052E-7,-3.33066904078825E-15,
-4.5));
#2353=CARTESIAN_POINT('',(-2.150000115484,-6.02851094893747E-15,-4.5));
#2354=CARTESIAN_POINT('',(-1.075000115484,-5.7898129946726E-15,-4.5));
#2355=CARTESIAN_POINT('Origin',(-1.15483997920052E-7,-3.33066904078825E-15,
-4.5));
#2356=CARTESIAN_POINT('Origin',(-2.150000115484,-6.02851094893747E-15,-4.5));
#2357=CARTESIAN_POINT('',(1.499999884516,-2.99760213670942E-15,-1.5));
#2358=CARTESIAN_POINT('',(1.499999884516,-2.99760213670942E-15,-1.5));
#2359=CARTESIAN_POINT('',(2.149999884516,-2.85327313225849E-15,-1.5));
#2360=CARTESIAN_POINT('',(2.149999884516,-2.85327313225849E-15,3.));
#2361=CARTESIAN_POINT('',(-1.075000115484,-5.55111504834865E-15,-1.5));
#2362=CARTESIAN_POINT('Origin',(-2.150000115484,-6.02851094893747E-15,-4.5));
#2363=CARTESIAN_POINT('',(-1.500000115484,-5.88418194448655E-15,-1.5));
#2364=CARTESIAN_POINT('',(-1.500000115484,-5.88418194448655E-15,-1.5));
#2365=CARTESIAN_POINT('',(-2.150000115484,-6.02851094893747E-15,-1.5));
#2366=CARTESIAN_POINT('',(-1.075000115484,-5.55111504834865E-15,-1.5));
#2367=CARTESIAN_POINT('',(-2.150000115484,-6.02851094893747E-15,3.));
#2368=CARTESIAN_POINT('Origin',(-1.15483997920052E-7,-3.33066907387547E-15,
5.17424695835088));
#2369=CARTESIAN_POINT('',(-1.15483997920052E-7,-3.33066907387547E-15,4.64849391670177));
#2370=CARTESIAN_POINT('',(-1.15483997317161E-7,-1.75,5.7));
#2371=CARTESIAN_POINT('',(-1.15483997618606E-7,-0.875000000000003,5.17424695835088));
#2372=CARTESIAN_POINT('Origin',(-1.15483997920052E-7,-3.33066907387547E-15,
5.7));
#2373=CARTESIAN_POINT('Origin',(-1.15483997920052E-7,-3.33066907387547E-15,
10.7));
#2374=CARTESIAN_POINT('',(-1.15483997745787E-7,-1.75,15.7));
#2375=CARTESIAN_POINT('Origin',(-1.15483997920052E-7,-3.33066907387547E-15,
15.7));
#2376=CARTESIAN_POINT('',(-1.15483997745787E-7,-1.75,10.7));
#2377=CARTESIAN_POINT('Origin',(-1.15483997920052E-7,-3.33066907387547E-15,
15.7));
#2378=CARTESIAN_POINT('',(-1.15483997920052E-7,-2.15,15.7));
#2379=CARTESIAN_POINT('Origin',(-1.15483997920052E-7,-3.33066907387547E-15,
15.7));
#2380=CARTESIAN_POINT('Origin',(-1.15483997920052E-7,-3.33066907387547E-15,
-1.5));
#2381=CARTESIAN_POINT('',(-1.15483998436816E-7,1.5,1.5));
#2382=CARTESIAN_POINT('',(-1.15483998436816E-7,1.5,-1.5));
#2383=CARTESIAN_POINT('Origin',(-1.15483997920052E-7,-3.33066907387547E-15,
1.5));
#2384=CARTESIAN_POINT('Origin',(-1.15483997920052E-7,-3.33066907387547E-15,
-1.5));
#2385=CARTESIAN_POINT('Origin',(-1.15483997920052E-7,-3.33066907387547E-15,
1.95064546427067));
#2386=CARTESIAN_POINT('',(-1.15483997920052E-7,-3.33066907387547E-15,2.40129092854134));
#2387=CARTESIAN_POINT('',(-1.15483997994737E-7,0.749999999999997,1.95064546427067));
#2388=CARTESIAN_POINT('Origin',(-1.15483997920052E-7,-3.33066907387547E-15,
5.7));
#2389=CARTESIAN_POINT('',(-1.15483997179357E-7,-2.15,-1.5));
#2390=CARTESIAN_POINT('',(-1.15483997179357E-7,-2.15,5.7));
#2391=CARTESIAN_POINT('Origin',(-1.15483997920052E-7,-3.33066907387547E-15,
-1.5));
#2392=CARTESIAN_POINT('Origin',(-1.15483997920052E-7,-3.33066907387547E-15,
-1.5));
#2393=CARTESIAN_POINT('Origin',(-1.15483997920052E-7,-1.66533453693773E-15,
-1.5));
#2394=UNCERTAINTY_MEASURE_WITH_UNIT(LENGTH_MEASURE(0.01),#2398,
'DISTANCE_ACCURACY_VALUE',
'Maximum model space distance between geometric entities at asserted c
onnectivities');
#2395=UNCERTAINTY_MEASURE_WITH_UNIT(LENGTH_MEASURE(0.01),#2398,
'DISTANCE_ACCURACY_VALUE',
'Maximum model space distance between geometric entities at asserted c
onnectivities');
#2396=(
GEOMETRIC_REPRESENTATION_CONTEXT(3)
GLOBAL_UNCERTAINTY_ASSIGNED_CONTEXT((#2394))
GLOBAL_UNIT_ASSIGNED_CONTEXT((#2398,#2400,#2401))
REPRESENTATION_CONTEXT('','3D')
);
#2397=(
GEOMETRIC_REPRESENTATION_CONTEXT(3)
GLOBAL_UNCERTAINTY_ASSIGNED_CONTEXT((#2395))
GLOBAL_UNIT_ASSIGNED_CONTEXT((#2398,#2400,#2401))
REPRESENTATION_CONTEXT('','3D')
);
#2398=(
LENGTH_UNIT()
NAMED_UNIT(*)
SI_UNIT(.MILLI.,.METRE.)
);
#2399=(
LENGTH_UNIT()
NAMED_UNIT(*)
SI_UNIT($,.METRE.)
);
#2400=(
NAMED_UNIT(*)
PLANE_ANGLE_UNIT()
SI_UNIT($,.RADIAN.)
);
#2401=(
NAMED_UNIT(*)
SI_UNIT($,.STERADIAN.)
SOLID_ANGLE_UNIT()
);
#2402=SHAPE_DEFINITION_REPRESENTATION(#2403,#2404);
#2403=PRODUCT_DEFINITION_SHAPE('',$,#2406);
#2404=SHAPE_REPRESENTATION('',(#1474),#2396);
#2405=PRODUCT_DEFINITION_CONTEXT('part definition',#2410,'design');
#2406=PRODUCT_DEFINITION('XT60 female',
'AMASS_XT60-F_1x02_P7.2mm_Vertical v2',#2407,#2405);
#2407=PRODUCT_DEFINITION_FORMATION('',$,#2412);
#2408=PRODUCT_RELATED_PRODUCT_CATEGORY(
'AMASS_XT60-F_1x02_P7.2mm_Vertical v2',
'AMASS_XT60-F_1x02_P7.2mm_Vertical v2',(#2412));
#2409=APPLICATION_PROTOCOL_DEFINITION('international standard',
'ap242_managed_model_based_3d_engineering',2011,#2410);
#2410=APPLICATION_CONTEXT('Managed model based 3d engineering');
#2411=PRODUCT_CONTEXT('part definition',#2410,'mechanical');
#2412=PRODUCT('XT60 female','AMASS_XT60-F_1x02_P7.2mm_Vertical v2',$,(#2411));
#2413=PRESENTATION_STYLE_ASSIGNMENT((#2416));
#2414=PRESENTATION_STYLE_ASSIGNMENT((#2417));
#2415=PRESENTATION_STYLE_ASSIGNMENT((#2418));
#2416=SURFACE_STYLE_USAGE(.BOTH.,#2419);
#2417=SURFACE_STYLE_USAGE(.BOTH.,#2420);
#2418=SURFACE_STYLE_USAGE(.BOTH.,#2421);
#2419=SURFACE_SIDE_STYLE('',(#2422));
#2420=SURFACE_SIDE_STYLE('',(#2423));
#2421=SURFACE_SIDE_STYLE('',(#2424));
#2422=SURFACE_STYLE_FILL_AREA(#2425);
#2423=SURFACE_STYLE_FILL_AREA(#2426);
#2424=SURFACE_STYLE_FILL_AREA(#2427);
#2425=FILL_AREA_STYLE('Plate',(#2428));
#2426=FILL_AREA_STYLE('Opaque(232,173,35)',(#2429));
#2427=FILL_AREA_STYLE('Opaque(244,229,167)',(#2430));
#2428=FILL_AREA_STYLE_COLOUR('Plate',#2431);
#2429=FILL_AREA_STYLE_COLOUR('Opaque(232,173,35)',#2432);
#2430=FILL_AREA_STYLE_COLOUR('Opaque(244,229,167)',#2433);
#2431=COLOUR_RGB('Plate',0.6,0.6,0.6);
#2432=COLOUR_RGB('Opaque(232,173,35)',0.909803921568627,0.67843137254902,
0.137254901960784);
#2433=COLOUR_RGB('Opaque(244,229,167)',0.956862745098039,0.898039215686275,
0.654901960784314);
ENDSEC;
END-ISO-10303-21;
