ISO-10303-21;
HEADER;
/* Generated by software containing ST-Developer
 * from STEP Tools, Inc. (www.steptools.com) 
 */

FILE_DESCRIPTION(
/* description */ ('',
'CAx-IF Rec.Pracs.---Representation and Presentation of Product Manufa
cturing Information (PMI)---4.0---2014-10-13'),
/* implementation_level */ '2;1');

FILE_NAME(
/* name */ 'ESP32-S3-Zero v2.step',
/* time_stamp */ '2025-01-10T23:13:11+01:00',
/* author */ (''),
/* organization */ (''),
/* preprocessor_version */ 'ST-DEVELOPER v20',
/* originating_system */ 'Autodesk Translation Framework v13.20.0.188',

/* authorisation */ '');

FILE_SCHEMA (('AP242_MANAGED_MODEL_BASED_3D_ENGINEERING_MIM_LF { 1 0 10303 442 1 1 4 }'));
ENDSEC;

DATA;
#10=MECHANICAL_DESIGN_GEOMETRIC_PRESENTATION_REPRESENTATION('',(#61,#62,
#63,#64,#65,#66,#67,#68,#69,#70),#3192);
#11=SHAPE_REPRESENTATION_RELATIONSHIP('SRR','None',#3199,#12);
#12=ADVANCED_BREP_SHAPE_REPRESENTATION('',(#13,#14,#15,#16,#17,#18,#19,
#20),#3191);
#13=MANIFOLD_SOLID_BREP('PCB',#1893);
#14=MANIFOLD_SOLID_BREP('Body4',#1894);
#15=MANIFOLD_SOLID_BREP('Body5',#1895);
#16=MANIFOLD_SOLID_BREP('Body6',#1896);
#17=MANIFOLD_SOLID_BREP('Body2',#1897);
#18=MANIFOLD_SOLID_BREP('Body3',#1898);
#19=MANIFOLD_SOLID_BREP('Body8',#1899);
#20=MANIFOLD_SOLID_BREP('Body7',#1900);
#21=FACE_BOUND('',#290,.T.);
#22=FACE_BOUND('',#291,.T.);
#23=FACE_BOUND('',#292,.T.);
#24=FACE_BOUND('',#293,.T.);
#25=FACE_BOUND('',#294,.T.);
#26=FACE_BOUND('',#295,.T.);
#27=FACE_BOUND('',#296,.T.);
#28=FACE_BOUND('',#297,.T.);
#29=FACE_BOUND('',#298,.T.);
#30=FACE_BOUND('',#299,.T.);
#31=FACE_BOUND('',#300,.T.);
#32=FACE_BOUND('',#301,.T.);
#33=FACE_BOUND('',#302,.T.);
#34=FACE_BOUND('',#303,.T.);
#35=FACE_BOUND('',#304,.T.);
#36=FACE_BOUND('',#305,.T.);
#37=FACE_BOUND('',#306,.T.);
#38=FACE_BOUND('',#307,.T.);
#39=FACE_BOUND('',#309,.T.);
#40=FACE_BOUND('',#310,.T.);
#41=FACE_BOUND('',#311,.T.);
#42=FACE_BOUND('',#312,.T.);
#43=FACE_BOUND('',#313,.T.);
#44=FACE_BOUND('',#314,.T.);
#45=FACE_BOUND('',#315,.T.);
#46=FACE_BOUND('',#316,.T.);
#47=FACE_BOUND('',#317,.T.);
#48=FACE_BOUND('',#318,.T.);
#49=FACE_BOUND('',#319,.T.);
#50=FACE_BOUND('',#320,.T.);
#51=FACE_BOUND('',#321,.T.);
#52=FACE_BOUND('',#322,.T.);
#53=FACE_BOUND('',#323,.T.);
#54=FACE_BOUND('',#324,.T.);
#55=FACE_BOUND('',#325,.T.);
#56=FACE_BOUND('',#326,.T.);
#57=FACE_BOUND('',#339,.T.);
#58=FACE_BOUND('',#341,.T.);
#59=FACE_BOUND('',#348,.T.);
#60=FACE_BOUND('',#350,.T.);
#61=STYLED_ITEM('',(#3210),#1849);
#62=STYLED_ITEM('',(#3210),#1850);
#63=STYLED_ITEM('',(#3209),#13);
#64=STYLED_ITEM('',(#3211),#14);
#65=STYLED_ITEM('',(#3208),#15);
#66=STYLED_ITEM('',(#3208),#16);
#67=STYLED_ITEM('',(#3212),#17);
#68=STYLED_ITEM('',(#3212),#18);
#69=STYLED_ITEM('',(#3213),#19);
#70=STYLED_ITEM('',(#3208),#20);
#71=PLANE('',#1968);
#72=PLANE('',#1969);
#73=PLANE('',#1973);
#74=PLANE('',#1977);
#75=PLANE('',#1981);
#76=PLANE('',#1985);
#77=PLANE('',#1989);
#78=PLANE('',#1993);
#79=PLANE('',#1997);
#80=PLANE('',#2001);
#81=PLANE('',#2005);
#82=PLANE('',#2006);
#83=PLANE('',#2007);
#84=PLANE('',#2011);
#85=PLANE('',#2015);
#86=PLANE('',#2019);
#87=PLANE('',#2023);
#88=PLANE('',#2027);
#89=PLANE('',#2031);
#90=PLANE('',#2035);
#91=PLANE('',#2039);
#92=PLANE('',#2043);
#93=PLANE('',#2044);
#94=PLANE('',#2045);
#95=PLANE('',#2046);
#96=PLANE('',#2047);
#97=PLANE('',#2048);
#98=PLANE('',#2049);
#99=PLANE('',#2050);
#100=PLANE('',#2051);
#101=PLANE('',#2055);
#102=PLANE('',#2056);
#103=PLANE('',#2057);
#104=PLANE('',#2058);
#105=PLANE('',#2059);
#106=PLANE('',#2060);
#107=PLANE('',#2064);
#108=PLANE('',#2065);
#109=PLANE('',#2066);
#110=PLANE('',#2067);
#111=PLANE('',#2068);
#112=PLANE('',#2069);
#113=PLANE('',#2073);
#114=PLANE('',#2074);
#115=PLANE('',#2078);
#116=PLANE('',#2079);
#117=PLANE('',#2080);
#118=PLANE('',#2081);
#119=PLANE('',#2082);
#120=PLANE('',#2083);
#121=PLANE('',#2084);
#122=PLANE('',#2085);
#123=PLANE('',#2089);
#124=PLANE('',#2093);
#125=PLANE('',#2098);
#126=PLANE('',#2101);
#127=PLANE('',#2102);
#128=PLANE('',#2103);
#129=FACE_OUTER_BOUND('',#231,.T.);
#130=FACE_OUTER_BOUND('',#232,.T.);
#131=FACE_OUTER_BOUND('',#233,.T.);
#132=FACE_OUTER_BOUND('',#234,.T.);
#133=FACE_OUTER_BOUND('',#235,.T.);
#134=FACE_OUTER_BOUND('',#236,.T.);
#135=FACE_OUTER_BOUND('',#237,.T.);
#136=FACE_OUTER_BOUND('',#238,.T.);
#137=FACE_OUTER_BOUND('',#239,.T.);
#138=FACE_OUTER_BOUND('',#240,.T.);
#139=FACE_OUTER_BOUND('',#241,.T.);
#140=FACE_OUTER_BOUND('',#242,.T.);
#141=FACE_OUTER_BOUND('',#243,.T.);
#142=FACE_OUTER_BOUND('',#244,.T.);
#143=FACE_OUTER_BOUND('',#245,.T.);
#144=FACE_OUTER_BOUND('',#246,.T.);
#145=FACE_OUTER_BOUND('',#247,.T.);
#146=FACE_OUTER_BOUND('',#248,.T.);
#147=FACE_OUTER_BOUND('',#249,.T.);
#148=FACE_OUTER_BOUND('',#250,.T.);
#149=FACE_OUTER_BOUND('',#251,.T.);
#150=FACE_OUTER_BOUND('',#252,.T.);
#151=FACE_OUTER_BOUND('',#253,.T.);
#152=FACE_OUTER_BOUND('',#254,.T.);
#153=FACE_OUTER_BOUND('',#255,.T.);
#154=FACE_OUTER_BOUND('',#256,.T.);
#155=FACE_OUTER_BOUND('',#257,.T.);
#156=FACE_OUTER_BOUND('',#258,.T.);
#157=FACE_OUTER_BOUND('',#259,.T.);
#158=FACE_OUTER_BOUND('',#260,.T.);
#159=FACE_OUTER_BOUND('',#261,.T.);
#160=FACE_OUTER_BOUND('',#262,.T.);
#161=FACE_OUTER_BOUND('',#263,.T.);
#162=FACE_OUTER_BOUND('',#264,.T.);
#163=FACE_OUTER_BOUND('',#265,.T.);
#164=FACE_OUTER_BOUND('',#266,.T.);
#165=FACE_OUTER_BOUND('',#267,.T.);
#166=FACE_OUTER_BOUND('',#268,.T.);
#167=FACE_OUTER_BOUND('',#269,.T.);
#168=FACE_OUTER_BOUND('',#270,.T.);
#169=FACE_OUTER_BOUND('',#271,.T.);
#170=FACE_OUTER_BOUND('',#272,.T.);
#171=FACE_OUTER_BOUND('',#273,.T.);
#172=FACE_OUTER_BOUND('',#274,.T.);
#173=FACE_OUTER_BOUND('',#275,.T.);
#174=FACE_OUTER_BOUND('',#276,.T.);
#175=FACE_OUTER_BOUND('',#277,.T.);
#176=FACE_OUTER_BOUND('',#278,.T.);
#177=FACE_OUTER_BOUND('',#279,.T.);
#178=FACE_OUTER_BOUND('',#280,.T.);
#179=FACE_OUTER_BOUND('',#281,.T.);
#180=FACE_OUTER_BOUND('',#282,.T.);
#181=FACE_OUTER_BOUND('',#283,.T.);
#182=FACE_OUTER_BOUND('',#284,.T.);
#183=FACE_OUTER_BOUND('',#285,.T.);
#184=FACE_OUTER_BOUND('',#286,.T.);
#185=FACE_OUTER_BOUND('',#287,.T.);
#186=FACE_OUTER_BOUND('',#288,.T.);
#187=FACE_OUTER_BOUND('',#289,.T.);
#188=FACE_OUTER_BOUND('',#308,.T.);
#189=FACE_OUTER_BOUND('',#327,.T.);
#190=FACE_OUTER_BOUND('',#328,.T.);
#191=FACE_OUTER_BOUND('',#329,.T.);
#192=FACE_OUTER_BOUND('',#330,.T.);
#193=FACE_OUTER_BOUND('',#331,.T.);
#194=FACE_OUTER_BOUND('',#332,.T.);
#195=FACE_OUTER_BOUND('',#333,.T.);
#196=FACE_OUTER_BOUND('',#334,.T.);
#197=FACE_OUTER_BOUND('',#335,.T.);
#198=FACE_OUTER_BOUND('',#336,.T.);
#199=FACE_OUTER_BOUND('',#337,.T.);
#200=FACE_OUTER_BOUND('',#338,.T.);
#201=FACE_OUTER_BOUND('',#340,.T.);
#202=FACE_OUTER_BOUND('',#342,.T.);
#203=FACE_OUTER_BOUND('',#343,.T.);
#204=FACE_OUTER_BOUND('',#344,.T.);
#205=FACE_OUTER_BOUND('',#345,.T.);
#206=FACE_OUTER_BOUND('',#346,.T.);
#207=FACE_OUTER_BOUND('',#347,.T.);
#208=FACE_OUTER_BOUND('',#349,.T.);
#209=FACE_OUTER_BOUND('',#351,.T.);
#210=FACE_OUTER_BOUND('',#352,.T.);
#211=FACE_OUTER_BOUND('',#353,.T.);
#212=FACE_OUTER_BOUND('',#354,.T.);
#213=FACE_OUTER_BOUND('',#355,.T.);
#214=FACE_OUTER_BOUND('',#356,.T.);
#215=FACE_OUTER_BOUND('',#357,.T.);
#216=FACE_OUTER_BOUND('',#358,.T.);
#217=FACE_OUTER_BOUND('',#359,.T.);
#218=FACE_OUTER_BOUND('',#360,.T.);
#219=FACE_OUTER_BOUND('',#361,.T.);
#220=FACE_OUTER_BOUND('',#362,.T.);
#221=FACE_OUTER_BOUND('',#363,.T.);
#222=FACE_OUTER_BOUND('',#364,.T.);
#223=FACE_OUTER_BOUND('',#365,.T.);
#224=FACE_OUTER_BOUND('',#366,.T.);
#225=FACE_OUTER_BOUND('',#367,.T.);
#226=FACE_OUTER_BOUND('',#368,.T.);
#227=FACE_OUTER_BOUND('',#369,.T.);
#228=FACE_OUTER_BOUND('',#370,.T.);
#229=FACE_OUTER_BOUND('',#371,.T.);
#230=FACE_OUTER_BOUND('',#372,.T.);
#231=EDGE_LOOP('',(#1231,#1232,#1233,#1234));
#232=EDGE_LOOP('',(#1235,#1236,#1237,#1238));
#233=EDGE_LOOP('',(#1239,#1240,#1241,#1242));
#234=EDGE_LOOP('',(#1243,#1244,#1245,#1246));
#235=EDGE_LOOP('',(#1247,#1248,#1249,#1250));
#236=EDGE_LOOP('',(#1251,#1252,#1253,#1254));
#237=EDGE_LOOP('',(#1255,#1256,#1257,#1258));
#238=EDGE_LOOP('',(#1259,#1260,#1261,#1262));
#239=EDGE_LOOP('',(#1263,#1264,#1265,#1266));
#240=EDGE_LOOP('',(#1267,#1268,#1269,#1270));
#241=EDGE_LOOP('',(#1271,#1272,#1273,#1274));
#242=EDGE_LOOP('',(#1275,#1276,#1277,#1278));
#243=EDGE_LOOP('',(#1279,#1280,#1281,#1282));
#244=EDGE_LOOP('',(#1283,#1284,#1285,#1286));
#245=EDGE_LOOP('',(#1287,#1288,#1289,#1290));
#246=EDGE_LOOP('',(#1291,#1292,#1293,#1294));
#247=EDGE_LOOP('',(#1295,#1296,#1297,#1298));
#248=EDGE_LOOP('',(#1299,#1300,#1301,#1302));
#249=EDGE_LOOP('',(#1303,#1304,#1305,#1306));
#250=EDGE_LOOP('',(#1307,#1308,#1309,#1310));
#251=EDGE_LOOP('',(#1311,#1312,#1313,#1314));
#252=EDGE_LOOP('',(#1315,#1316,#1317,#1318));
#253=EDGE_LOOP('',(#1319,#1320,#1321,#1322));
#254=EDGE_LOOP('',(#1323,#1324,#1325,#1326));
#255=EDGE_LOOP('',(#1327,#1328,#1329,#1330));
#256=EDGE_LOOP('',(#1331,#1332,#1333,#1334));
#257=EDGE_LOOP('',(#1335,#1336,#1337,#1338));
#258=EDGE_LOOP('',(#1339,#1340,#1341,#1342));
#259=EDGE_LOOP('',(#1343,#1344,#1345,#1346));
#260=EDGE_LOOP('',(#1347,#1348,#1349,#1350));
#261=EDGE_LOOP('',(#1351,#1352,#1353,#1354));
#262=EDGE_LOOP('',(#1355,#1356,#1357,#1358));
#263=EDGE_LOOP('',(#1359,#1360,#1361,#1362));
#264=EDGE_LOOP('',(#1363,#1364,#1365,#1366));
#265=EDGE_LOOP('',(#1367,#1368,#1369,#1370));
#266=EDGE_LOOP('',(#1371,#1372,#1373,#1374));
#267=EDGE_LOOP('',(#1375,#1376,#1377,#1378));
#268=EDGE_LOOP('',(#1379,#1380,#1381,#1382));
#269=EDGE_LOOP('',(#1383,#1384,#1385,#1386));
#270=EDGE_LOOP('',(#1387,#1388,#1389,#1390));
#271=EDGE_LOOP('',(#1391,#1392,#1393,#1394));
#272=EDGE_LOOP('',(#1395,#1396,#1397,#1398));
#273=EDGE_LOOP('',(#1399,#1400,#1401,#1402));
#274=EDGE_LOOP('',(#1403,#1404,#1405,#1406));
#275=EDGE_LOOP('',(#1407,#1408,#1409,#1410));
#276=EDGE_LOOP('',(#1411,#1412,#1413,#1414));
#277=EDGE_LOOP('',(#1415,#1416,#1417,#1418));
#278=EDGE_LOOP('',(#1419,#1420,#1421,#1422));
#279=EDGE_LOOP('',(#1423,#1424,#1425,#1426));
#280=EDGE_LOOP('',(#1427,#1428,#1429,#1430));
#281=EDGE_LOOP('',(#1431,#1432,#1433,#1434));
#282=EDGE_LOOP('',(#1435,#1436,#1437,#1438));
#283=EDGE_LOOP('',(#1439,#1440,#1441,#1442));
#284=EDGE_LOOP('',(#1443,#1444,#1445,#1446));
#285=EDGE_LOOP('',(#1447,#1448,#1449,#1450));
#286=EDGE_LOOP('',(#1451,#1452,#1453,#1454));
#287=EDGE_LOOP('',(#1455,#1456,#1457,#1458));
#288=EDGE_LOOP('',(#1459,#1460,#1461,#1462));
#289=EDGE_LOOP('',(#1463,#1464,#1465,#1466,#1467,#1468,#1469,#1470,#1471,
#1472,#1473,#1474,#1475,#1476,#1477,#1478,#1479,#1480,#1481,#1482,#1483,
#1484,#1485,#1486,#1487,#1488,#1489,#1490,#1491,#1492,#1493,#1494,#1495,
#1496,#1497,#1498,#1499,#1500,#1501,#1502));
#290=EDGE_LOOP('',(#1503));
#291=EDGE_LOOP('',(#1504));
#292=EDGE_LOOP('',(#1505));
#293=EDGE_LOOP('',(#1506));
#294=EDGE_LOOP('',(#1507));
#295=EDGE_LOOP('',(#1508));
#296=EDGE_LOOP('',(#1509));
#297=EDGE_LOOP('',(#1510));
#298=EDGE_LOOP('',(#1511));
#299=EDGE_LOOP('',(#1512));
#300=EDGE_LOOP('',(#1513));
#301=EDGE_LOOP('',(#1514));
#302=EDGE_LOOP('',(#1515));
#303=EDGE_LOOP('',(#1516));
#304=EDGE_LOOP('',(#1517));
#305=EDGE_LOOP('',(#1518));
#306=EDGE_LOOP('',(#1519));
#307=EDGE_LOOP('',(#1520));
#308=EDGE_LOOP('',(#1521,#1522,#1523,#1524,#1525,#1526,#1527,#1528,#1529,
#1530,#1531,#1532,#1533,#1534,#1535,#1536,#1537,#1538,#1539,#1540,#1541,
#1542,#1543,#1544,#1545,#1546,#1547,#1548,#1549,#1550,#1551,#1552,#1553,
#1554,#1555,#1556,#1557,#1558,#1559,#1560));
#309=EDGE_LOOP('',(#1561));
#310=EDGE_LOOP('',(#1562));
#311=EDGE_LOOP('',(#1563));
#312=EDGE_LOOP('',(#1564));
#313=EDGE_LOOP('',(#1565));
#314=EDGE_LOOP('',(#1566));
#315=EDGE_LOOP('',(#1567));
#316=EDGE_LOOP('',(#1568));
#317=EDGE_LOOP('',(#1569));
#318=EDGE_LOOP('',(#1570));
#319=EDGE_LOOP('',(#1571));
#320=EDGE_LOOP('',(#1572));
#321=EDGE_LOOP('',(#1573));
#322=EDGE_LOOP('',(#1574));
#323=EDGE_LOOP('',(#1575));
#324=EDGE_LOOP('',(#1576));
#325=EDGE_LOOP('',(#1577));
#326=EDGE_LOOP('',(#1578));
#327=EDGE_LOOP('',(#1579,#1580,#1581,#1582));
#328=EDGE_LOOP('',(#1583,#1584,#1585,#1586));
#329=EDGE_LOOP('',(#1587,#1588,#1589,#1590));
#330=EDGE_LOOP('',(#1591,#1592,#1593,#1594));
#331=EDGE_LOOP('',(#1595,#1596,#1597,#1598));
#332=EDGE_LOOP('',(#1599,#1600,#1601,#1602));
#333=EDGE_LOOP('',(#1603,#1604,#1605,#1606));
#334=EDGE_LOOP('',(#1607,#1608,#1609,#1610));
#335=EDGE_LOOP('',(#1611,#1612,#1613,#1614));
#336=EDGE_LOOP('',(#1615,#1616,#1617,#1618));
#337=EDGE_LOOP('',(#1619,#1620,#1621,#1622));
#338=EDGE_LOOP('',(#1623,#1624,#1625,#1626));
#339=EDGE_LOOP('',(#1627));
#340=EDGE_LOOP('',(#1628,#1629,#1630,#1631));
#341=EDGE_LOOP('',(#1632));
#342=EDGE_LOOP('',(#1633,#1634,#1635,#1636));
#343=EDGE_LOOP('',(#1637,#1638,#1639,#1640));
#344=EDGE_LOOP('',(#1641,#1642,#1643,#1644));
#345=EDGE_LOOP('',(#1645,#1646,#1647,#1648));
#346=EDGE_LOOP('',(#1649,#1650,#1651,#1652));
#347=EDGE_LOOP('',(#1653,#1654,#1655,#1656));
#348=EDGE_LOOP('',(#1657));
#349=EDGE_LOOP('',(#1658,#1659,#1660,#1661));
#350=EDGE_LOOP('',(#1662));
#351=EDGE_LOOP('',(#1663,#1664,#1665,#1666));
#352=EDGE_LOOP('',(#1667));
#353=EDGE_LOOP('',(#1668));
#354=EDGE_LOOP('',(#1669,#1670,#1671,#1672));
#355=EDGE_LOOP('',(#1673));
#356=EDGE_LOOP('',(#1674));
#357=EDGE_LOOP('',(#1675,#1676,#1677,#1678));
#358=EDGE_LOOP('',(#1679,#1680,#1681,#1682));
#359=EDGE_LOOP('',(#1683,#1684,#1685,#1686));
#360=EDGE_LOOP('',(#1687,#1688,#1689,#1690));
#361=EDGE_LOOP('',(#1691,#1692,#1693,#1694));
#362=EDGE_LOOP('',(#1695,#1696,#1697,#1698));
#363=EDGE_LOOP('',(#1699,#1700,#1701,#1702));
#364=EDGE_LOOP('',(#1703,#1704,#1705,#1706,#1707,#1708,#1709,#1710));
#365=EDGE_LOOP('',(#1711,#1712,#1713,#1714));
#366=EDGE_LOOP('',(#1715,#1716,#1717,#1718));
#367=EDGE_LOOP('',(#1719,#1720,#1721,#1722));
#368=EDGE_LOOP('',(#1723,#1724,#1725,#1726));
#369=EDGE_LOOP('',(#1727,#1728,#1729,#1730));
#370=EDGE_LOOP('',(#1731,#1732,#1733,#1734));
#371=EDGE_LOOP('',(#1735,#1736,#1737,#1738,#1739,#1740,#1741,#1742));
#372=EDGE_LOOP('',(#1743,#1744,#1745,#1746));
#373=LINE('',#2661,#543);
#374=LINE('',#2667,#544);
#375=LINE('',#2673,#545);
#376=LINE('',#2679,#546);
#377=LINE('',#2685,#547);
#378=LINE('',#2691,#548);
#379=LINE('',#2697,#549);
#380=LINE('',#2703,#550);
#381=LINE('',#2709,#551);
#382=LINE('',#2715,#552);
#383=LINE('',#2721,#553);
#384=LINE('',#2727,#554);
#385=LINE('',#2733,#555);
#386=LINE('',#2739,#556);
#387=LINE('',#2745,#557);
#388=LINE('',#2751,#558);
#389=LINE('',#2757,#559);
#390=LINE('',#2763,#560);
#391=LINE('',#2768,#561);
#392=LINE('',#2770,#562);
#393=LINE('',#2772,#563);
#394=LINE('',#2773,#564);
#395=LINE('',#2776,#565);
#396=LINE('',#2778,#566);
#397=LINE('',#2779,#567);
#398=LINE('',#2785,#568);
#399=LINE('',#2788,#569);
#400=LINE('',#2790,#570);
#401=LINE('',#2791,#571);
#402=LINE('',#2797,#572);
#403=LINE('',#2800,#573);
#404=LINE('',#2802,#574);
#405=LINE('',#2803,#575);
#406=LINE('',#2809,#576);
#407=LINE('',#2812,#577);
#408=LINE('',#2814,#578);
#409=LINE('',#2815,#579);
#410=LINE('',#2821,#580);
#411=LINE('',#2824,#581);
#412=LINE('',#2826,#582);
#413=LINE('',#2827,#583);
#414=LINE('',#2833,#584);
#415=LINE('',#2836,#585);
#416=LINE('',#2838,#586);
#417=LINE('',#2839,#587);
#418=LINE('',#2845,#588);
#419=LINE('',#2848,#589);
#420=LINE('',#2850,#590);
#421=LINE('',#2851,#591);
#422=LINE('',#2857,#592);
#423=LINE('',#2860,#593);
#424=LINE('',#2862,#594);
#425=LINE('',#2863,#595);
#426=LINE('',#2869,#596);
#427=LINE('',#2872,#597);
#428=LINE('',#2874,#598);
#429=LINE('',#2875,#599);
#430=LINE('',#2881,#600);
#431=LINE('',#2884,#601);
#432=LINE('',#2886,#602);
#433=LINE('',#2887,#603);
#434=LINE('',#2890,#604);
#435=LINE('',#2892,#605);
#436=LINE('',#2893,#606);
#437=LINE('',#2896,#607);
#438=LINE('',#2898,#608);
#439=LINE('',#2899,#609);
#440=LINE('',#2905,#610);
#441=LINE('',#2908,#611);
#442=LINE('',#2910,#612);
#443=LINE('',#2911,#613);
#444=LINE('',#2917,#614);
#445=LINE('',#2920,#615);
#446=LINE('',#2922,#616);
#447=LINE('',#2923,#617);
#448=LINE('',#2929,#618);
#449=LINE('',#2932,#619);
#450=LINE('',#2934,#620);
#451=LINE('',#2935,#621);
#452=LINE('',#2941,#622);
#453=LINE('',#2944,#623);
#454=LINE('',#2946,#624);
#455=LINE('',#2947,#625);
#456=LINE('',#2953,#626);
#457=LINE('',#2956,#627);
#458=LINE('',#2958,#628);
#459=LINE('',#2959,#629);
#460=LINE('',#2965,#630);
#461=LINE('',#2968,#631);
#462=LINE('',#2970,#632);
#463=LINE('',#2971,#633);
#464=LINE('',#2977,#634);
#465=LINE('',#2980,#635);
#466=LINE('',#2982,#636);
#467=LINE('',#2983,#637);
#468=LINE('',#2989,#638);
#469=LINE('',#2992,#639);
#470=LINE('',#2994,#640);
#471=LINE('',#2995,#641);
#472=LINE('',#3001,#642);
#473=LINE('',#3003,#643);
#474=LINE('',#3004,#644);
#475=LINE('',#3010,#645);
#476=LINE('',#3012,#646);
#477=LINE('',#3014,#647);
#478=LINE('',#3015,#648);
#479=LINE('',#3018,#649);
#480=LINE('',#3020,#650);
#481=LINE('',#3021,#651);
#482=LINE('',#3024,#652);
#483=LINE('',#3026,#653);
#484=LINE('',#3027,#654);
#485=LINE('',#3029,#655);
#486=LINE('',#3030,#656);
#487=LINE('',#3037,#657);
#488=LINE('',#3042,#658);
#489=LINE('',#3044,#659);
#490=LINE('',#3046,#660);
#491=LINE('',#3047,#661);
#492=LINE('',#3050,#662);
#493=LINE('',#3052,#663);
#494=LINE('',#3053,#664);
#495=LINE('',#3056,#665);
#496=LINE('',#3058,#666);
#497=LINE('',#3059,#667);
#498=LINE('',#3061,#668);
#499=LINE('',#3062,#669);
#500=LINE('',#3069,#670);
#501=LINE('',#3074,#671);
#502=LINE('',#3076,#672);
#503=LINE('',#3078,#673);
#504=LINE('',#3079,#674);
#505=LINE('',#3082,#675);
#506=LINE('',#3084,#676);
#507=LINE('',#3085,#677);
#508=LINE('',#3088,#678);
#509=LINE('',#3090,#679);
#510=LINE('',#3091,#680);
#511=LINE('',#3093,#681);
#512=LINE('',#3094,#682);
#513=LINE('',#3101,#683);
#514=LINE('',#3109,#684);
#515=LINE('',#3116,#685);
#516=LINE('',#3118,#686);
#517=LINE('',#3120,#687);
#518=LINE('',#3121,#688);
#519=LINE('',#3124,#689);
#520=LINE('',#3126,#690);
#521=LINE('',#3127,#691);
#522=LINE('',#3130,#692);
#523=LINE('',#3132,#693);
#524=LINE('',#3133,#694);
#525=LINE('',#3135,#695);
#526=LINE('',#3136,#696);
#527=LINE('',#3144,#697);
#528=LINE('',#3147,#698);
#529=LINE('',#3150,#699);
#530=LINE('',#3154,#700);
#531=LINE('',#3158,#701);
#532=LINE('',#3161,#702);
#533=LINE('',#3164,#703);
#534=LINE('',#3165,#704);
#535=LINE('',#3169,#705);
#536=LINE('',#3174,#706);
#537=LINE('',#3175,#707);
#538=LINE('',#3178,#708);
#539=LINE('',#3179,#709);
#540=LINE('',#3182,#710);
#541=LINE('',#3185,#711);
#542=LINE('',#3187,#712);
#543=VECTOR('',#2110,0.499999999999998);
#544=VECTOR('',#2117,0.499999999999998);
#545=VECTOR('',#2124,0.499999999999998);
#546=VECTOR('',#2131,0.499999999999998);
#547=VECTOR('',#2138,0.499999999999998);
#548=VECTOR('',#2145,0.499999999999998);
#549=VECTOR('',#2152,0.499999999999998);
#550=VECTOR('',#2159,0.499999999999998);
#551=VECTOR('',#2166,0.499999999999998);
#552=VECTOR('',#2173,0.499999999999998);
#553=VECTOR('',#2180,0.499999999999998);
#554=VECTOR('',#2187,0.499999999999998);
#555=VECTOR('',#2194,0.499999999999998);
#556=VECTOR('',#2201,0.499999999999998);
#557=VECTOR('',#2208,0.499999999999998);
#558=VECTOR('',#2215,0.499999999999998);
#559=VECTOR('',#2222,0.499999999999998);
#560=VECTOR('',#2229,0.499999999999998);
#561=VECTOR('',#2234,10.);
#562=VECTOR('',#2235,10.);
#563=VECTOR('',#2236,10.);
#564=VECTOR('',#2237,10.);
#565=VECTOR('',#2240,10.);
#566=VECTOR('',#2241,10.);
#567=VECTOR('',#2242,10.);
#568=VECTOR('',#2249,10.);
#569=VECTOR('',#2252,10.);
#570=VECTOR('',#2253,10.);
#571=VECTOR('',#2254,10.);
#572=VECTOR('',#2261,10.);
#573=VECTOR('',#2264,10.);
#574=VECTOR('',#2265,10.);
#575=VECTOR('',#2266,10.);
#576=VECTOR('',#2273,10.);
#577=VECTOR('',#2276,10.);
#578=VECTOR('',#2277,10.);
#579=VECTOR('',#2278,10.);
#580=VECTOR('',#2285,10.);
#581=VECTOR('',#2288,10.);
#582=VECTOR('',#2289,10.);
#583=VECTOR('',#2290,10.);
#584=VECTOR('',#2297,10.);
#585=VECTOR('',#2300,10.);
#586=VECTOR('',#2301,10.);
#587=VECTOR('',#2302,10.);
#588=VECTOR('',#2309,10.);
#589=VECTOR('',#2312,10.);
#590=VECTOR('',#2313,10.);
#591=VECTOR('',#2314,10.);
#592=VECTOR('',#2321,10.);
#593=VECTOR('',#2324,10.);
#594=VECTOR('',#2325,10.);
#595=VECTOR('',#2326,10.);
#596=VECTOR('',#2333,10.);
#597=VECTOR('',#2336,10.);
#598=VECTOR('',#2337,10.);
#599=VECTOR('',#2338,10.);
#600=VECTOR('',#2345,10.);
#601=VECTOR('',#2348,10.);
#602=VECTOR('',#2349,10.);
#603=VECTOR('',#2350,10.);
#604=VECTOR('',#2353,10.);
#605=VECTOR('',#2354,10.);
#606=VECTOR('',#2355,10.);
#607=VECTOR('',#2358,10.);
#608=VECTOR('',#2359,10.);
#609=VECTOR('',#2360,10.);
#610=VECTOR('',#2367,10.);
#611=VECTOR('',#2370,10.);
#612=VECTOR('',#2371,10.);
#613=VECTOR('',#2372,10.);
#614=VECTOR('',#2379,10.);
#615=VECTOR('',#2382,10.);
#616=VECTOR('',#2383,10.);
#617=VECTOR('',#2384,10.);
#618=VECTOR('',#2391,10.);
#619=VECTOR('',#2394,10.);
#620=VECTOR('',#2395,10.);
#621=VECTOR('',#2396,10.);
#622=VECTOR('',#2403,10.);
#623=VECTOR('',#2406,10.);
#624=VECTOR('',#2407,10.);
#625=VECTOR('',#2408,10.);
#626=VECTOR('',#2415,10.);
#627=VECTOR('',#2418,10.);
#628=VECTOR('',#2419,10.);
#629=VECTOR('',#2420,10.);
#630=VECTOR('',#2427,10.);
#631=VECTOR('',#2430,10.);
#632=VECTOR('',#2431,10.);
#633=VECTOR('',#2432,10.);
#634=VECTOR('',#2439,10.);
#635=VECTOR('',#2442,10.);
#636=VECTOR('',#2443,10.);
#637=VECTOR('',#2444,10.);
#638=VECTOR('',#2451,10.);
#639=VECTOR('',#2454,10.);
#640=VECTOR('',#2455,10.);
#641=VECTOR('',#2456,10.);
#642=VECTOR('',#2463,10.);
#643=VECTOR('',#2466,10.);
#644=VECTOR('',#2467,10.);
#645=VECTOR('',#2474,10.);
#646=VECTOR('',#2475,10.);
#647=VECTOR('',#2476,10.);
#648=VECTOR('',#2477,10.);
#649=VECTOR('',#2480,10.);
#650=VECTOR('',#2481,10.);
#651=VECTOR('',#2482,10.);
#652=VECTOR('',#2485,10.);
#653=VECTOR('',#2486,10.);
#654=VECTOR('',#2487,10.);
#655=VECTOR('',#2490,10.);
#656=VECTOR('',#2491,10.);
#657=VECTOR('',#2500,0.750000000000001);
#658=VECTOR('',#2505,10.);
#659=VECTOR('',#2506,10.);
#660=VECTOR('',#2507,10.);
#661=VECTOR('',#2508,10.);
#662=VECTOR('',#2511,10.);
#663=VECTOR('',#2512,10.);
#664=VECTOR('',#2513,10.);
#665=VECTOR('',#2516,10.);
#666=VECTOR('',#2517,10.);
#667=VECTOR('',#2518,10.);
#668=VECTOR('',#2521,10.);
#669=VECTOR('',#2522,10.);
#670=VECTOR('',#2531,0.75);
#671=VECTOR('',#2536,10.);
#672=VECTOR('',#2537,10.);
#673=VECTOR('',#2538,10.);
#674=VECTOR('',#2539,10.);
#675=VECTOR('',#2542,10.);
#676=VECTOR('',#2543,10.);
#677=VECTOR('',#2544,10.);
#678=VECTOR('',#2547,10.);
#679=VECTOR('',#2548,10.);
#680=VECTOR('',#2549,10.);
#681=VECTOR('',#2552,10.);
#682=VECTOR('',#2553,10.);
#683=VECTOR('',#2562,0.750000000000001);
#684=VECTOR('',#2573,0.75);
#685=VECTOR('',#2582,10.);
#686=VECTOR('',#2583,10.);
#687=VECTOR('',#2584,10.);
#688=VECTOR('',#2585,10.);
#689=VECTOR('',#2588,10.);
#690=VECTOR('',#2589,10.);
#691=VECTOR('',#2590,10.);
#692=VECTOR('',#2593,10.);
#693=VECTOR('',#2594,10.);
#694=VECTOR('',#2595,10.);
#695=VECTOR('',#2598,10.);
#696=VECTOR('',#2599,10.);
#697=VECTOR('',#2608,10.);
#698=VECTOR('',#2611,10.);
#699=VECTOR('',#2614,10.);
#700=VECTOR('',#2617,10.);
#701=VECTOR('',#2620,10.);
#702=VECTOR('',#2623,10.);
#703=VECTOR('',#2626,10.);
#704=VECTOR('',#2627,10.);
#705=VECTOR('',#2632,10.);
#706=VECTOR('',#2637,10.);
#707=VECTOR('',#2638,10.);
#708=VECTOR('',#2641,10.);
#709=VECTOR('',#2642,10.);
#710=VECTOR('',#2645,10.);
#711=VECTOR('',#2650,10.);
#712=VECTOR('',#2653,10.);
#713=CIRCLE('',#1915,0.499999999999998);
#714=CIRCLE('',#1916,0.499999999999998);
#715=CIRCLE('',#1918,0.499999999999998);
#716=CIRCLE('',#1919,0.499999999999998);
#717=CIRCLE('',#1921,0.499999999999998);
#718=CIRCLE('',#1922,0.499999999999998);
#719=CIRCLE('',#1924,0.499999999999998);
#720=CIRCLE('',#1925,0.499999999999998);
#721=CIRCLE('',#1927,0.499999999999998);
#722=CIRCLE('',#1928,0.499999999999998);
#723=CIRCLE('',#1930,0.499999999999998);
#724=CIRCLE('',#1931,0.499999999999998);
#725=CIRCLE('',#1933,0.499999999999998);
#726=CIRCLE('',#1934,0.499999999999998);
#727=CIRCLE('',#1936,0.499999999999998);
#728=CIRCLE('',#1937,0.499999999999998);
#729=CIRCLE('',#1939,0.499999999999998);
#730=CIRCLE('',#1940,0.499999999999998);
#731=CIRCLE('',#1942,0.499999999999998);
#732=CIRCLE('',#1943,0.499999999999998);
#733=CIRCLE('',#1945,0.499999999999998);
#734=CIRCLE('',#1946,0.499999999999998);
#735=CIRCLE('',#1948,0.499999999999998);
#736=CIRCLE('',#1949,0.499999999999998);
#737=CIRCLE('',#1951,0.499999999999998);
#738=CIRCLE('',#1952,0.499999999999998);
#739=CIRCLE('',#1954,0.499999999999998);
#740=CIRCLE('',#1955,0.499999999999998);
#741=CIRCLE('',#1957,0.499999999999998);
#742=CIRCLE('',#1958,0.499999999999998);
#743=CIRCLE('',#1960,0.499999999999998);
#744=CIRCLE('',#1961,0.499999999999998);
#745=CIRCLE('',#1963,0.499999999999998);
#746=CIRCLE('',#1964,0.499999999999998);
#747=CIRCLE('',#1966,0.499999999999998);
#748=CIRCLE('',#1967,0.499999999999998);
#749=CIRCLE('',#1971,0.5);
#750=CIRCLE('',#1972,0.5);
#751=CIRCLE('',#1975,0.5);
#752=CIRCLE('',#1976,0.5);
#753=CIRCLE('',#1979,0.5);
#754=CIRCLE('',#1980,0.5);
#755=CIRCLE('',#1983,0.5);
#756=CIRCLE('',#1984,0.5);
#757=CIRCLE('',#1987,0.5);
#758=CIRCLE('',#1988,0.5);
#759=CIRCLE('',#1991,0.5);
#760=CIRCLE('',#1992,0.5);
#761=CIRCLE('',#1995,0.5);
#762=CIRCLE('',#1996,0.5);
#763=CIRCLE('',#1999,0.5);
#764=CIRCLE('',#2000,0.5);
#765=CIRCLE('',#2003,0.5);
#766=CIRCLE('',#2004,0.5);
#767=CIRCLE('',#2009,0.5);
#768=CIRCLE('',#2010,0.5);
#769=CIRCLE('',#2013,0.5);
#770=CIRCLE('',#2014,0.5);
#771=CIRCLE('',#2017,0.5);
#772=CIRCLE('',#2018,0.5);
#773=CIRCLE('',#2021,0.5);
#774=CIRCLE('',#2022,0.5);
#775=CIRCLE('',#2025,0.5);
#776=CIRCLE('',#2026,0.5);
#777=CIRCLE('',#2029,0.5);
#778=CIRCLE('',#2030,0.5);
#779=CIRCLE('',#2033,0.5);
#780=CIRCLE('',#2034,0.5);
#781=CIRCLE('',#2037,0.5);
#782=CIRCLE('',#2038,0.5);
#783=CIRCLE('',#2041,0.5);
#784=CIRCLE('',#2042,0.5);
#785=CIRCLE('',#2053,0.750000000000001);
#786=CIRCLE('',#2054,0.750000000000001);
#787=CIRCLE('',#2062,0.75);
#788=CIRCLE('',#2063,0.75);
#789=CIRCLE('',#2071,0.750000000000001);
#790=CIRCLE('',#2072,0.750000000000001);
#791=CIRCLE('',#2076,0.75);
#792=CIRCLE('',#2077,0.75);
#793=CIRCLE('',#2087,1.);
#794=CIRCLE('',#2088,1.);
#795=CIRCLE('',#2090,1.);
#796=CIRCLE('',#2091,1.);
#797=CIRCLE('',#2092,1.);
#798=CIRCLE('',#2095,1.);
#799=CIRCLE('',#2097,1.);
#800=CIRCLE('',#2100,1.);
#801=VERTEX_POINT('',#2658);
#802=VERTEX_POINT('',#2660);
#803=VERTEX_POINT('',#2664);
#804=VERTEX_POINT('',#2666);
#805=VERTEX_POINT('',#2670);
#806=VERTEX_POINT('',#2672);
#807=VERTEX_POINT('',#2676);
#808=VERTEX_POINT('',#2678);
#809=VERTEX_POINT('',#2682);
#810=VERTEX_POINT('',#2684);
#811=VERTEX_POINT('',#2688);
#812=VERTEX_POINT('',#2690);
#813=VERTEX_POINT('',#2694);
#814=VERTEX_POINT('',#2696);
#815=VERTEX_POINT('',#2700);
#816=VERTEX_POINT('',#2702);
#817=VERTEX_POINT('',#2706);
#818=VERTEX_POINT('',#2708);
#819=VERTEX_POINT('',#2712);
#820=VERTEX_POINT('',#2714);
#821=VERTEX_POINT('',#2718);
#822=VERTEX_POINT('',#2720);
#823=VERTEX_POINT('',#2724);
#824=VERTEX_POINT('',#2726);
#825=VERTEX_POINT('',#2730);
#826=VERTEX_POINT('',#2732);
#827=VERTEX_POINT('',#2736);
#828=VERTEX_POINT('',#2738);
#829=VERTEX_POINT('',#2742);
#830=VERTEX_POINT('',#2744);
#831=VERTEX_POINT('',#2748);
#832=VERTEX_POINT('',#2750);
#833=VERTEX_POINT('',#2754);
#834=VERTEX_POINT('',#2756);
#835=VERTEX_POINT('',#2760);
#836=VERTEX_POINT('',#2762);
#837=VERTEX_POINT('',#2766);
#838=VERTEX_POINT('',#2767);
#839=VERTEX_POINT('',#2769);
#840=VERTEX_POINT('',#2771);
#841=VERTEX_POINT('',#2775);
#842=VERTEX_POINT('',#2777);
#843=VERTEX_POINT('',#2781);
#844=VERTEX_POINT('',#2783);
#845=VERTEX_POINT('',#2787);
#846=VERTEX_POINT('',#2789);
#847=VERTEX_POINT('',#2793);
#848=VERTEX_POINT('',#2795);
#849=VERTEX_POINT('',#2799);
#850=VERTEX_POINT('',#2801);
#851=VERTEX_POINT('',#2805);
#852=VERTEX_POINT('',#2807);
#853=VERTEX_POINT('',#2811);
#854=VERTEX_POINT('',#2813);
#855=VERTEX_POINT('',#2817);
#856=VERTEX_POINT('',#2819);
#857=VERTEX_POINT('',#2823);
#858=VERTEX_POINT('',#2825);
#859=VERTEX_POINT('',#2829);
#860=VERTEX_POINT('',#2831);
#861=VERTEX_POINT('',#2835);
#862=VERTEX_POINT('',#2837);
#863=VERTEX_POINT('',#2841);
#864=VERTEX_POINT('',#2843);
#865=VERTEX_POINT('',#2847);
#866=VERTEX_POINT('',#2849);
#867=VERTEX_POINT('',#2853);
#868=VERTEX_POINT('',#2855);
#869=VERTEX_POINT('',#2859);
#870=VERTEX_POINT('',#2861);
#871=VERTEX_POINT('',#2865);
#872=VERTEX_POINT('',#2867);
#873=VERTEX_POINT('',#2871);
#874=VERTEX_POINT('',#2873);
#875=VERTEX_POINT('',#2877);
#876=VERTEX_POINT('',#2879);
#877=VERTEX_POINT('',#2883);
#878=VERTEX_POINT('',#2885);
#879=VERTEX_POINT('',#2889);
#880=VERTEX_POINT('',#2891);
#881=VERTEX_POINT('',#2895);
#882=VERTEX_POINT('',#2897);
#883=VERTEX_POINT('',#2901);
#884=VERTEX_POINT('',#2903);
#885=VERTEX_POINT('',#2907);
#886=VERTEX_POINT('',#2909);
#887=VERTEX_POINT('',#2913);
#888=VERTEX_POINT('',#2915);
#889=VERTEX_POINT('',#2919);
#890=VERTEX_POINT('',#2921);
#891=VERTEX_POINT('',#2925);
#892=VERTEX_POINT('',#2927);
#893=VERTEX_POINT('',#2931);
#894=VERTEX_POINT('',#2933);
#895=VERTEX_POINT('',#2937);
#896=VERTEX_POINT('',#2939);
#897=VERTEX_POINT('',#2943);
#898=VERTEX_POINT('',#2945);
#899=VERTEX_POINT('',#2949);
#900=VERTEX_POINT('',#2951);
#901=VERTEX_POINT('',#2955);
#902=VERTEX_POINT('',#2957);
#903=VERTEX_POINT('',#2961);
#904=VERTEX_POINT('',#2963);
#905=VERTEX_POINT('',#2967);
#906=VERTEX_POINT('',#2969);
#907=VERTEX_POINT('',#2973);
#908=VERTEX_POINT('',#2975);
#909=VERTEX_POINT('',#2979);
#910=VERTEX_POINT('',#2981);
#911=VERTEX_POINT('',#2985);
#912=VERTEX_POINT('',#2987);
#913=VERTEX_POINT('',#2991);
#914=VERTEX_POINT('',#2993);
#915=VERTEX_POINT('',#2997);
#916=VERTEX_POINT('',#2999);
#917=VERTEX_POINT('',#3008);
#918=VERTEX_POINT('',#3009);
#919=VERTEX_POINT('',#3011);
#920=VERTEX_POINT('',#3013);
#921=VERTEX_POINT('',#3017);
#922=VERTEX_POINT('',#3019);
#923=VERTEX_POINT('',#3023);
#924=VERTEX_POINT('',#3025);
#925=VERTEX_POINT('',#3034);
#926=VERTEX_POINT('',#3036);
#927=VERTEX_POINT('',#3040);
#928=VERTEX_POINT('',#3041);
#929=VERTEX_POINT('',#3043);
#930=VERTEX_POINT('',#3045);
#931=VERTEX_POINT('',#3049);
#932=VERTEX_POINT('',#3051);
#933=VERTEX_POINT('',#3055);
#934=VERTEX_POINT('',#3057);
#935=VERTEX_POINT('',#3066);
#936=VERTEX_POINT('',#3068);
#937=VERTEX_POINT('',#3072);
#938=VERTEX_POINT('',#3073);
#939=VERTEX_POINT('',#3075);
#940=VERTEX_POINT('',#3077);
#941=VERTEX_POINT('',#3081);
#942=VERTEX_POINT('',#3083);
#943=VERTEX_POINT('',#3087);
#944=VERTEX_POINT('',#3089);
#945=VERTEX_POINT('',#3098);
#946=VERTEX_POINT('',#3100);
#947=VERTEX_POINT('',#3106);
#948=VERTEX_POINT('',#3108);
#949=VERTEX_POINT('',#3114);
#950=VERTEX_POINT('',#3115);
#951=VERTEX_POINT('',#3117);
#952=VERTEX_POINT('',#3119);
#953=VERTEX_POINT('',#3123);
#954=VERTEX_POINT('',#3125);
#955=VERTEX_POINT('',#3129);
#956=VERTEX_POINT('',#3131);
#957=VERTEX_POINT('',#3140);
#958=VERTEX_POINT('',#3141);
#959=VERTEX_POINT('',#3143);
#960=VERTEX_POINT('',#3145);
#961=VERTEX_POINT('',#3149);
#962=VERTEX_POINT('',#3151);
#963=VERTEX_POINT('',#3153);
#964=VERTEX_POINT('',#3155);
#965=VERTEX_POINT('',#3157);
#966=VERTEX_POINT('',#3159);
#967=VERTEX_POINT('',#3163);
#968=VERTEX_POINT('',#3167);
#969=VERTEX_POINT('',#3171);
#970=VERTEX_POINT('',#3172);
#971=VERTEX_POINT('',#3177);
#972=VERTEX_POINT('',#3181);
#973=EDGE_CURVE('',#801,#801,#713,.T.);
#974=EDGE_CURVE('',#801,#802,#373,.T.);
#975=EDGE_CURVE('',#802,#802,#714,.T.);
#976=EDGE_CURVE('',#803,#803,#715,.T.);
#977=EDGE_CURVE('',#803,#804,#374,.T.);
#978=EDGE_CURVE('',#804,#804,#716,.T.);
#979=EDGE_CURVE('',#805,#805,#717,.T.);
#980=EDGE_CURVE('',#805,#806,#375,.T.);
#981=EDGE_CURVE('',#806,#806,#718,.T.);
#982=EDGE_CURVE('',#807,#807,#719,.T.);
#983=EDGE_CURVE('',#807,#808,#376,.T.);
#984=EDGE_CURVE('',#808,#808,#720,.T.);
#985=EDGE_CURVE('',#809,#809,#721,.T.);
#986=EDGE_CURVE('',#809,#810,#377,.T.);
#987=EDGE_CURVE('',#810,#810,#722,.T.);
#988=EDGE_CURVE('',#811,#811,#723,.T.);
#989=EDGE_CURVE('',#811,#812,#378,.T.);
#990=EDGE_CURVE('',#812,#812,#724,.T.);
#991=EDGE_CURVE('',#813,#813,#725,.T.);
#992=EDGE_CURVE('',#813,#814,#379,.T.);
#993=EDGE_CURVE('',#814,#814,#726,.T.);
#994=EDGE_CURVE('',#815,#815,#727,.T.);
#995=EDGE_CURVE('',#815,#816,#380,.T.);
#996=EDGE_CURVE('',#816,#816,#728,.T.);
#997=EDGE_CURVE('',#817,#817,#729,.T.);
#998=EDGE_CURVE('',#817,#818,#381,.T.);
#999=EDGE_CURVE('',#818,#818,#730,.T.);
#1000=EDGE_CURVE('',#819,#819,#731,.T.);
#1001=EDGE_CURVE('',#819,#820,#382,.T.);
#1002=EDGE_CURVE('',#820,#820,#732,.T.);
#1003=EDGE_CURVE('',#821,#821,#733,.T.);
#1004=EDGE_CURVE('',#821,#822,#383,.T.);
#1005=EDGE_CURVE('',#822,#822,#734,.T.);
#1006=EDGE_CURVE('',#823,#823,#735,.T.);
#1007=EDGE_CURVE('',#823,#824,#384,.T.);
#1008=EDGE_CURVE('',#824,#824,#736,.T.);
#1009=EDGE_CURVE('',#825,#825,#737,.T.);
#1010=EDGE_CURVE('',#825,#826,#385,.T.);
#1011=EDGE_CURVE('',#826,#826,#738,.T.);
#1012=EDGE_CURVE('',#827,#827,#739,.T.);
#1013=EDGE_CURVE('',#827,#828,#386,.T.);
#1014=EDGE_CURVE('',#828,#828,#740,.T.);
#1015=EDGE_CURVE('',#829,#829,#741,.T.);
#1016=EDGE_CURVE('',#829,#830,#387,.T.);
#1017=EDGE_CURVE('',#830,#830,#742,.T.);
#1018=EDGE_CURVE('',#831,#831,#743,.T.);
#1019=EDGE_CURVE('',#831,#832,#388,.T.);
#1020=EDGE_CURVE('',#832,#832,#744,.T.);
#1021=EDGE_CURVE('',#833,#833,#745,.T.);
#1022=EDGE_CURVE('',#833,#834,#389,.T.);
#1023=EDGE_CURVE('',#834,#834,#746,.T.);
#1024=EDGE_CURVE('',#835,#835,#747,.T.);
#1025=EDGE_CURVE('',#835,#836,#390,.T.);
#1026=EDGE_CURVE('',#836,#836,#748,.T.);
#1027=EDGE_CURVE('',#837,#838,#391,.T.);
#1028=EDGE_CURVE('',#838,#839,#392,.T.);
#1029=EDGE_CURVE('',#840,#839,#393,.T.);
#1030=EDGE_CURVE('',#837,#840,#394,.T.);
#1031=EDGE_CURVE('',#841,#837,#395,.T.);
#1032=EDGE_CURVE('',#842,#840,#396,.T.);
#1033=EDGE_CURVE('',#841,#842,#397,.T.);
#1034=EDGE_CURVE('',#841,#843,#749,.T.);
#1035=EDGE_CURVE('',#844,#842,#750,.T.);
#1036=EDGE_CURVE('',#843,#844,#398,.T.);
#1037=EDGE_CURVE('',#845,#843,#399,.T.);
#1038=EDGE_CURVE('',#846,#844,#400,.T.);
#1039=EDGE_CURVE('',#845,#846,#401,.T.);
#1040=EDGE_CURVE('',#845,#847,#751,.T.);
#1041=EDGE_CURVE('',#848,#846,#752,.T.);
#1042=EDGE_CURVE('',#847,#848,#402,.T.);
#1043=EDGE_CURVE('',#849,#847,#403,.T.);
#1044=EDGE_CURVE('',#850,#848,#404,.T.);
#1045=EDGE_CURVE('',#849,#850,#405,.T.);
#1046=EDGE_CURVE('',#849,#851,#753,.T.);
#1047=EDGE_CURVE('',#852,#850,#754,.T.);
#1048=EDGE_CURVE('',#851,#852,#406,.T.);
#1049=EDGE_CURVE('',#853,#851,#407,.T.);
#1050=EDGE_CURVE('',#854,#852,#408,.T.);
#1051=EDGE_CURVE('',#853,#854,#409,.T.);
#1052=EDGE_CURVE('',#853,#855,#755,.T.);
#1053=EDGE_CURVE('',#856,#854,#756,.T.);
#1054=EDGE_CURVE('',#855,#856,#410,.T.);
#1055=EDGE_CURVE('',#857,#855,#411,.T.);
#1056=EDGE_CURVE('',#858,#856,#412,.T.);
#1057=EDGE_CURVE('',#857,#858,#413,.T.);
#1058=EDGE_CURVE('',#857,#859,#757,.T.);
#1059=EDGE_CURVE('',#860,#858,#758,.T.);
#1060=EDGE_CURVE('',#859,#860,#414,.T.);
#1061=EDGE_CURVE('',#861,#859,#415,.T.);
#1062=EDGE_CURVE('',#862,#860,#416,.T.);
#1063=EDGE_CURVE('',#861,#862,#417,.T.);
#1064=EDGE_CURVE('',#861,#863,#759,.T.);
#1065=EDGE_CURVE('',#864,#862,#760,.T.);
#1066=EDGE_CURVE('',#863,#864,#418,.T.);
#1067=EDGE_CURVE('',#865,#863,#419,.T.);
#1068=EDGE_CURVE('',#866,#864,#420,.T.);
#1069=EDGE_CURVE('',#865,#866,#421,.T.);
#1070=EDGE_CURVE('',#865,#867,#761,.T.);
#1071=EDGE_CURVE('',#868,#866,#762,.T.);
#1072=EDGE_CURVE('',#867,#868,#422,.T.);
#1073=EDGE_CURVE('',#869,#867,#423,.T.);
#1074=EDGE_CURVE('',#870,#868,#424,.T.);
#1075=EDGE_CURVE('',#869,#870,#425,.T.);
#1076=EDGE_CURVE('',#869,#871,#763,.T.);
#1077=EDGE_CURVE('',#872,#870,#764,.T.);
#1078=EDGE_CURVE('',#871,#872,#426,.T.);
#1079=EDGE_CURVE('',#873,#871,#427,.T.);
#1080=EDGE_CURVE('',#874,#872,#428,.T.);
#1081=EDGE_CURVE('',#873,#874,#429,.T.);
#1082=EDGE_CURVE('',#873,#875,#765,.T.);
#1083=EDGE_CURVE('',#876,#874,#766,.T.);
#1084=EDGE_CURVE('',#875,#876,#430,.T.);
#1085=EDGE_CURVE('',#877,#875,#431,.T.);
#1086=EDGE_CURVE('',#878,#876,#432,.T.);
#1087=EDGE_CURVE('',#877,#878,#433,.T.);
#1088=EDGE_CURVE('',#879,#877,#434,.T.);
#1089=EDGE_CURVE('',#880,#878,#435,.T.);
#1090=EDGE_CURVE('',#879,#880,#436,.T.);
#1091=EDGE_CURVE('',#881,#879,#437,.T.);
#1092=EDGE_CURVE('',#882,#880,#438,.T.);
#1093=EDGE_CURVE('',#881,#882,#439,.T.);
#1094=EDGE_CURVE('',#881,#883,#767,.T.);
#1095=EDGE_CURVE('',#884,#882,#768,.T.);
#1096=EDGE_CURVE('',#883,#884,#440,.T.);
#1097=EDGE_CURVE('',#885,#883,#441,.T.);
#1098=EDGE_CURVE('',#886,#884,#442,.T.);
#1099=EDGE_CURVE('',#885,#886,#443,.T.);
#1100=EDGE_CURVE('',#885,#887,#769,.T.);
#1101=EDGE_CURVE('',#888,#886,#770,.T.);
#1102=EDGE_CURVE('',#887,#888,#444,.T.);
#1103=EDGE_CURVE('',#889,#887,#445,.T.);
#1104=EDGE_CURVE('',#890,#888,#446,.T.);
#1105=EDGE_CURVE('',#889,#890,#447,.T.);
#1106=EDGE_CURVE('',#889,#891,#771,.T.);
#1107=EDGE_CURVE('',#892,#890,#772,.T.);
#1108=EDGE_CURVE('',#891,#892,#448,.T.);
#1109=EDGE_CURVE('',#893,#891,#449,.T.);
#1110=EDGE_CURVE('',#894,#892,#450,.T.);
#1111=EDGE_CURVE('',#893,#894,#451,.T.);
#1112=EDGE_CURVE('',#893,#895,#773,.T.);
#1113=EDGE_CURVE('',#896,#894,#774,.T.);
#1114=EDGE_CURVE('',#895,#896,#452,.T.);
#1115=EDGE_CURVE('',#897,#895,#453,.T.);
#1116=EDGE_CURVE('',#898,#896,#454,.T.);
#1117=EDGE_CURVE('',#897,#898,#455,.T.);
#1118=EDGE_CURVE('',#897,#899,#775,.T.);
#1119=EDGE_CURVE('',#900,#898,#776,.T.);
#1120=EDGE_CURVE('',#899,#900,#456,.T.);
#1121=EDGE_CURVE('',#901,#899,#457,.T.);
#1122=EDGE_CURVE('',#902,#900,#458,.T.);
#1123=EDGE_CURVE('',#901,#902,#459,.T.);
#1124=EDGE_CURVE('',#901,#903,#777,.T.);
#1125=EDGE_CURVE('',#904,#902,#778,.T.);
#1126=EDGE_CURVE('',#903,#904,#460,.T.);
#1127=EDGE_CURVE('',#905,#903,#461,.T.);
#1128=EDGE_CURVE('',#906,#904,#462,.T.);
#1129=EDGE_CURVE('',#905,#906,#463,.T.);
#1130=EDGE_CURVE('',#905,#907,#779,.T.);
#1131=EDGE_CURVE('',#908,#906,#780,.T.);
#1132=EDGE_CURVE('',#907,#908,#464,.T.);
#1133=EDGE_CURVE('',#909,#907,#465,.T.);
#1134=EDGE_CURVE('',#910,#908,#466,.T.);
#1135=EDGE_CURVE('',#909,#910,#467,.T.);
#1136=EDGE_CURVE('',#909,#911,#781,.T.);
#1137=EDGE_CURVE('',#912,#910,#782,.T.);
#1138=EDGE_CURVE('',#911,#912,#468,.T.);
#1139=EDGE_CURVE('',#913,#911,#469,.T.);
#1140=EDGE_CURVE('',#914,#912,#470,.T.);
#1141=EDGE_CURVE('',#913,#914,#471,.T.);
#1142=EDGE_CURVE('',#913,#915,#783,.T.);
#1143=EDGE_CURVE('',#916,#914,#784,.T.);
#1144=EDGE_CURVE('',#915,#916,#472,.T.);
#1145=EDGE_CURVE('',#838,#915,#473,.T.);
#1146=EDGE_CURVE('',#839,#916,#474,.T.);
#1147=EDGE_CURVE('',#917,#918,#475,.T.);
#1148=EDGE_CURVE('',#918,#919,#476,.T.);
#1149=EDGE_CURVE('',#920,#919,#477,.T.);
#1150=EDGE_CURVE('',#917,#920,#478,.T.);
#1151=EDGE_CURVE('',#921,#917,#479,.T.);
#1152=EDGE_CURVE('',#922,#920,#480,.T.);
#1153=EDGE_CURVE('',#921,#922,#481,.T.);
#1154=EDGE_CURVE('',#923,#921,#482,.T.);
#1155=EDGE_CURVE('',#924,#922,#483,.T.);
#1156=EDGE_CURVE('',#923,#924,#484,.T.);
#1157=EDGE_CURVE('',#918,#923,#485,.T.);
#1158=EDGE_CURVE('',#919,#924,#486,.T.);
#1159=EDGE_CURVE('',#925,#925,#785,.T.);
#1160=EDGE_CURVE('',#925,#926,#487,.T.);
#1161=EDGE_CURVE('',#926,#926,#786,.T.);
#1162=EDGE_CURVE('',#927,#928,#488,.T.);
#1163=EDGE_CURVE('',#928,#929,#489,.T.);
#1164=EDGE_CURVE('',#930,#929,#490,.T.);
#1165=EDGE_CURVE('',#927,#930,#491,.T.);
#1166=EDGE_CURVE('',#931,#927,#492,.T.);
#1167=EDGE_CURVE('',#932,#930,#493,.T.);
#1168=EDGE_CURVE('',#931,#932,#494,.T.);
#1169=EDGE_CURVE('',#933,#931,#495,.T.);
#1170=EDGE_CURVE('',#934,#932,#496,.T.);
#1171=EDGE_CURVE('',#933,#934,#497,.T.);
#1172=EDGE_CURVE('',#928,#933,#498,.T.);
#1173=EDGE_CURVE('',#929,#934,#499,.T.);
#1174=EDGE_CURVE('',#935,#935,#787,.T.);
#1175=EDGE_CURVE('',#935,#936,#500,.T.);
#1176=EDGE_CURVE('',#936,#936,#788,.T.);
#1177=EDGE_CURVE('',#937,#938,#501,.T.);
#1178=EDGE_CURVE('',#938,#939,#502,.T.);
#1179=EDGE_CURVE('',#940,#939,#503,.T.);
#1180=EDGE_CURVE('',#937,#940,#504,.T.);
#1181=EDGE_CURVE('',#941,#937,#505,.T.);
#1182=EDGE_CURVE('',#942,#940,#506,.T.);
#1183=EDGE_CURVE('',#941,#942,#507,.T.);
#1184=EDGE_CURVE('',#943,#941,#508,.T.);
#1185=EDGE_CURVE('',#944,#942,#509,.T.);
#1186=EDGE_CURVE('',#943,#944,#510,.T.);
#1187=EDGE_CURVE('',#938,#943,#511,.T.);
#1188=EDGE_CURVE('',#939,#944,#512,.T.);
#1189=EDGE_CURVE('',#945,#945,#789,.T.);
#1190=EDGE_CURVE('',#945,#946,#513,.T.);
#1191=EDGE_CURVE('',#946,#946,#790,.T.);
#1192=EDGE_CURVE('',#947,#947,#791,.T.);
#1193=EDGE_CURVE('',#947,#948,#514,.T.);
#1194=EDGE_CURVE('',#948,#948,#792,.T.);
#1195=EDGE_CURVE('',#949,#950,#515,.T.);
#1196=EDGE_CURVE('',#950,#951,#516,.T.);
#1197=EDGE_CURVE('',#952,#951,#517,.T.);
#1198=EDGE_CURVE('',#949,#952,#518,.T.);
#1199=EDGE_CURVE('',#953,#949,#519,.T.);
#1200=EDGE_CURVE('',#954,#952,#520,.T.);
#1201=EDGE_CURVE('',#953,#954,#521,.T.);
#1202=EDGE_CURVE('',#955,#953,#522,.T.);
#1203=EDGE_CURVE('',#956,#954,#523,.T.);
#1204=EDGE_CURVE('',#955,#956,#524,.T.);
#1205=EDGE_CURVE('',#950,#955,#525,.T.);
#1206=EDGE_CURVE('',#951,#956,#526,.T.);
#1207=EDGE_CURVE('',#957,#958,#793,.T.);
#1208=EDGE_CURVE('',#958,#959,#527,.T.);
#1209=EDGE_CURVE('',#959,#960,#794,.T.);
#1210=EDGE_CURVE('',#960,#957,#528,.T.);
#1211=EDGE_CURVE('',#957,#961,#529,.T.);
#1212=EDGE_CURVE('',#962,#961,#795,.T.);
#1213=EDGE_CURVE('',#963,#962,#530,.T.);
#1214=EDGE_CURVE('',#964,#963,#796,.T.);
#1215=EDGE_CURVE('',#965,#964,#531,.T.);
#1216=EDGE_CURVE('',#966,#965,#797,.T.);
#1217=EDGE_CURVE('',#958,#966,#532,.T.);
#1218=EDGE_CURVE('',#960,#967,#533,.T.);
#1219=EDGE_CURVE('',#961,#967,#534,.T.);
#1220=EDGE_CURVE('',#967,#968,#798,.T.);
#1221=EDGE_CURVE('',#968,#962,#535,.T.);
#1222=EDGE_CURVE('',#969,#970,#799,.T.);
#1223=EDGE_CURVE('',#970,#966,#536,.T.);
#1224=EDGE_CURVE('',#965,#969,#537,.T.);
#1225=EDGE_CURVE('',#971,#964,#538,.T.);
#1226=EDGE_CURVE('',#969,#971,#539,.T.);
#1227=EDGE_CURVE('',#963,#972,#540,.T.);
#1228=EDGE_CURVE('',#972,#971,#800,.T.);
#1229=EDGE_CURVE('',#968,#972,#541,.T.);
#1230=EDGE_CURVE('',#970,#959,#542,.T.);
#1231=ORIENTED_EDGE('',*,*,#973,.F.);
#1232=ORIENTED_EDGE('',*,*,#974,.T.);
#1233=ORIENTED_EDGE('',*,*,#975,.T.);
#1234=ORIENTED_EDGE('',*,*,#974,.F.);
#1235=ORIENTED_EDGE('',*,*,#976,.F.);
#1236=ORIENTED_EDGE('',*,*,#977,.T.);
#1237=ORIENTED_EDGE('',*,*,#978,.T.);
#1238=ORIENTED_EDGE('',*,*,#977,.F.);
#1239=ORIENTED_EDGE('',*,*,#979,.F.);
#1240=ORIENTED_EDGE('',*,*,#980,.T.);
#1241=ORIENTED_EDGE('',*,*,#981,.T.);
#1242=ORIENTED_EDGE('',*,*,#980,.F.);
#1243=ORIENTED_EDGE('',*,*,#982,.F.);
#1244=ORIENTED_EDGE('',*,*,#983,.T.);
#1245=ORIENTED_EDGE('',*,*,#984,.T.);
#1246=ORIENTED_EDGE('',*,*,#983,.F.);
#1247=ORIENTED_EDGE('',*,*,#985,.F.);
#1248=ORIENTED_EDGE('',*,*,#986,.T.);
#1249=ORIENTED_EDGE('',*,*,#987,.T.);
#1250=ORIENTED_EDGE('',*,*,#986,.F.);
#1251=ORIENTED_EDGE('',*,*,#988,.F.);
#1252=ORIENTED_EDGE('',*,*,#989,.T.);
#1253=ORIENTED_EDGE('',*,*,#990,.T.);
#1254=ORIENTED_EDGE('',*,*,#989,.F.);
#1255=ORIENTED_EDGE('',*,*,#991,.F.);
#1256=ORIENTED_EDGE('',*,*,#992,.T.);
#1257=ORIENTED_EDGE('',*,*,#993,.T.);
#1258=ORIENTED_EDGE('',*,*,#992,.F.);
#1259=ORIENTED_EDGE('',*,*,#994,.F.);
#1260=ORIENTED_EDGE('',*,*,#995,.T.);
#1261=ORIENTED_EDGE('',*,*,#996,.T.);
#1262=ORIENTED_EDGE('',*,*,#995,.F.);
#1263=ORIENTED_EDGE('',*,*,#997,.F.);
#1264=ORIENTED_EDGE('',*,*,#998,.T.);
#1265=ORIENTED_EDGE('',*,*,#999,.T.);
#1266=ORIENTED_EDGE('',*,*,#998,.F.);
#1267=ORIENTED_EDGE('',*,*,#1000,.F.);
#1268=ORIENTED_EDGE('',*,*,#1001,.T.);
#1269=ORIENTED_EDGE('',*,*,#1002,.T.);
#1270=ORIENTED_EDGE('',*,*,#1001,.F.);
#1271=ORIENTED_EDGE('',*,*,#1003,.F.);
#1272=ORIENTED_EDGE('',*,*,#1004,.T.);
#1273=ORIENTED_EDGE('',*,*,#1005,.T.);
#1274=ORIENTED_EDGE('',*,*,#1004,.F.);
#1275=ORIENTED_EDGE('',*,*,#1006,.F.);
#1276=ORIENTED_EDGE('',*,*,#1007,.T.);
#1277=ORIENTED_EDGE('',*,*,#1008,.T.);
#1278=ORIENTED_EDGE('',*,*,#1007,.F.);
#1279=ORIENTED_EDGE('',*,*,#1009,.F.);
#1280=ORIENTED_EDGE('',*,*,#1010,.T.);
#1281=ORIENTED_EDGE('',*,*,#1011,.T.);
#1282=ORIENTED_EDGE('',*,*,#1010,.F.);
#1283=ORIENTED_EDGE('',*,*,#1012,.F.);
#1284=ORIENTED_EDGE('',*,*,#1013,.T.);
#1285=ORIENTED_EDGE('',*,*,#1014,.T.);
#1286=ORIENTED_EDGE('',*,*,#1013,.F.);
#1287=ORIENTED_EDGE('',*,*,#1015,.F.);
#1288=ORIENTED_EDGE('',*,*,#1016,.T.);
#1289=ORIENTED_EDGE('',*,*,#1017,.T.);
#1290=ORIENTED_EDGE('',*,*,#1016,.F.);
#1291=ORIENTED_EDGE('',*,*,#1018,.F.);
#1292=ORIENTED_EDGE('',*,*,#1019,.T.);
#1293=ORIENTED_EDGE('',*,*,#1020,.T.);
#1294=ORIENTED_EDGE('',*,*,#1019,.F.);
#1295=ORIENTED_EDGE('',*,*,#1021,.F.);
#1296=ORIENTED_EDGE('',*,*,#1022,.T.);
#1297=ORIENTED_EDGE('',*,*,#1023,.T.);
#1298=ORIENTED_EDGE('',*,*,#1022,.F.);
#1299=ORIENTED_EDGE('',*,*,#1024,.F.);
#1300=ORIENTED_EDGE('',*,*,#1025,.T.);
#1301=ORIENTED_EDGE('',*,*,#1026,.T.);
#1302=ORIENTED_EDGE('',*,*,#1025,.F.);
#1303=ORIENTED_EDGE('',*,*,#1027,.T.);
#1304=ORIENTED_EDGE('',*,*,#1028,.T.);
#1305=ORIENTED_EDGE('',*,*,#1029,.F.);
#1306=ORIENTED_EDGE('',*,*,#1030,.F.);
#1307=ORIENTED_EDGE('',*,*,#1031,.T.);
#1308=ORIENTED_EDGE('',*,*,#1030,.T.);
#1309=ORIENTED_EDGE('',*,*,#1032,.F.);
#1310=ORIENTED_EDGE('',*,*,#1033,.F.);
#1311=ORIENTED_EDGE('',*,*,#1034,.F.);
#1312=ORIENTED_EDGE('',*,*,#1033,.T.);
#1313=ORIENTED_EDGE('',*,*,#1035,.F.);
#1314=ORIENTED_EDGE('',*,*,#1036,.F.);
#1315=ORIENTED_EDGE('',*,*,#1037,.T.);
#1316=ORIENTED_EDGE('',*,*,#1036,.T.);
#1317=ORIENTED_EDGE('',*,*,#1038,.F.);
#1318=ORIENTED_EDGE('',*,*,#1039,.F.);
#1319=ORIENTED_EDGE('',*,*,#1040,.F.);
#1320=ORIENTED_EDGE('',*,*,#1039,.T.);
#1321=ORIENTED_EDGE('',*,*,#1041,.F.);
#1322=ORIENTED_EDGE('',*,*,#1042,.F.);
#1323=ORIENTED_EDGE('',*,*,#1043,.T.);
#1324=ORIENTED_EDGE('',*,*,#1042,.T.);
#1325=ORIENTED_EDGE('',*,*,#1044,.F.);
#1326=ORIENTED_EDGE('',*,*,#1045,.F.);
#1327=ORIENTED_EDGE('',*,*,#1046,.F.);
#1328=ORIENTED_EDGE('',*,*,#1045,.T.);
#1329=ORIENTED_EDGE('',*,*,#1047,.F.);
#1330=ORIENTED_EDGE('',*,*,#1048,.F.);
#1331=ORIENTED_EDGE('',*,*,#1049,.T.);
#1332=ORIENTED_EDGE('',*,*,#1048,.T.);
#1333=ORIENTED_EDGE('',*,*,#1050,.F.);
#1334=ORIENTED_EDGE('',*,*,#1051,.F.);
#1335=ORIENTED_EDGE('',*,*,#1052,.F.);
#1336=ORIENTED_EDGE('',*,*,#1051,.T.);
#1337=ORIENTED_EDGE('',*,*,#1053,.F.);
#1338=ORIENTED_EDGE('',*,*,#1054,.F.);
#1339=ORIENTED_EDGE('',*,*,#1055,.T.);
#1340=ORIENTED_EDGE('',*,*,#1054,.T.);
#1341=ORIENTED_EDGE('',*,*,#1056,.F.);
#1342=ORIENTED_EDGE('',*,*,#1057,.F.);
#1343=ORIENTED_EDGE('',*,*,#1058,.F.);
#1344=ORIENTED_EDGE('',*,*,#1057,.T.);
#1345=ORIENTED_EDGE('',*,*,#1059,.F.);
#1346=ORIENTED_EDGE('',*,*,#1060,.F.);
#1347=ORIENTED_EDGE('',*,*,#1061,.T.);
#1348=ORIENTED_EDGE('',*,*,#1060,.T.);
#1349=ORIENTED_EDGE('',*,*,#1062,.F.);
#1350=ORIENTED_EDGE('',*,*,#1063,.F.);
#1351=ORIENTED_EDGE('',*,*,#1064,.F.);
#1352=ORIENTED_EDGE('',*,*,#1063,.T.);
#1353=ORIENTED_EDGE('',*,*,#1065,.F.);
#1354=ORIENTED_EDGE('',*,*,#1066,.F.);
#1355=ORIENTED_EDGE('',*,*,#1067,.T.);
#1356=ORIENTED_EDGE('',*,*,#1066,.T.);
#1357=ORIENTED_EDGE('',*,*,#1068,.F.);
#1358=ORIENTED_EDGE('',*,*,#1069,.F.);
#1359=ORIENTED_EDGE('',*,*,#1070,.F.);
#1360=ORIENTED_EDGE('',*,*,#1069,.T.);
#1361=ORIENTED_EDGE('',*,*,#1071,.F.);
#1362=ORIENTED_EDGE('',*,*,#1072,.F.);
#1363=ORIENTED_EDGE('',*,*,#1073,.T.);
#1364=ORIENTED_EDGE('',*,*,#1072,.T.);
#1365=ORIENTED_EDGE('',*,*,#1074,.F.);
#1366=ORIENTED_EDGE('',*,*,#1075,.F.);
#1367=ORIENTED_EDGE('',*,*,#1076,.F.);
#1368=ORIENTED_EDGE('',*,*,#1075,.T.);
#1369=ORIENTED_EDGE('',*,*,#1077,.F.);
#1370=ORIENTED_EDGE('',*,*,#1078,.F.);
#1371=ORIENTED_EDGE('',*,*,#1079,.T.);
#1372=ORIENTED_EDGE('',*,*,#1078,.T.);
#1373=ORIENTED_EDGE('',*,*,#1080,.F.);
#1374=ORIENTED_EDGE('',*,*,#1081,.F.);
#1375=ORIENTED_EDGE('',*,*,#1082,.F.);
#1376=ORIENTED_EDGE('',*,*,#1081,.T.);
#1377=ORIENTED_EDGE('',*,*,#1083,.F.);
#1378=ORIENTED_EDGE('',*,*,#1084,.F.);
#1379=ORIENTED_EDGE('',*,*,#1085,.T.);
#1380=ORIENTED_EDGE('',*,*,#1084,.T.);
#1381=ORIENTED_EDGE('',*,*,#1086,.F.);
#1382=ORIENTED_EDGE('',*,*,#1087,.F.);
#1383=ORIENTED_EDGE('',*,*,#1088,.T.);
#1384=ORIENTED_EDGE('',*,*,#1087,.T.);
#1385=ORIENTED_EDGE('',*,*,#1089,.F.);
#1386=ORIENTED_EDGE('',*,*,#1090,.F.);
#1387=ORIENTED_EDGE('',*,*,#1091,.T.);
#1388=ORIENTED_EDGE('',*,*,#1090,.T.);
#1389=ORIENTED_EDGE('',*,*,#1092,.F.);
#1390=ORIENTED_EDGE('',*,*,#1093,.F.);
#1391=ORIENTED_EDGE('',*,*,#1094,.F.);
#1392=ORIENTED_EDGE('',*,*,#1093,.T.);
#1393=ORIENTED_EDGE('',*,*,#1095,.F.);
#1394=ORIENTED_EDGE('',*,*,#1096,.F.);
#1395=ORIENTED_EDGE('',*,*,#1097,.T.);
#1396=ORIENTED_EDGE('',*,*,#1096,.T.);
#1397=ORIENTED_EDGE('',*,*,#1098,.F.);
#1398=ORIENTED_EDGE('',*,*,#1099,.F.);
#1399=ORIENTED_EDGE('',*,*,#1100,.F.);
#1400=ORIENTED_EDGE('',*,*,#1099,.T.);
#1401=ORIENTED_EDGE('',*,*,#1101,.F.);
#1402=ORIENTED_EDGE('',*,*,#1102,.F.);
#1403=ORIENTED_EDGE('',*,*,#1103,.T.);
#1404=ORIENTED_EDGE('',*,*,#1102,.T.);
#1405=ORIENTED_EDGE('',*,*,#1104,.F.);
#1406=ORIENTED_EDGE('',*,*,#1105,.F.);
#1407=ORIENTED_EDGE('',*,*,#1106,.F.);
#1408=ORIENTED_EDGE('',*,*,#1105,.T.);
#1409=ORIENTED_EDGE('',*,*,#1107,.F.);
#1410=ORIENTED_EDGE('',*,*,#1108,.F.);
#1411=ORIENTED_EDGE('',*,*,#1109,.T.);
#1412=ORIENTED_EDGE('',*,*,#1108,.T.);
#1413=ORIENTED_EDGE('',*,*,#1110,.F.);
#1414=ORIENTED_EDGE('',*,*,#1111,.F.);
#1415=ORIENTED_EDGE('',*,*,#1112,.F.);
#1416=ORIENTED_EDGE('',*,*,#1111,.T.);
#1417=ORIENTED_EDGE('',*,*,#1113,.F.);
#1418=ORIENTED_EDGE('',*,*,#1114,.F.);
#1419=ORIENTED_EDGE('',*,*,#1115,.T.);
#1420=ORIENTED_EDGE('',*,*,#1114,.T.);
#1421=ORIENTED_EDGE('',*,*,#1116,.F.);
#1422=ORIENTED_EDGE('',*,*,#1117,.F.);
#1423=ORIENTED_EDGE('',*,*,#1118,.F.);
#1424=ORIENTED_EDGE('',*,*,#1117,.T.);
#1425=ORIENTED_EDGE('',*,*,#1119,.F.);
#1426=ORIENTED_EDGE('',*,*,#1120,.F.);
#1427=ORIENTED_EDGE('',*,*,#1121,.T.);
#1428=ORIENTED_EDGE('',*,*,#1120,.T.);
#1429=ORIENTED_EDGE('',*,*,#1122,.F.);
#1430=ORIENTED_EDGE('',*,*,#1123,.F.);
#1431=ORIENTED_EDGE('',*,*,#1124,.F.);
#1432=ORIENTED_EDGE('',*,*,#1123,.T.);
#1433=ORIENTED_EDGE('',*,*,#1125,.F.);
#1434=ORIENTED_EDGE('',*,*,#1126,.F.);
#1435=ORIENTED_EDGE('',*,*,#1127,.T.);
#1436=ORIENTED_EDGE('',*,*,#1126,.T.);
#1437=ORIENTED_EDGE('',*,*,#1128,.F.);
#1438=ORIENTED_EDGE('',*,*,#1129,.F.);
#1439=ORIENTED_EDGE('',*,*,#1130,.F.);
#1440=ORIENTED_EDGE('',*,*,#1129,.T.);
#1441=ORIENTED_EDGE('',*,*,#1131,.F.);
#1442=ORIENTED_EDGE('',*,*,#1132,.F.);
#1443=ORIENTED_EDGE('',*,*,#1133,.T.);
#1444=ORIENTED_EDGE('',*,*,#1132,.T.);
#1445=ORIENTED_EDGE('',*,*,#1134,.F.);
#1446=ORIENTED_EDGE('',*,*,#1135,.F.);
#1447=ORIENTED_EDGE('',*,*,#1136,.F.);
#1448=ORIENTED_EDGE('',*,*,#1135,.T.);
#1449=ORIENTED_EDGE('',*,*,#1137,.F.);
#1450=ORIENTED_EDGE('',*,*,#1138,.F.);
#1451=ORIENTED_EDGE('',*,*,#1139,.T.);
#1452=ORIENTED_EDGE('',*,*,#1138,.T.);
#1453=ORIENTED_EDGE('',*,*,#1140,.F.);
#1454=ORIENTED_EDGE('',*,*,#1141,.F.);
#1455=ORIENTED_EDGE('',*,*,#1142,.F.);
#1456=ORIENTED_EDGE('',*,*,#1141,.T.);
#1457=ORIENTED_EDGE('',*,*,#1143,.F.);
#1458=ORIENTED_EDGE('',*,*,#1144,.F.);
#1459=ORIENTED_EDGE('',*,*,#1145,.T.);
#1460=ORIENTED_EDGE('',*,*,#1144,.T.);
#1461=ORIENTED_EDGE('',*,*,#1146,.F.);
#1462=ORIENTED_EDGE('',*,*,#1028,.F.);
#1463=ORIENTED_EDGE('',*,*,#1146,.T.);
#1464=ORIENTED_EDGE('',*,*,#1143,.T.);
#1465=ORIENTED_EDGE('',*,*,#1140,.T.);
#1466=ORIENTED_EDGE('',*,*,#1137,.T.);
#1467=ORIENTED_EDGE('',*,*,#1134,.T.);
#1468=ORIENTED_EDGE('',*,*,#1131,.T.);
#1469=ORIENTED_EDGE('',*,*,#1128,.T.);
#1470=ORIENTED_EDGE('',*,*,#1125,.T.);
#1471=ORIENTED_EDGE('',*,*,#1122,.T.);
#1472=ORIENTED_EDGE('',*,*,#1119,.T.);
#1473=ORIENTED_EDGE('',*,*,#1116,.T.);
#1474=ORIENTED_EDGE('',*,*,#1113,.T.);
#1475=ORIENTED_EDGE('',*,*,#1110,.T.);
#1476=ORIENTED_EDGE('',*,*,#1107,.T.);
#1477=ORIENTED_EDGE('',*,*,#1104,.T.);
#1478=ORIENTED_EDGE('',*,*,#1101,.T.);
#1479=ORIENTED_EDGE('',*,*,#1098,.T.);
#1480=ORIENTED_EDGE('',*,*,#1095,.T.);
#1481=ORIENTED_EDGE('',*,*,#1092,.T.);
#1482=ORIENTED_EDGE('',*,*,#1089,.T.);
#1483=ORIENTED_EDGE('',*,*,#1086,.T.);
#1484=ORIENTED_EDGE('',*,*,#1083,.T.);
#1485=ORIENTED_EDGE('',*,*,#1080,.T.);
#1486=ORIENTED_EDGE('',*,*,#1077,.T.);
#1487=ORIENTED_EDGE('',*,*,#1074,.T.);
#1488=ORIENTED_EDGE('',*,*,#1071,.T.);
#1489=ORIENTED_EDGE('',*,*,#1068,.T.);
#1490=ORIENTED_EDGE('',*,*,#1065,.T.);
#1491=ORIENTED_EDGE('',*,*,#1062,.T.);
#1492=ORIENTED_EDGE('',*,*,#1059,.T.);
#1493=ORIENTED_EDGE('',*,*,#1056,.T.);
#1494=ORIENTED_EDGE('',*,*,#1053,.T.);
#1495=ORIENTED_EDGE('',*,*,#1050,.T.);
#1496=ORIENTED_EDGE('',*,*,#1047,.T.);
#1497=ORIENTED_EDGE('',*,*,#1044,.T.);
#1498=ORIENTED_EDGE('',*,*,#1041,.T.);
#1499=ORIENTED_EDGE('',*,*,#1038,.T.);
#1500=ORIENTED_EDGE('',*,*,#1035,.T.);
#1501=ORIENTED_EDGE('',*,*,#1032,.T.);
#1502=ORIENTED_EDGE('',*,*,#1029,.T.);
#1503=ORIENTED_EDGE('',*,*,#1024,.T.);
#1504=ORIENTED_EDGE('',*,*,#1021,.T.);
#1505=ORIENTED_EDGE('',*,*,#1018,.T.);
#1506=ORIENTED_EDGE('',*,*,#1015,.T.);
#1507=ORIENTED_EDGE('',*,*,#1012,.T.);
#1508=ORIENTED_EDGE('',*,*,#1009,.T.);
#1509=ORIENTED_EDGE('',*,*,#1006,.T.);
#1510=ORIENTED_EDGE('',*,*,#1003,.T.);
#1511=ORIENTED_EDGE('',*,*,#1000,.T.);
#1512=ORIENTED_EDGE('',*,*,#997,.T.);
#1513=ORIENTED_EDGE('',*,*,#994,.T.);
#1514=ORIENTED_EDGE('',*,*,#991,.T.);
#1515=ORIENTED_EDGE('',*,*,#988,.T.);
#1516=ORIENTED_EDGE('',*,*,#985,.T.);
#1517=ORIENTED_EDGE('',*,*,#982,.T.);
#1518=ORIENTED_EDGE('',*,*,#979,.T.);
#1519=ORIENTED_EDGE('',*,*,#976,.T.);
#1520=ORIENTED_EDGE('',*,*,#973,.T.);
#1521=ORIENTED_EDGE('',*,*,#1145,.F.);
#1522=ORIENTED_EDGE('',*,*,#1027,.F.);
#1523=ORIENTED_EDGE('',*,*,#1031,.F.);
#1524=ORIENTED_EDGE('',*,*,#1034,.T.);
#1525=ORIENTED_EDGE('',*,*,#1037,.F.);
#1526=ORIENTED_EDGE('',*,*,#1040,.T.);
#1527=ORIENTED_EDGE('',*,*,#1043,.F.);
#1528=ORIENTED_EDGE('',*,*,#1046,.T.);
#1529=ORIENTED_EDGE('',*,*,#1049,.F.);
#1530=ORIENTED_EDGE('',*,*,#1052,.T.);
#1531=ORIENTED_EDGE('',*,*,#1055,.F.);
#1532=ORIENTED_EDGE('',*,*,#1058,.T.);
#1533=ORIENTED_EDGE('',*,*,#1061,.F.);
#1534=ORIENTED_EDGE('',*,*,#1064,.T.);
#1535=ORIENTED_EDGE('',*,*,#1067,.F.);
#1536=ORIENTED_EDGE('',*,*,#1070,.T.);
#1537=ORIENTED_EDGE('',*,*,#1073,.F.);
#1538=ORIENTED_EDGE('',*,*,#1076,.T.);
#1539=ORIENTED_EDGE('',*,*,#1079,.F.);
#1540=ORIENTED_EDGE('',*,*,#1082,.T.);
#1541=ORIENTED_EDGE('',*,*,#1085,.F.);
#1542=ORIENTED_EDGE('',*,*,#1088,.F.);
#1543=ORIENTED_EDGE('',*,*,#1091,.F.);
#1544=ORIENTED_EDGE('',*,*,#1094,.T.);
#1545=ORIENTED_EDGE('',*,*,#1097,.F.);
#1546=ORIENTED_EDGE('',*,*,#1100,.T.);
#1547=ORIENTED_EDGE('',*,*,#1103,.F.);
#1548=ORIENTED_EDGE('',*,*,#1106,.T.);
#1549=ORIENTED_EDGE('',*,*,#1109,.F.);
#1550=ORIENTED_EDGE('',*,*,#1112,.T.);
#1551=ORIENTED_EDGE('',*,*,#1115,.F.);
#1552=ORIENTED_EDGE('',*,*,#1118,.T.);
#1553=ORIENTED_EDGE('',*,*,#1121,.F.);
#1554=ORIENTED_EDGE('',*,*,#1124,.T.);
#1555=ORIENTED_EDGE('',*,*,#1127,.F.);
#1556=ORIENTED_EDGE('',*,*,#1130,.T.);
#1557=ORIENTED_EDGE('',*,*,#1133,.F.);
#1558=ORIENTED_EDGE('',*,*,#1136,.T.);
#1559=ORIENTED_EDGE('',*,*,#1139,.F.);
#1560=ORIENTED_EDGE('',*,*,#1142,.T.);
#1561=ORIENTED_EDGE('',*,*,#1026,.F.);
#1562=ORIENTED_EDGE('',*,*,#1023,.F.);
#1563=ORIENTED_EDGE('',*,*,#1020,.F.);
#1564=ORIENTED_EDGE('',*,*,#1017,.F.);
#1565=ORIENTED_EDGE('',*,*,#1014,.F.);
#1566=ORIENTED_EDGE('',*,*,#1011,.F.);
#1567=ORIENTED_EDGE('',*,*,#1008,.F.);
#1568=ORIENTED_EDGE('',*,*,#1005,.F.);
#1569=ORIENTED_EDGE('',*,*,#1002,.F.);
#1570=ORIENTED_EDGE('',*,*,#999,.F.);
#1571=ORIENTED_EDGE('',*,*,#996,.F.);
#1572=ORIENTED_EDGE('',*,*,#993,.F.);
#1573=ORIENTED_EDGE('',*,*,#990,.F.);
#1574=ORIENTED_EDGE('',*,*,#987,.F.);
#1575=ORIENTED_EDGE('',*,*,#984,.F.);
#1576=ORIENTED_EDGE('',*,*,#981,.F.);
#1577=ORIENTED_EDGE('',*,*,#978,.F.);
#1578=ORIENTED_EDGE('',*,*,#975,.F.);
#1579=ORIENTED_EDGE('',*,*,#1147,.T.);
#1580=ORIENTED_EDGE('',*,*,#1148,.T.);
#1581=ORIENTED_EDGE('',*,*,#1149,.F.);
#1582=ORIENTED_EDGE('',*,*,#1150,.F.);
#1583=ORIENTED_EDGE('',*,*,#1151,.T.);
#1584=ORIENTED_EDGE('',*,*,#1150,.T.);
#1585=ORIENTED_EDGE('',*,*,#1152,.F.);
#1586=ORIENTED_EDGE('',*,*,#1153,.F.);
#1587=ORIENTED_EDGE('',*,*,#1154,.T.);
#1588=ORIENTED_EDGE('',*,*,#1153,.T.);
#1589=ORIENTED_EDGE('',*,*,#1155,.F.);
#1590=ORIENTED_EDGE('',*,*,#1156,.F.);
#1591=ORIENTED_EDGE('',*,*,#1157,.T.);
#1592=ORIENTED_EDGE('',*,*,#1156,.T.);
#1593=ORIENTED_EDGE('',*,*,#1158,.F.);
#1594=ORIENTED_EDGE('',*,*,#1148,.F.);
#1595=ORIENTED_EDGE('',*,*,#1157,.F.);
#1596=ORIENTED_EDGE('',*,*,#1147,.F.);
#1597=ORIENTED_EDGE('',*,*,#1151,.F.);
#1598=ORIENTED_EDGE('',*,*,#1154,.F.);
#1599=ORIENTED_EDGE('',*,*,#1158,.T.);
#1600=ORIENTED_EDGE('',*,*,#1155,.T.);
#1601=ORIENTED_EDGE('',*,*,#1152,.T.);
#1602=ORIENTED_EDGE('',*,*,#1149,.T.);
#1603=ORIENTED_EDGE('',*,*,#1159,.F.);
#1604=ORIENTED_EDGE('',*,*,#1160,.T.);
#1605=ORIENTED_EDGE('',*,*,#1161,.F.);
#1606=ORIENTED_EDGE('',*,*,#1160,.F.);
#1607=ORIENTED_EDGE('',*,*,#1162,.T.);
#1608=ORIENTED_EDGE('',*,*,#1163,.T.);
#1609=ORIENTED_EDGE('',*,*,#1164,.F.);
#1610=ORIENTED_EDGE('',*,*,#1165,.F.);
#1611=ORIENTED_EDGE('',*,*,#1166,.T.);
#1612=ORIENTED_EDGE('',*,*,#1165,.T.);
#1613=ORIENTED_EDGE('',*,*,#1167,.F.);
#1614=ORIENTED_EDGE('',*,*,#1168,.F.);
#1615=ORIENTED_EDGE('',*,*,#1169,.T.);
#1616=ORIENTED_EDGE('',*,*,#1168,.T.);
#1617=ORIENTED_EDGE('',*,*,#1170,.F.);
#1618=ORIENTED_EDGE('',*,*,#1171,.F.);
#1619=ORIENTED_EDGE('',*,*,#1172,.T.);
#1620=ORIENTED_EDGE('',*,*,#1171,.T.);
#1621=ORIENTED_EDGE('',*,*,#1173,.F.);
#1622=ORIENTED_EDGE('',*,*,#1163,.F.);
#1623=ORIENTED_EDGE('',*,*,#1172,.F.);
#1624=ORIENTED_EDGE('',*,*,#1162,.F.);
#1625=ORIENTED_EDGE('',*,*,#1166,.F.);
#1626=ORIENTED_EDGE('',*,*,#1169,.F.);
#1627=ORIENTED_EDGE('',*,*,#1161,.T.);
#1628=ORIENTED_EDGE('',*,*,#1173,.T.);
#1629=ORIENTED_EDGE('',*,*,#1170,.T.);
#1630=ORIENTED_EDGE('',*,*,#1167,.T.);
#1631=ORIENTED_EDGE('',*,*,#1164,.T.);
#1632=ORIENTED_EDGE('',*,*,#1159,.T.);
#1633=ORIENTED_EDGE('',*,*,#1174,.F.);
#1634=ORIENTED_EDGE('',*,*,#1175,.T.);
#1635=ORIENTED_EDGE('',*,*,#1176,.F.);
#1636=ORIENTED_EDGE('',*,*,#1175,.F.);
#1637=ORIENTED_EDGE('',*,*,#1177,.T.);
#1638=ORIENTED_EDGE('',*,*,#1178,.T.);
#1639=ORIENTED_EDGE('',*,*,#1179,.F.);
#1640=ORIENTED_EDGE('',*,*,#1180,.F.);
#1641=ORIENTED_EDGE('',*,*,#1181,.T.);
#1642=ORIENTED_EDGE('',*,*,#1180,.T.);
#1643=ORIENTED_EDGE('',*,*,#1182,.F.);
#1644=ORIENTED_EDGE('',*,*,#1183,.F.);
#1645=ORIENTED_EDGE('',*,*,#1184,.T.);
#1646=ORIENTED_EDGE('',*,*,#1183,.T.);
#1647=ORIENTED_EDGE('',*,*,#1185,.F.);
#1648=ORIENTED_EDGE('',*,*,#1186,.F.);
#1649=ORIENTED_EDGE('',*,*,#1187,.T.);
#1650=ORIENTED_EDGE('',*,*,#1186,.T.);
#1651=ORIENTED_EDGE('',*,*,#1188,.F.);
#1652=ORIENTED_EDGE('',*,*,#1178,.F.);
#1653=ORIENTED_EDGE('',*,*,#1187,.F.);
#1654=ORIENTED_EDGE('',*,*,#1177,.F.);
#1655=ORIENTED_EDGE('',*,*,#1181,.F.);
#1656=ORIENTED_EDGE('',*,*,#1184,.F.);
#1657=ORIENTED_EDGE('',*,*,#1176,.T.);
#1658=ORIENTED_EDGE('',*,*,#1188,.T.);
#1659=ORIENTED_EDGE('',*,*,#1185,.T.);
#1660=ORIENTED_EDGE('',*,*,#1182,.T.);
#1661=ORIENTED_EDGE('',*,*,#1179,.T.);
#1662=ORIENTED_EDGE('',*,*,#1174,.T.);
#1663=ORIENTED_EDGE('',*,*,#1189,.F.);
#1664=ORIENTED_EDGE('',*,*,#1190,.T.);
#1665=ORIENTED_EDGE('',*,*,#1191,.F.);
#1666=ORIENTED_EDGE('',*,*,#1190,.F.);
#1667=ORIENTED_EDGE('',*,*,#1191,.T.);
#1668=ORIENTED_EDGE('',*,*,#1189,.T.);
#1669=ORIENTED_EDGE('',*,*,#1192,.F.);
#1670=ORIENTED_EDGE('',*,*,#1193,.T.);
#1671=ORIENTED_EDGE('',*,*,#1194,.F.);
#1672=ORIENTED_EDGE('',*,*,#1193,.F.);
#1673=ORIENTED_EDGE('',*,*,#1194,.T.);
#1674=ORIENTED_EDGE('',*,*,#1192,.T.);
#1675=ORIENTED_EDGE('',*,*,#1195,.T.);
#1676=ORIENTED_EDGE('',*,*,#1196,.T.);
#1677=ORIENTED_EDGE('',*,*,#1197,.F.);
#1678=ORIENTED_EDGE('',*,*,#1198,.F.);
#1679=ORIENTED_EDGE('',*,*,#1199,.T.);
#1680=ORIENTED_EDGE('',*,*,#1198,.T.);
#1681=ORIENTED_EDGE('',*,*,#1200,.F.);
#1682=ORIENTED_EDGE('',*,*,#1201,.F.);
#1683=ORIENTED_EDGE('',*,*,#1202,.T.);
#1684=ORIENTED_EDGE('',*,*,#1201,.T.);
#1685=ORIENTED_EDGE('',*,*,#1203,.F.);
#1686=ORIENTED_EDGE('',*,*,#1204,.F.);
#1687=ORIENTED_EDGE('',*,*,#1205,.T.);
#1688=ORIENTED_EDGE('',*,*,#1204,.T.);
#1689=ORIENTED_EDGE('',*,*,#1206,.F.);
#1690=ORIENTED_EDGE('',*,*,#1196,.F.);
#1691=ORIENTED_EDGE('',*,*,#1205,.F.);
#1692=ORIENTED_EDGE('',*,*,#1195,.F.);
#1693=ORIENTED_EDGE('',*,*,#1199,.F.);
#1694=ORIENTED_EDGE('',*,*,#1202,.F.);
#1695=ORIENTED_EDGE('',*,*,#1206,.T.);
#1696=ORIENTED_EDGE('',*,*,#1203,.T.);
#1697=ORIENTED_EDGE('',*,*,#1200,.T.);
#1698=ORIENTED_EDGE('',*,*,#1197,.T.);
#1699=ORIENTED_EDGE('',*,*,#1207,.T.);
#1700=ORIENTED_EDGE('',*,*,#1208,.T.);
#1701=ORIENTED_EDGE('',*,*,#1209,.T.);
#1702=ORIENTED_EDGE('',*,*,#1210,.T.);
#1703=ORIENTED_EDGE('',*,*,#1207,.F.);
#1704=ORIENTED_EDGE('',*,*,#1211,.T.);
#1705=ORIENTED_EDGE('',*,*,#1212,.F.);
#1706=ORIENTED_EDGE('',*,*,#1213,.F.);
#1707=ORIENTED_EDGE('',*,*,#1214,.F.);
#1708=ORIENTED_EDGE('',*,*,#1215,.F.);
#1709=ORIENTED_EDGE('',*,*,#1216,.F.);
#1710=ORIENTED_EDGE('',*,*,#1217,.F.);
#1711=ORIENTED_EDGE('',*,*,#1210,.F.);
#1712=ORIENTED_EDGE('',*,*,#1218,.T.);
#1713=ORIENTED_EDGE('',*,*,#1219,.F.);
#1714=ORIENTED_EDGE('',*,*,#1211,.F.);
#1715=ORIENTED_EDGE('',*,*,#1220,.T.);
#1716=ORIENTED_EDGE('',*,*,#1221,.T.);
#1717=ORIENTED_EDGE('',*,*,#1212,.T.);
#1718=ORIENTED_EDGE('',*,*,#1219,.T.);
#1719=ORIENTED_EDGE('',*,*,#1222,.T.);
#1720=ORIENTED_EDGE('',*,*,#1223,.T.);
#1721=ORIENTED_EDGE('',*,*,#1216,.T.);
#1722=ORIENTED_EDGE('',*,*,#1224,.T.);
#1723=ORIENTED_EDGE('',*,*,#1224,.F.);
#1724=ORIENTED_EDGE('',*,*,#1215,.T.);
#1725=ORIENTED_EDGE('',*,*,#1225,.F.);
#1726=ORIENTED_EDGE('',*,*,#1226,.F.);
#1727=ORIENTED_EDGE('',*,*,#1214,.T.);
#1728=ORIENTED_EDGE('',*,*,#1227,.T.);
#1729=ORIENTED_EDGE('',*,*,#1228,.T.);
#1730=ORIENTED_EDGE('',*,*,#1225,.T.);
#1731=ORIENTED_EDGE('',*,*,#1221,.F.);
#1732=ORIENTED_EDGE('',*,*,#1229,.T.);
#1733=ORIENTED_EDGE('',*,*,#1227,.F.);
#1734=ORIENTED_EDGE('',*,*,#1213,.T.);
#1735=ORIENTED_EDGE('',*,*,#1209,.F.);
#1736=ORIENTED_EDGE('',*,*,#1230,.F.);
#1737=ORIENTED_EDGE('',*,*,#1222,.F.);
#1738=ORIENTED_EDGE('',*,*,#1226,.T.);
#1739=ORIENTED_EDGE('',*,*,#1228,.F.);
#1740=ORIENTED_EDGE('',*,*,#1229,.F.);
#1741=ORIENTED_EDGE('',*,*,#1220,.F.);
#1742=ORIENTED_EDGE('',*,*,#1218,.F.);
#1743=ORIENTED_EDGE('',*,*,#1208,.F.);
#1744=ORIENTED_EDGE('',*,*,#1217,.T.);
#1745=ORIENTED_EDGE('',*,*,#1223,.F.);
#1746=ORIENTED_EDGE('',*,*,#1230,.T.);
#1747=CYLINDRICAL_SURFACE('',#1914,0.499999999999998);
#1748=CYLINDRICAL_SURFACE('',#1917,0.499999999999998);
#1749=CYLINDRICAL_SURFACE('',#1920,0.499999999999998);
#1750=CYLINDRICAL_SURFACE('',#1923,0.499999999999998);
#1751=CYLINDRICAL_SURFACE('',#1926,0.499999999999998);
#1752=CYLINDRICAL_SURFACE('',#1929,0.499999999999998);
#1753=CYLINDRICAL_SURFACE('',#1932,0.499999999999998);
#1754=CYLINDRICAL_SURFACE('',#1935,0.499999999999998);
#1755=CYLINDRICAL_SURFACE('',#1938,0.499999999999998);
#1756=CYLINDRICAL_SURFACE('',#1941,0.499999999999998);
#1757=CYLINDRICAL_SURFACE('',#1944,0.499999999999998);
#1758=CYLINDRICAL_SURFACE('',#1947,0.499999999999998);
#1759=CYLINDRICAL_SURFACE('',#1950,0.499999999999998);
#1760=CYLINDRICAL_SURFACE('',#1953,0.499999999999998);
#1761=CYLINDRICAL_SURFACE('',#1956,0.499999999999998);
#1762=CYLINDRICAL_SURFACE('',#1959,0.499999999999998);
#1763=CYLINDRICAL_SURFACE('',#1962,0.499999999999998);
#1764=CYLINDRICAL_SURFACE('',#1965,0.499999999999998);
#1765=CYLINDRICAL_SURFACE('',#1970,0.5);
#1766=CYLINDRICAL_SURFACE('',#1974,0.5);
#1767=CYLINDRICAL_SURFACE('',#1978,0.5);
#1768=CYLINDRICAL_SURFACE('',#1982,0.5);
#1769=CYLINDRICAL_SURFACE('',#1986,0.5);
#1770=CYLINDRICAL_SURFACE('',#1990,0.5);
#1771=CYLINDRICAL_SURFACE('',#1994,0.5);
#1772=CYLINDRICAL_SURFACE('',#1998,0.5);
#1773=CYLINDRICAL_SURFACE('',#2002,0.5);
#1774=CYLINDRICAL_SURFACE('',#2008,0.5);
#1775=CYLINDRICAL_SURFACE('',#2012,0.5);
#1776=CYLINDRICAL_SURFACE('',#2016,0.5);
#1777=CYLINDRICAL_SURFACE('',#2020,0.5);
#1778=CYLINDRICAL_SURFACE('',#2024,0.5);
#1779=CYLINDRICAL_SURFACE('',#2028,0.5);
#1780=CYLINDRICAL_SURFACE('',#2032,0.5);
#1781=CYLINDRICAL_SURFACE('',#2036,0.5);
#1782=CYLINDRICAL_SURFACE('',#2040,0.5);
#1783=CYLINDRICAL_SURFACE('',#2052,0.750000000000001);
#1784=CYLINDRICAL_SURFACE('',#2061,0.75);
#1785=CYLINDRICAL_SURFACE('',#2070,0.750000000000001);
#1786=CYLINDRICAL_SURFACE('',#2075,0.75);
#1787=CYLINDRICAL_SURFACE('',#2086,1.);
#1788=CYLINDRICAL_SURFACE('',#2094,1.);
#1789=CYLINDRICAL_SURFACE('',#2096,1.);
#1790=CYLINDRICAL_SURFACE('',#2099,1.);
#1791=ADVANCED_FACE('',(#129),#1747,.F.);
#1792=ADVANCED_FACE('',(#130),#1748,.F.);
#1793=ADVANCED_FACE('',(#131),#1749,.F.);
#1794=ADVANCED_FACE('',(#132),#1750,.F.);
#1795=ADVANCED_FACE('',(#133),#1751,.F.);
#1796=ADVANCED_FACE('',(#134),#1752,.F.);
#1797=ADVANCED_FACE('',(#135),#1753,.F.);
#1798=ADVANCED_FACE('',(#136),#1754,.F.);
#1799=ADVANCED_FACE('',(#137),#1755,.F.);
#1800=ADVANCED_FACE('',(#138),#1756,.F.);
#1801=ADVANCED_FACE('',(#139),#1757,.F.);
#1802=ADVANCED_FACE('',(#140),#1758,.F.);
#1803=ADVANCED_FACE('',(#141),#1759,.F.);
#1804=ADVANCED_FACE('',(#142),#1760,.F.);
#1805=ADVANCED_FACE('',(#143),#1761,.F.);
#1806=ADVANCED_FACE('',(#144),#1762,.F.);
#1807=ADVANCED_FACE('',(#145),#1763,.F.);
#1808=ADVANCED_FACE('',(#146),#1764,.F.);
#1809=ADVANCED_FACE('',(#147),#71,.T.);
#1810=ADVANCED_FACE('',(#148),#72,.T.);
#1811=ADVANCED_FACE('',(#149),#1765,.F.);
#1812=ADVANCED_FACE('',(#150),#73,.T.);
#1813=ADVANCED_FACE('',(#151),#1766,.F.);
#1814=ADVANCED_FACE('',(#152),#74,.T.);
#1815=ADVANCED_FACE('',(#153),#1767,.F.);
#1816=ADVANCED_FACE('',(#154),#75,.T.);
#1817=ADVANCED_FACE('',(#155),#1768,.F.);
#1818=ADVANCED_FACE('',(#156),#76,.T.);
#1819=ADVANCED_FACE('',(#157),#1769,.F.);
#1820=ADVANCED_FACE('',(#158),#77,.T.);
#1821=ADVANCED_FACE('',(#159),#1770,.F.);
#1822=ADVANCED_FACE('',(#160),#78,.T.);
#1823=ADVANCED_FACE('',(#161),#1771,.F.);
#1824=ADVANCED_FACE('',(#162),#79,.T.);
#1825=ADVANCED_FACE('',(#163),#1772,.F.);
#1826=ADVANCED_FACE('',(#164),#80,.T.);
#1827=ADVANCED_FACE('',(#165),#1773,.F.);
#1828=ADVANCED_FACE('',(#166),#81,.T.);
#1829=ADVANCED_FACE('',(#167),#82,.T.);
#1830=ADVANCED_FACE('',(#168),#83,.T.);
#1831=ADVANCED_FACE('',(#169),#1774,.F.);
#1832=ADVANCED_FACE('',(#170),#84,.T.);
#1833=ADVANCED_FACE('',(#171),#1775,.F.);
#1834=ADVANCED_FACE('',(#172),#85,.T.);
#1835=ADVANCED_FACE('',(#173),#1776,.F.);
#1836=ADVANCED_FACE('',(#174),#86,.T.);
#1837=ADVANCED_FACE('',(#175),#1777,.F.);
#1838=ADVANCED_FACE('',(#176),#87,.T.);
#1839=ADVANCED_FACE('',(#177),#1778,.F.);
#1840=ADVANCED_FACE('',(#178),#88,.T.);
#1841=ADVANCED_FACE('',(#179),#1779,.F.);
#1842=ADVANCED_FACE('',(#180),#89,.T.);
#1843=ADVANCED_FACE('',(#181),#1780,.F.);
#1844=ADVANCED_FACE('',(#182),#90,.T.);
#1845=ADVANCED_FACE('',(#183),#1781,.F.);
#1846=ADVANCED_FACE('',(#184),#91,.T.);
#1847=ADVANCED_FACE('',(#185),#1782,.F.);
#1848=ADVANCED_FACE('',(#186),#92,.T.);
#1849=ADVANCED_FACE('',(#187,#21,#22,#23,#24,#25,#26,#27,#28,#29,#30,#31,
#32,#33,#34,#35,#36,#37,#38),#93,.T.);
#1850=ADVANCED_FACE('',(#188,#39,#40,#41,#42,#43,#44,#45,#46,#47,#48,#49,
#50,#51,#52,#53,#54,#55,#56),#94,.F.);
#1851=ADVANCED_FACE('',(#189),#95,.T.);
#1852=ADVANCED_FACE('',(#190),#96,.T.);
#1853=ADVANCED_FACE('',(#191),#97,.T.);
#1854=ADVANCED_FACE('',(#192),#98,.T.);
#1855=ADVANCED_FACE('',(#193),#99,.T.);
#1856=ADVANCED_FACE('',(#194),#100,.T.);
#1857=ADVANCED_FACE('',(#195),#1783,.F.);
#1858=ADVANCED_FACE('',(#196),#101,.T.);
#1859=ADVANCED_FACE('',(#197),#102,.T.);
#1860=ADVANCED_FACE('',(#198),#103,.T.);
#1861=ADVANCED_FACE('',(#199),#104,.T.);
#1862=ADVANCED_FACE('',(#200,#57),#105,.T.);
#1863=ADVANCED_FACE('',(#201,#58),#106,.F.);
#1864=ADVANCED_FACE('',(#202),#1784,.F.);
#1865=ADVANCED_FACE('',(#203),#107,.T.);
#1866=ADVANCED_FACE('',(#204),#108,.T.);
#1867=ADVANCED_FACE('',(#205),#109,.T.);
#1868=ADVANCED_FACE('',(#206),#110,.T.);
#1869=ADVANCED_FACE('',(#207,#59),#111,.T.);
#1870=ADVANCED_FACE('',(#208,#60),#112,.F.);
#1871=ADVANCED_FACE('',(#209),#1785,.T.);
#1872=ADVANCED_FACE('',(#210),#113,.T.);
#1873=ADVANCED_FACE('',(#211),#114,.F.);
#1874=ADVANCED_FACE('',(#212),#1786,.T.);
#1875=ADVANCED_FACE('',(#213),#115,.T.);
#1876=ADVANCED_FACE('',(#214),#116,.F.);
#1877=ADVANCED_FACE('',(#215),#117,.T.);
#1878=ADVANCED_FACE('',(#216),#118,.T.);
#1879=ADVANCED_FACE('',(#217),#119,.T.);
#1880=ADVANCED_FACE('',(#218),#120,.T.);
#1881=ADVANCED_FACE('',(#219),#121,.T.);
#1882=ADVANCED_FACE('',(#220),#122,.T.);
#1883=ADVANCED_FACE('',(#221),#1787,.T.);
#1884=ADVANCED_FACE('',(#222),#123,.T.);
#1885=ADVANCED_FACE('',(#223),#124,.T.);
#1886=ADVANCED_FACE('',(#224),#1788,.T.);
#1887=ADVANCED_FACE('',(#225),#1789,.T.);
#1888=ADVANCED_FACE('',(#226),#125,.T.);
#1889=ADVANCED_FACE('',(#227),#1790,.T.);
#1890=ADVANCED_FACE('',(#228),#126,.T.);
#1891=ADVANCED_FACE('',(#229),#127,.T.);
#1892=ADVANCED_FACE('',(#230),#128,.T.);
#1893=CLOSED_SHELL('',(#1791,#1792,#1793,#1794,#1795,#1796,#1797,#1798,
#1799,#1800,#1801,#1802,#1803,#1804,#1805,#1806,#1807,#1808,#1809,#1810,
#1811,#1812,#1813,#1814,#1815,#1816,#1817,#1818,#1819,#1820,#1821,#1822,
#1823,#1824,#1825,#1826,#1827,#1828,#1829,#1830,#1831,#1832,#1833,#1834,
#1835,#1836,#1837,#1838,#1839,#1840,#1841,#1842,#1843,#1844,#1845,#1846,
#1847,#1848,#1849,#1850));
#1894=CLOSED_SHELL('',(#1851,#1852,#1853,#1854,#1855,#1856));
#1895=CLOSED_SHELL('',(#1857,#1858,#1859,#1860,#1861,#1862,#1863));
#1896=CLOSED_SHELL('',(#1864,#1865,#1866,#1867,#1868,#1869,#1870));
#1897=CLOSED_SHELL('',(#1871,#1872,#1873));
#1898=CLOSED_SHELL('',(#1874,#1875,#1876));
#1899=CLOSED_SHELL('',(#1877,#1878,#1879,#1880,#1881,#1882));
#1900=CLOSED_SHELL('',(#1883,#1884,#1885,#1886,#1887,#1888,#1889,#1890,
#1891,#1892));
#1901=DERIVED_UNIT_ELEMENT(#1903,1.);
#1902=DERIVED_UNIT_ELEMENT(#3194,-3.);
#1903=(
MASS_UNIT()
NAMED_UNIT(*)
SI_UNIT(.KILO.,.GRAM.)
);
#1904=DERIVED_UNIT((#1901,#1902));
#1905=MEASURE_REPRESENTATION_ITEM('density measure',
POSITIVE_RATIO_MEASURE(7850.),#1904);
#1906=PROPERTY_DEFINITION_REPRESENTATION(#1911,#1908);
#1907=PROPERTY_DEFINITION_REPRESENTATION(#1912,#1909);
#1908=REPRESENTATION('material name',(#1910),#3191);
#1909=REPRESENTATION('density',(#1905),#3191);
#1910=DESCRIPTIVE_REPRESENTATION_ITEM('Steel','Steel');
#1911=PROPERTY_DEFINITION('material property','material name',#3201);
#1912=PROPERTY_DEFINITION('material property','density of part',#3201);
#1913=AXIS2_PLACEMENT_3D('',#2656,#2104,#2105);
#1914=AXIS2_PLACEMENT_3D('',#2657,#2106,#2107);
#1915=AXIS2_PLACEMENT_3D('',#2659,#2108,#2109);
#1916=AXIS2_PLACEMENT_3D('',#2662,#2111,#2112);
#1917=AXIS2_PLACEMENT_3D('',#2663,#2113,#2114);
#1918=AXIS2_PLACEMENT_3D('',#2665,#2115,#2116);
#1919=AXIS2_PLACEMENT_3D('',#2668,#2118,#2119);
#1920=AXIS2_PLACEMENT_3D('',#2669,#2120,#2121);
#1921=AXIS2_PLACEMENT_3D('',#2671,#2122,#2123);
#1922=AXIS2_PLACEMENT_3D('',#2674,#2125,#2126);
#1923=AXIS2_PLACEMENT_3D('',#2675,#2127,#2128);
#1924=AXIS2_PLACEMENT_3D('',#2677,#2129,#2130);
#1925=AXIS2_PLACEMENT_3D('',#2680,#2132,#2133);
#1926=AXIS2_PLACEMENT_3D('',#2681,#2134,#2135);
#1927=AXIS2_PLACEMENT_3D('',#2683,#2136,#2137);
#1928=AXIS2_PLACEMENT_3D('',#2686,#2139,#2140);
#1929=AXIS2_PLACEMENT_3D('',#2687,#2141,#2142);
#1930=AXIS2_PLACEMENT_3D('',#2689,#2143,#2144);
#1931=AXIS2_PLACEMENT_3D('',#2692,#2146,#2147);
#1932=AXIS2_PLACEMENT_3D('',#2693,#2148,#2149);
#1933=AXIS2_PLACEMENT_3D('',#2695,#2150,#2151);
#1934=AXIS2_PLACEMENT_3D('',#2698,#2153,#2154);
#1935=AXIS2_PLACEMENT_3D('',#2699,#2155,#2156);
#1936=AXIS2_PLACEMENT_3D('',#2701,#2157,#2158);
#1937=AXIS2_PLACEMENT_3D('',#2704,#2160,#2161);
#1938=AXIS2_PLACEMENT_3D('',#2705,#2162,#2163);
#1939=AXIS2_PLACEMENT_3D('',#2707,#2164,#2165);
#1940=AXIS2_PLACEMENT_3D('',#2710,#2167,#2168);
#1941=AXIS2_PLACEMENT_3D('',#2711,#2169,#2170);
#1942=AXIS2_PLACEMENT_3D('',#2713,#2171,#2172);
#1943=AXIS2_PLACEMENT_3D('',#2716,#2174,#2175);
#1944=AXIS2_PLACEMENT_3D('',#2717,#2176,#2177);
#1945=AXIS2_PLACEMENT_3D('',#2719,#2178,#2179);
#1946=AXIS2_PLACEMENT_3D('',#2722,#2181,#2182);
#1947=AXIS2_PLACEMENT_3D('',#2723,#2183,#2184);
#1948=AXIS2_PLACEMENT_3D('',#2725,#2185,#2186);
#1949=AXIS2_PLACEMENT_3D('',#2728,#2188,#2189);
#1950=AXIS2_PLACEMENT_3D('',#2729,#2190,#2191);
#1951=AXIS2_PLACEMENT_3D('',#2731,#2192,#2193);
#1952=AXIS2_PLACEMENT_3D('',#2734,#2195,#2196);
#1953=AXIS2_PLACEMENT_3D('',#2735,#2197,#2198);
#1954=AXIS2_PLACEMENT_3D('',#2737,#2199,#2200);
#1955=AXIS2_PLACEMENT_3D('',#2740,#2202,#2203);
#1956=AXIS2_PLACEMENT_3D('',#2741,#2204,#2205);
#1957=AXIS2_PLACEMENT_3D('',#2743,#2206,#2207);
#1958=AXIS2_PLACEMENT_3D('',#2746,#2209,#2210);
#1959=AXIS2_PLACEMENT_3D('',#2747,#2211,#2212);
#1960=AXIS2_PLACEMENT_3D('',#2749,#2213,#2214);
#1961=AXIS2_PLACEMENT_3D('',#2752,#2216,#2217);
#1962=AXIS2_PLACEMENT_3D('',#2753,#2218,#2219);
#1963=AXIS2_PLACEMENT_3D('',#2755,#2220,#2221);
#1964=AXIS2_PLACEMENT_3D('',#2758,#2223,#2224);
#1965=AXIS2_PLACEMENT_3D('',#2759,#2225,#2226);
#1966=AXIS2_PLACEMENT_3D('',#2761,#2227,#2228);
#1967=AXIS2_PLACEMENT_3D('',#2764,#2230,#2231);
#1968=AXIS2_PLACEMENT_3D('',#2765,#2232,#2233);
#1969=AXIS2_PLACEMENT_3D('',#2774,#2238,#2239);
#1970=AXIS2_PLACEMENT_3D('',#2780,#2243,#2244);
#1971=AXIS2_PLACEMENT_3D('',#2782,#2245,#2246);
#1972=AXIS2_PLACEMENT_3D('',#2784,#2247,#2248);
#1973=AXIS2_PLACEMENT_3D('',#2786,#2250,#2251);
#1974=AXIS2_PLACEMENT_3D('',#2792,#2255,#2256);
#1975=AXIS2_PLACEMENT_3D('',#2794,#2257,#2258);
#1976=AXIS2_PLACEMENT_3D('',#2796,#2259,#2260);
#1977=AXIS2_PLACEMENT_3D('',#2798,#2262,#2263);
#1978=AXIS2_PLACEMENT_3D('',#2804,#2267,#2268);
#1979=AXIS2_PLACEMENT_3D('',#2806,#2269,#2270);
#1980=AXIS2_PLACEMENT_3D('',#2808,#2271,#2272);
#1981=AXIS2_PLACEMENT_3D('',#2810,#2274,#2275);
#1982=AXIS2_PLACEMENT_3D('',#2816,#2279,#2280);
#1983=AXIS2_PLACEMENT_3D('',#2818,#2281,#2282);
#1984=AXIS2_PLACEMENT_3D('',#2820,#2283,#2284);
#1985=AXIS2_PLACEMENT_3D('',#2822,#2286,#2287);
#1986=AXIS2_PLACEMENT_3D('',#2828,#2291,#2292);
#1987=AXIS2_PLACEMENT_3D('',#2830,#2293,#2294);
#1988=AXIS2_PLACEMENT_3D('',#2832,#2295,#2296);
#1989=AXIS2_PLACEMENT_3D('',#2834,#2298,#2299);
#1990=AXIS2_PLACEMENT_3D('',#2840,#2303,#2304);
#1991=AXIS2_PLACEMENT_3D('',#2842,#2305,#2306);
#1992=AXIS2_PLACEMENT_3D('',#2844,#2307,#2308);
#1993=AXIS2_PLACEMENT_3D('',#2846,#2310,#2311);
#1994=AXIS2_PLACEMENT_3D('',#2852,#2315,#2316);
#1995=AXIS2_PLACEMENT_3D('',#2854,#2317,#2318);
#1996=AXIS2_PLACEMENT_3D('',#2856,#2319,#2320);
#1997=AXIS2_PLACEMENT_3D('',#2858,#2322,#2323);
#1998=AXIS2_PLACEMENT_3D('',#2864,#2327,#2328);
#1999=AXIS2_PLACEMENT_3D('',#2866,#2329,#2330);
#2000=AXIS2_PLACEMENT_3D('',#2868,#2331,#2332);
#2001=AXIS2_PLACEMENT_3D('',#2870,#2334,#2335);
#2002=AXIS2_PLACEMENT_3D('',#2876,#2339,#2340);
#2003=AXIS2_PLACEMENT_3D('',#2878,#2341,#2342);
#2004=AXIS2_PLACEMENT_3D('',#2880,#2343,#2344);
#2005=AXIS2_PLACEMENT_3D('',#2882,#2346,#2347);
#2006=AXIS2_PLACEMENT_3D('',#2888,#2351,#2352);
#2007=AXIS2_PLACEMENT_3D('',#2894,#2356,#2357);
#2008=AXIS2_PLACEMENT_3D('',#2900,#2361,#2362);
#2009=AXIS2_PLACEMENT_3D('',#2902,#2363,#2364);
#2010=AXIS2_PLACEMENT_3D('',#2904,#2365,#2366);
#2011=AXIS2_PLACEMENT_3D('',#2906,#2368,#2369);
#2012=AXIS2_PLACEMENT_3D('',#2912,#2373,#2374);
#2013=AXIS2_PLACEMENT_3D('',#2914,#2375,#2376);
#2014=AXIS2_PLACEMENT_3D('',#2916,#2377,#2378);
#2015=AXIS2_PLACEMENT_3D('',#2918,#2380,#2381);
#2016=AXIS2_PLACEMENT_3D('',#2924,#2385,#2386);
#2017=AXIS2_PLACEMENT_3D('',#2926,#2387,#2388);
#2018=AXIS2_PLACEMENT_3D('',#2928,#2389,#2390);
#2019=AXIS2_PLACEMENT_3D('',#2930,#2392,#2393);
#2020=AXIS2_PLACEMENT_3D('',#2936,#2397,#2398);
#2021=AXIS2_PLACEMENT_3D('',#2938,#2399,#2400);
#2022=AXIS2_PLACEMENT_3D('',#2940,#2401,#2402);
#2023=AXIS2_PLACEMENT_3D('',#2942,#2404,#2405);
#2024=AXIS2_PLACEMENT_3D('',#2948,#2409,#2410);
#2025=AXIS2_PLACEMENT_3D('',#2950,#2411,#2412);
#2026=AXIS2_PLACEMENT_3D('',#2952,#2413,#2414);
#2027=AXIS2_PLACEMENT_3D('',#2954,#2416,#2417);
#2028=AXIS2_PLACEMENT_3D('',#2960,#2421,#2422);
#2029=AXIS2_PLACEMENT_3D('',#2962,#2423,#2424);
#2030=AXIS2_PLACEMENT_3D('',#2964,#2425,#2426);
#2031=AXIS2_PLACEMENT_3D('',#2966,#2428,#2429);
#2032=AXIS2_PLACEMENT_3D('',#2972,#2433,#2434);
#2033=AXIS2_PLACEMENT_3D('',#2974,#2435,#2436);
#2034=AXIS2_PLACEMENT_3D('',#2976,#2437,#2438);
#2035=AXIS2_PLACEMENT_3D('',#2978,#2440,#2441);
#2036=AXIS2_PLACEMENT_3D('',#2984,#2445,#2446);
#2037=AXIS2_PLACEMENT_3D('',#2986,#2447,#2448);
#2038=AXIS2_PLACEMENT_3D('',#2988,#2449,#2450);
#2039=AXIS2_PLACEMENT_3D('',#2990,#2452,#2453);
#2040=AXIS2_PLACEMENT_3D('',#2996,#2457,#2458);
#2041=AXIS2_PLACEMENT_3D('',#2998,#2459,#2460);
#2042=AXIS2_PLACEMENT_3D('',#3000,#2461,#2462);
#2043=AXIS2_PLACEMENT_3D('',#3002,#2464,#2465);
#2044=AXIS2_PLACEMENT_3D('',#3005,#2468,#2469);
#2045=AXIS2_PLACEMENT_3D('',#3006,#2470,#2471);
#2046=AXIS2_PLACEMENT_3D('',#3007,#2472,#2473);
#2047=AXIS2_PLACEMENT_3D('',#3016,#2478,#2479);
#2048=AXIS2_PLACEMENT_3D('',#3022,#2483,#2484);
#2049=AXIS2_PLACEMENT_3D('',#3028,#2488,#2489);
#2050=AXIS2_PLACEMENT_3D('',#3031,#2492,#2493);
#2051=AXIS2_PLACEMENT_3D('',#3032,#2494,#2495);
#2052=AXIS2_PLACEMENT_3D('',#3033,#2496,#2497);
#2053=AXIS2_PLACEMENT_3D('',#3035,#2498,#2499);
#2054=AXIS2_PLACEMENT_3D('',#3038,#2501,#2502);
#2055=AXIS2_PLACEMENT_3D('',#3039,#2503,#2504);
#2056=AXIS2_PLACEMENT_3D('',#3048,#2509,#2510);
#2057=AXIS2_PLACEMENT_3D('',#3054,#2514,#2515);
#2058=AXIS2_PLACEMENT_3D('',#3060,#2519,#2520);
#2059=AXIS2_PLACEMENT_3D('',#3063,#2523,#2524);
#2060=AXIS2_PLACEMENT_3D('',#3064,#2525,#2526);
#2061=AXIS2_PLACEMENT_3D('',#3065,#2527,#2528);
#2062=AXIS2_PLACEMENT_3D('',#3067,#2529,#2530);
#2063=AXIS2_PLACEMENT_3D('',#3070,#2532,#2533);
#2064=AXIS2_PLACEMENT_3D('',#3071,#2534,#2535);
#2065=AXIS2_PLACEMENT_3D('',#3080,#2540,#2541);
#2066=AXIS2_PLACEMENT_3D('',#3086,#2545,#2546);
#2067=AXIS2_PLACEMENT_3D('',#3092,#2550,#2551);
#2068=AXIS2_PLACEMENT_3D('',#3095,#2554,#2555);
#2069=AXIS2_PLACEMENT_3D('',#3096,#2556,#2557);
#2070=AXIS2_PLACEMENT_3D('',#3097,#2558,#2559);
#2071=AXIS2_PLACEMENT_3D('',#3099,#2560,#2561);
#2072=AXIS2_PLACEMENT_3D('',#3102,#2563,#2564);
#2073=AXIS2_PLACEMENT_3D('',#3103,#2565,#2566);
#2074=AXIS2_PLACEMENT_3D('',#3104,#2567,#2568);
#2075=AXIS2_PLACEMENT_3D('',#3105,#2569,#2570);
#2076=AXIS2_PLACEMENT_3D('',#3107,#2571,#2572);
#2077=AXIS2_PLACEMENT_3D('',#3110,#2574,#2575);
#2078=AXIS2_PLACEMENT_3D('',#3111,#2576,#2577);
#2079=AXIS2_PLACEMENT_3D('',#3112,#2578,#2579);
#2080=AXIS2_PLACEMENT_3D('',#3113,#2580,#2581);
#2081=AXIS2_PLACEMENT_3D('',#3122,#2586,#2587);
#2082=AXIS2_PLACEMENT_3D('',#3128,#2591,#2592);
#2083=AXIS2_PLACEMENT_3D('',#3134,#2596,#2597);
#2084=AXIS2_PLACEMENT_3D('',#3137,#2600,#2601);
#2085=AXIS2_PLACEMENT_3D('',#3138,#2602,#2603);
#2086=AXIS2_PLACEMENT_3D('',#3139,#2604,#2605);
#2087=AXIS2_PLACEMENT_3D('',#3142,#2606,#2607);
#2088=AXIS2_PLACEMENT_3D('',#3146,#2609,#2610);
#2089=AXIS2_PLACEMENT_3D('',#3148,#2612,#2613);
#2090=AXIS2_PLACEMENT_3D('',#3152,#2615,#2616);
#2091=AXIS2_PLACEMENT_3D('',#3156,#2618,#2619);
#2092=AXIS2_PLACEMENT_3D('',#3160,#2621,#2622);
#2093=AXIS2_PLACEMENT_3D('',#3162,#2624,#2625);
#2094=AXIS2_PLACEMENT_3D('',#3166,#2628,#2629);
#2095=AXIS2_PLACEMENT_3D('',#3168,#2630,#2631);
#2096=AXIS2_PLACEMENT_3D('',#3170,#2633,#2634);
#2097=AXIS2_PLACEMENT_3D('',#3173,#2635,#2636);
#2098=AXIS2_PLACEMENT_3D('',#3176,#2639,#2640);
#2099=AXIS2_PLACEMENT_3D('',#3180,#2643,#2644);
#2100=AXIS2_PLACEMENT_3D('',#3183,#2646,#2647);
#2101=AXIS2_PLACEMENT_3D('',#3184,#2648,#2649);
#2102=AXIS2_PLACEMENT_3D('',#3186,#2651,#2652);
#2103=AXIS2_PLACEMENT_3D('',#3188,#2654,#2655);
#2104=DIRECTION('axis',(0.,0.,1.));
#2105=DIRECTION('refdir',(1.,0.,0.));
#2106=DIRECTION('center_axis',(0.,0.,1.));
#2107=DIRECTION('ref_axis',(1.,0.,0.));
#2108=DIRECTION('center_axis',(0.,0.,-1.));
#2109=DIRECTION('ref_axis',(1.,0.,0.));
#2110=DIRECTION('',(0.,0.,-1.));
#2111=DIRECTION('center_axis',(0.,0.,-1.));
#2112=DIRECTION('ref_axis',(1.,0.,0.));
#2113=DIRECTION('center_axis',(0.,0.,1.));
#2114=DIRECTION('ref_axis',(1.,0.,0.));
#2115=DIRECTION('center_axis',(0.,0.,-1.));
#2116=DIRECTION('ref_axis',(1.,0.,0.));
#2117=DIRECTION('',(0.,0.,-1.));
#2118=DIRECTION('center_axis',(0.,0.,-1.));
#2119=DIRECTION('ref_axis',(1.,0.,0.));
#2120=DIRECTION('center_axis',(0.,0.,1.));
#2121=DIRECTION('ref_axis',(1.,0.,0.));
#2122=DIRECTION('center_axis',(0.,0.,-1.));
#2123=DIRECTION('ref_axis',(1.,0.,0.));
#2124=DIRECTION('',(0.,0.,-1.));
#2125=DIRECTION('center_axis',(0.,0.,-1.));
#2126=DIRECTION('ref_axis',(1.,0.,0.));
#2127=DIRECTION('center_axis',(0.,0.,1.));
#2128=DIRECTION('ref_axis',(1.,0.,0.));
#2129=DIRECTION('center_axis',(0.,0.,-1.));
#2130=DIRECTION('ref_axis',(1.,0.,0.));
#2131=DIRECTION('',(0.,0.,-1.));
#2132=DIRECTION('center_axis',(0.,0.,-1.));
#2133=DIRECTION('ref_axis',(1.,0.,0.));
#2134=DIRECTION('center_axis',(0.,0.,1.));
#2135=DIRECTION('ref_axis',(1.,0.,0.));
#2136=DIRECTION('center_axis',(0.,0.,-1.));
#2137=DIRECTION('ref_axis',(1.,0.,0.));
#2138=DIRECTION('',(0.,0.,-1.));
#2139=DIRECTION('center_axis',(0.,0.,-1.));
#2140=DIRECTION('ref_axis',(1.,0.,0.));
#2141=DIRECTION('center_axis',(0.,0.,1.));
#2142=DIRECTION('ref_axis',(1.,0.,0.));
#2143=DIRECTION('center_axis',(0.,0.,-1.));
#2144=DIRECTION('ref_axis',(1.,0.,0.));
#2145=DIRECTION('',(0.,0.,-1.));
#2146=DIRECTION('center_axis',(0.,0.,-1.));
#2147=DIRECTION('ref_axis',(1.,0.,0.));
#2148=DIRECTION('center_axis',(0.,0.,1.));
#2149=DIRECTION('ref_axis',(1.,0.,0.));
#2150=DIRECTION('center_axis',(0.,0.,-1.));
#2151=DIRECTION('ref_axis',(1.,0.,0.));
#2152=DIRECTION('',(0.,0.,-1.));
#2153=DIRECTION('center_axis',(0.,0.,-1.));
#2154=DIRECTION('ref_axis',(1.,0.,0.));
#2155=DIRECTION('center_axis',(0.,0.,1.));
#2156=DIRECTION('ref_axis',(1.,0.,0.));
#2157=DIRECTION('center_axis',(0.,0.,-1.));
#2158=DIRECTION('ref_axis',(1.,0.,0.));
#2159=DIRECTION('',(0.,0.,-1.));
#2160=DIRECTION('center_axis',(0.,0.,-1.));
#2161=DIRECTION('ref_axis',(1.,0.,0.));
#2162=DIRECTION('center_axis',(0.,0.,1.));
#2163=DIRECTION('ref_axis',(1.,0.,0.));
#2164=DIRECTION('center_axis',(0.,0.,-1.));
#2165=DIRECTION('ref_axis',(1.,0.,0.));
#2166=DIRECTION('',(0.,0.,-1.));
#2167=DIRECTION('center_axis',(0.,0.,-1.));
#2168=DIRECTION('ref_axis',(1.,0.,0.));
#2169=DIRECTION('center_axis',(0.,0.,1.));
#2170=DIRECTION('ref_axis',(1.,0.,0.));
#2171=DIRECTION('center_axis',(0.,0.,-1.));
#2172=DIRECTION('ref_axis',(1.,0.,0.));
#2173=DIRECTION('',(0.,0.,-1.));
#2174=DIRECTION('center_axis',(0.,0.,-1.));
#2175=DIRECTION('ref_axis',(1.,0.,0.));
#2176=DIRECTION('center_axis',(0.,0.,1.));
#2177=DIRECTION('ref_axis',(1.,0.,0.));
#2178=DIRECTION('center_axis',(0.,0.,-1.));
#2179=DIRECTION('ref_axis',(1.,0.,0.));
#2180=DIRECTION('',(0.,0.,-1.));
#2181=DIRECTION('center_axis',(0.,0.,-1.));
#2182=DIRECTION('ref_axis',(1.,0.,0.));
#2183=DIRECTION('center_axis',(0.,0.,1.));
#2184=DIRECTION('ref_axis',(1.,0.,0.));
#2185=DIRECTION('center_axis',(0.,0.,-1.));
#2186=DIRECTION('ref_axis',(1.,0.,0.));
#2187=DIRECTION('',(0.,0.,-1.));
#2188=DIRECTION('center_axis',(0.,0.,-1.));
#2189=DIRECTION('ref_axis',(1.,0.,0.));
#2190=DIRECTION('center_axis',(0.,0.,1.));
#2191=DIRECTION('ref_axis',(1.,0.,0.));
#2192=DIRECTION('center_axis',(0.,0.,-1.));
#2193=DIRECTION('ref_axis',(1.,0.,0.));
#2194=DIRECTION('',(0.,0.,-1.));
#2195=DIRECTION('center_axis',(0.,0.,-1.));
#2196=DIRECTION('ref_axis',(1.,0.,0.));
#2197=DIRECTION('center_axis',(0.,0.,1.));
#2198=DIRECTION('ref_axis',(1.,0.,0.));
#2199=DIRECTION('center_axis',(0.,0.,-1.));
#2200=DIRECTION('ref_axis',(1.,0.,0.));
#2201=DIRECTION('',(0.,0.,-1.));
#2202=DIRECTION('center_axis',(0.,0.,-1.));
#2203=DIRECTION('ref_axis',(1.,0.,0.));
#2204=DIRECTION('center_axis',(0.,0.,1.));
#2205=DIRECTION('ref_axis',(1.,0.,0.));
#2206=DIRECTION('center_axis',(0.,0.,-1.));
#2207=DIRECTION('ref_axis',(1.,0.,0.));
#2208=DIRECTION('',(0.,0.,-1.));
#2209=DIRECTION('center_axis',(0.,0.,-1.));
#2210=DIRECTION('ref_axis',(1.,0.,0.));
#2211=DIRECTION('center_axis',(0.,0.,1.));
#2212=DIRECTION('ref_axis',(1.,0.,0.));
#2213=DIRECTION('center_axis',(0.,0.,-1.));
#2214=DIRECTION('ref_axis',(1.,0.,0.));
#2215=DIRECTION('',(0.,0.,-1.));
#2216=DIRECTION('center_axis',(0.,0.,-1.));
#2217=DIRECTION('ref_axis',(1.,0.,0.));
#2218=DIRECTION('center_axis',(0.,0.,1.));
#2219=DIRECTION('ref_axis',(1.,0.,0.));
#2220=DIRECTION('center_axis',(0.,0.,-1.));
#2221=DIRECTION('ref_axis',(1.,0.,0.));
#2222=DIRECTION('',(0.,0.,-1.));
#2223=DIRECTION('center_axis',(0.,0.,-1.));
#2224=DIRECTION('ref_axis',(1.,0.,0.));
#2225=DIRECTION('center_axis',(0.,0.,1.));
#2226=DIRECTION('ref_axis',(1.,0.,0.));
#2227=DIRECTION('center_axis',(0.,0.,-1.));
#2228=DIRECTION('ref_axis',(1.,0.,0.));
#2229=DIRECTION('',(0.,0.,-1.));
#2230=DIRECTION('center_axis',(0.,0.,-1.));
#2231=DIRECTION('ref_axis',(1.,0.,0.));
#2232=DIRECTION('center_axis',(0.,-1.,0.));
#2233=DIRECTION('ref_axis',(1.,0.,0.));
#2234=DIRECTION('',(1.,0.,0.));
#2235=DIRECTION('',(0.,0.,1.));
#2236=DIRECTION('',(1.,0.,0.));
#2237=DIRECTION('',(0.,0.,1.));
#2238=DIRECTION('center_axis',(-1.,0.,0.));
#2239=DIRECTION('ref_axis',(0.,-1.,0.));
#2240=DIRECTION('',(0.,-1.,0.));
#2241=DIRECTION('',(0.,-1.,0.));
#2242=DIRECTION('',(0.,0.,1.));
#2243=DIRECTION('center_axis',(0.,0.,1.));
#2244=DIRECTION('ref_axis',(1.,0.,0.));
#2245=DIRECTION('center_axis',(0.,0.,1.));
#2246=DIRECTION('ref_axis',(1.,0.,0.));
#2247=DIRECTION('center_axis',(0.,0.,-1.));
#2248=DIRECTION('ref_axis',(1.,0.,0.));
#2249=DIRECTION('',(0.,0.,1.));
#2250=DIRECTION('center_axis',(-1.,0.,0.));
#2251=DIRECTION('ref_axis',(0.,-1.,0.));
#2252=DIRECTION('',(0.,-1.,0.));
#2253=DIRECTION('',(0.,-1.,0.));
#2254=DIRECTION('',(0.,0.,1.));
#2255=DIRECTION('center_axis',(0.,0.,1.));
#2256=DIRECTION('ref_axis',(1.,0.,0.));
#2257=DIRECTION('center_axis',(0.,0.,1.));
#2258=DIRECTION('ref_axis',(1.,0.,0.));
#2259=DIRECTION('center_axis',(0.,0.,-1.));
#2260=DIRECTION('ref_axis',(1.,0.,0.));
#2261=DIRECTION('',(0.,0.,1.));
#2262=DIRECTION('center_axis',(-1.,0.,0.));
#2263=DIRECTION('ref_axis',(0.,-1.,0.));
#2264=DIRECTION('',(0.,-1.,0.));
#2265=DIRECTION('',(0.,-1.,0.));
#2266=DIRECTION('',(0.,0.,1.));
#2267=DIRECTION('center_axis',(0.,0.,1.));
#2268=DIRECTION('ref_axis',(1.,0.,0.));
#2269=DIRECTION('center_axis',(0.,0.,1.));
#2270=DIRECTION('ref_axis',(1.,0.,0.));
#2271=DIRECTION('center_axis',(0.,0.,-1.));
#2272=DIRECTION('ref_axis',(1.,0.,0.));
#2273=DIRECTION('',(0.,0.,1.));
#2274=DIRECTION('center_axis',(-1.,0.,0.));
#2275=DIRECTION('ref_axis',(0.,-1.,0.));
#2276=DIRECTION('',(0.,-1.,0.));
#2277=DIRECTION('',(0.,-1.,0.));
#2278=DIRECTION('',(0.,0.,1.));
#2279=DIRECTION('center_axis',(0.,0.,1.));
#2280=DIRECTION('ref_axis',(1.,0.,0.));
#2281=DIRECTION('center_axis',(0.,0.,1.));
#2282=DIRECTION('ref_axis',(1.,0.,0.));
#2283=DIRECTION('center_axis',(0.,0.,-1.));
#2284=DIRECTION('ref_axis',(1.,0.,0.));
#2285=DIRECTION('',(0.,0.,1.));
#2286=DIRECTION('center_axis',(-1.,0.,0.));
#2287=DIRECTION('ref_axis',(0.,-1.,0.));
#2288=DIRECTION('',(0.,-1.,0.));
#2289=DIRECTION('',(0.,-1.,0.));
#2290=DIRECTION('',(0.,0.,1.));
#2291=DIRECTION('center_axis',(0.,0.,1.));
#2292=DIRECTION('ref_axis',(1.,0.,0.));
#2293=DIRECTION('center_axis',(0.,0.,1.));
#2294=DIRECTION('ref_axis',(1.,0.,0.));
#2295=DIRECTION('center_axis',(0.,0.,-1.));
#2296=DIRECTION('ref_axis',(1.,0.,0.));
#2297=DIRECTION('',(0.,0.,1.));
#2298=DIRECTION('center_axis',(-1.,0.,0.));
#2299=DIRECTION('ref_axis',(0.,-1.,0.));
#2300=DIRECTION('',(0.,-1.,0.));
#2301=DIRECTION('',(0.,-1.,0.));
#2302=DIRECTION('',(0.,0.,1.));
#2303=DIRECTION('center_axis',(0.,0.,1.));
#2304=DIRECTION('ref_axis',(1.,0.,0.));
#2305=DIRECTION('center_axis',(0.,0.,1.));
#2306=DIRECTION('ref_axis',(1.,0.,0.));
#2307=DIRECTION('center_axis',(0.,0.,-1.));
#2308=DIRECTION('ref_axis',(1.,0.,0.));
#2309=DIRECTION('',(0.,0.,1.));
#2310=DIRECTION('center_axis',(-1.,0.,0.));
#2311=DIRECTION('ref_axis',(0.,-1.,0.));
#2312=DIRECTION('',(0.,-1.,0.));
#2313=DIRECTION('',(0.,-1.,0.));
#2314=DIRECTION('',(0.,0.,1.));
#2315=DIRECTION('center_axis',(0.,0.,1.));
#2316=DIRECTION('ref_axis',(1.,0.,0.));
#2317=DIRECTION('center_axis',(0.,0.,1.));
#2318=DIRECTION('ref_axis',(1.,0.,0.));
#2319=DIRECTION('center_axis',(0.,0.,-1.));
#2320=DIRECTION('ref_axis',(1.,0.,0.));
#2321=DIRECTION('',(0.,0.,1.));
#2322=DIRECTION('center_axis',(-1.,0.,0.));
#2323=DIRECTION('ref_axis',(0.,-1.,0.));
#2324=DIRECTION('',(0.,-1.,0.));
#2325=DIRECTION('',(0.,-1.,0.));
#2326=DIRECTION('',(0.,0.,1.));
#2327=DIRECTION('center_axis',(0.,0.,1.));
#2328=DIRECTION('ref_axis',(1.,0.,0.));
#2329=DIRECTION('center_axis',(0.,0.,1.));
#2330=DIRECTION('ref_axis',(1.,0.,0.));
#2331=DIRECTION('center_axis',(0.,0.,-1.));
#2332=DIRECTION('ref_axis',(1.,0.,0.));
#2333=DIRECTION('',(0.,0.,1.));
#2334=DIRECTION('center_axis',(-1.,0.,0.));
#2335=DIRECTION('ref_axis',(0.,-1.,0.));
#2336=DIRECTION('',(0.,-1.,0.));
#2337=DIRECTION('',(0.,-1.,0.));
#2338=DIRECTION('',(0.,0.,1.));
#2339=DIRECTION('center_axis',(0.,0.,1.));
#2340=DIRECTION('ref_axis',(1.,0.,0.));
#2341=DIRECTION('center_axis',(0.,0.,1.));
#2342=DIRECTION('ref_axis',(1.,0.,0.));
#2343=DIRECTION('center_axis',(0.,0.,-1.));
#2344=DIRECTION('ref_axis',(1.,0.,0.));
#2345=DIRECTION('',(0.,0.,1.));
#2346=DIRECTION('center_axis',(-1.,0.,0.));
#2347=DIRECTION('ref_axis',(0.,-1.,0.));
#2348=DIRECTION('',(0.,-1.,0.));
#2349=DIRECTION('',(0.,-1.,0.));
#2350=DIRECTION('',(0.,0.,1.));
#2351=DIRECTION('center_axis',(0.,1.,0.));
#2352=DIRECTION('ref_axis',(-1.,0.,0.));
#2353=DIRECTION('',(-1.,0.,0.));
#2354=DIRECTION('',(-1.,0.,0.));
#2355=DIRECTION('',(0.,0.,1.));
#2356=DIRECTION('center_axis',(1.,0.,0.));
#2357=DIRECTION('ref_axis',(0.,1.,0.));
#2358=DIRECTION('',(0.,1.,0.));
#2359=DIRECTION('',(0.,1.,0.));
#2360=DIRECTION('',(0.,0.,1.));
#2361=DIRECTION('center_axis',(0.,0.,1.));
#2362=DIRECTION('ref_axis',(-1.,1.22464679914735E-16,0.));
#2363=DIRECTION('center_axis',(0.,0.,1.));
#2364=DIRECTION('ref_axis',(1.,0.,0.));
#2365=DIRECTION('center_axis',(0.,0.,-1.));
#2366=DIRECTION('ref_axis',(1.,0.,0.));
#2367=DIRECTION('',(0.,0.,1.));
#2368=DIRECTION('center_axis',(1.,0.,0.));
#2369=DIRECTION('ref_axis',(0.,1.,0.));
#2370=DIRECTION('',(0.,1.,0.));
#2371=DIRECTION('',(0.,1.,0.));
#2372=DIRECTION('',(0.,0.,1.));
#2373=DIRECTION('center_axis',(0.,0.,1.));
#2374=DIRECTION('ref_axis',(-1.,1.22464679914735E-16,0.));
#2375=DIRECTION('center_axis',(0.,0.,1.));
#2376=DIRECTION('ref_axis',(1.,0.,0.));
#2377=DIRECTION('center_axis',(0.,0.,-1.));
#2378=DIRECTION('ref_axis',(1.,0.,0.));
#2379=DIRECTION('',(0.,0.,1.));
#2380=DIRECTION('center_axis',(1.,0.,0.));
#2381=DIRECTION('ref_axis',(0.,1.,0.));
#2382=DIRECTION('',(0.,1.,0.));
#2383=DIRECTION('',(0.,1.,0.));
#2384=DIRECTION('',(0.,0.,1.));
#2385=DIRECTION('center_axis',(0.,0.,1.));
#2386=DIRECTION('ref_axis',(-1.,1.22464679914735E-16,0.));
#2387=DIRECTION('center_axis',(0.,0.,1.));
#2388=DIRECTION('ref_axis',(1.,0.,0.));
#2389=DIRECTION('center_axis',(0.,0.,-1.));
#2390=DIRECTION('ref_axis',(1.,0.,0.));
#2391=DIRECTION('',(0.,0.,1.));
#2392=DIRECTION('center_axis',(1.,0.,0.));
#2393=DIRECTION('ref_axis',(0.,1.,0.));
#2394=DIRECTION('',(0.,1.,0.));
#2395=DIRECTION('',(0.,1.,0.));
#2396=DIRECTION('',(0.,0.,1.));
#2397=DIRECTION('center_axis',(0.,0.,1.));
#2398=DIRECTION('ref_axis',(-1.,1.22464679914735E-16,0.));
#2399=DIRECTION('center_axis',(0.,0.,1.));
#2400=DIRECTION('ref_axis',(1.,0.,0.));
#2401=DIRECTION('center_axis',(0.,0.,-1.));
#2402=DIRECTION('ref_axis',(1.,0.,0.));
#2403=DIRECTION('',(0.,0.,1.));
#2404=DIRECTION('center_axis',(1.,0.,0.));
#2405=DIRECTION('ref_axis',(0.,1.,0.));
#2406=DIRECTION('',(0.,1.,0.));
#2407=DIRECTION('',(0.,1.,0.));
#2408=DIRECTION('',(0.,0.,1.));
#2409=DIRECTION('center_axis',(0.,0.,1.));
#2410=DIRECTION('ref_axis',(-1.,1.22464679914735E-16,0.));
#2411=DIRECTION('center_axis',(0.,0.,1.));
#2412=DIRECTION('ref_axis',(1.,0.,0.));
#2413=DIRECTION('center_axis',(0.,0.,-1.));
#2414=DIRECTION('ref_axis',(1.,0.,0.));
#2415=DIRECTION('',(0.,0.,1.));
#2416=DIRECTION('center_axis',(1.,0.,0.));
#2417=DIRECTION('ref_axis',(0.,1.,0.));
#2418=DIRECTION('',(0.,1.,0.));
#2419=DIRECTION('',(0.,1.,0.));
#2420=DIRECTION('',(0.,0.,1.));
#2421=DIRECTION('center_axis',(0.,0.,1.));
#2422=DIRECTION('ref_axis',(-1.,1.22464679914735E-16,0.));
#2423=DIRECTION('center_axis',(0.,0.,1.));
#2424=DIRECTION('ref_axis',(1.,0.,0.));
#2425=DIRECTION('center_axis',(0.,0.,-1.));
#2426=DIRECTION('ref_axis',(1.,0.,0.));
#2427=DIRECTION('',(0.,0.,1.));
#2428=DIRECTION('center_axis',(1.,0.,0.));
#2429=DIRECTION('ref_axis',(0.,1.,0.));
#2430=DIRECTION('',(0.,1.,0.));
#2431=DIRECTION('',(0.,1.,0.));
#2432=DIRECTION('',(0.,0.,1.));
#2433=DIRECTION('center_axis',(0.,0.,1.));
#2434=DIRECTION('ref_axis',(-1.,1.22464679914735E-16,0.));
#2435=DIRECTION('center_axis',(0.,0.,1.));
#2436=DIRECTION('ref_axis',(1.,0.,0.));
#2437=DIRECTION('center_axis',(0.,0.,-1.));
#2438=DIRECTION('ref_axis',(1.,0.,0.));
#2439=DIRECTION('',(0.,0.,1.));
#2440=DIRECTION('center_axis',(1.,0.,0.));
#2441=DIRECTION('ref_axis',(0.,1.,0.));
#2442=DIRECTION('',(0.,1.,0.));
#2443=DIRECTION('',(0.,1.,0.));
#2444=DIRECTION('',(0.,0.,1.));
#2445=DIRECTION('center_axis',(0.,0.,1.));
#2446=DIRECTION('ref_axis',(-1.,1.22464679914735E-16,0.));
#2447=DIRECTION('center_axis',(0.,0.,1.));
#2448=DIRECTION('ref_axis',(1.,0.,0.));
#2449=DIRECTION('center_axis',(0.,0.,-1.));
#2450=DIRECTION('ref_axis',(1.,0.,0.));
#2451=DIRECTION('',(0.,0.,1.));
#2452=DIRECTION('center_axis',(1.,0.,0.));
#2453=DIRECTION('ref_axis',(0.,1.,0.));
#2454=DIRECTION('',(0.,1.,0.));
#2455=DIRECTION('',(0.,1.,0.));
#2456=DIRECTION('',(0.,0.,1.));
#2457=DIRECTION('center_axis',(0.,0.,1.));
#2458=DIRECTION('ref_axis',(-1.,1.22464679914735E-16,0.));
#2459=DIRECTION('center_axis',(0.,0.,1.));
#2460=DIRECTION('ref_axis',(1.,0.,0.));
#2461=DIRECTION('center_axis',(0.,0.,-1.));
#2462=DIRECTION('ref_axis',(1.,0.,0.));
#2463=DIRECTION('',(0.,0.,1.));
#2464=DIRECTION('center_axis',(1.,0.,0.));
#2465=DIRECTION('ref_axis',(0.,1.,0.));
#2466=DIRECTION('',(0.,1.,0.));
#2467=DIRECTION('',(0.,1.,0.));
#2468=DIRECTION('center_axis',(0.,0.,1.));
#2469=DIRECTION('ref_axis',(1.,0.,0.));
#2470=DIRECTION('center_axis',(0.,0.,1.));
#2471=DIRECTION('ref_axis',(1.,0.,0.));
#2472=DIRECTION('center_axis',(0.710904944540216,0.703288105848714,0.));
#2473=DIRECTION('ref_axis',(0.703288105848714,-0.710904944540216,0.));
#2474=DIRECTION('',(0.703288105848714,-0.710904944540216,0.));
#2475=DIRECTION('',(0.,0.,-1.));
#2476=DIRECTION('',(0.703288105848714,-0.710904944540216,0.));
#2477=DIRECTION('',(0.,0.,-1.));
#2478=DIRECTION('center_axis',(-0.703288105848714,0.710904944540216,0.));
#2479=DIRECTION('ref_axis',(0.710904944540216,0.703288105848714,0.));
#2480=DIRECTION('',(0.710904944540216,0.703288105848714,0.));
#2481=DIRECTION('',(0.710904944540216,0.703288105848714,0.));
#2482=DIRECTION('',(0.,0.,-1.));
#2483=DIRECTION('center_axis',(-0.710904944540216,-0.703288105848714,0.));
#2484=DIRECTION('ref_axis',(-0.703288105848714,0.710904944540216,0.));
#2485=DIRECTION('',(-0.703288105848714,0.710904944540216,0.));
#2486=DIRECTION('',(-0.703288105848714,0.710904944540216,0.));
#2487=DIRECTION('',(0.,0.,-1.));
#2488=DIRECTION('center_axis',(0.703288105848714,-0.710904944540216,0.));
#2489=DIRECTION('ref_axis',(-0.710904944540216,-0.703288105848714,0.));
#2490=DIRECTION('',(-0.710904944540216,-0.703288105848714,0.));
#2491=DIRECTION('',(-0.710904944540216,-0.703288105848714,0.));
#2492=DIRECTION('center_axis',(0.,0.,1.));
#2493=DIRECTION('ref_axis',(1.,0.,0.));
#2494=DIRECTION('center_axis',(0.,0.,-1.));
#2495=DIRECTION('ref_axis',(-1.,0.,0.));
#2496=DIRECTION('center_axis',(0.,0.,-1.));
#2497=DIRECTION('ref_axis',(1.,0.,0.));
#2498=DIRECTION('center_axis',(0.,0.,1.));
#2499=DIRECTION('ref_axis',(1.,0.,0.));
#2500=DIRECTION('',(0.,0.,1.));
#2501=DIRECTION('center_axis',(0.,0.,-1.));
#2502=DIRECTION('ref_axis',(1.,0.,0.));
#2503=DIRECTION('center_axis',(1.,0.,0.));
#2504=DIRECTION('ref_axis',(0.,-1.,0.));
#2505=DIRECTION('',(0.,-1.,0.));
#2506=DIRECTION('',(0.,0.,-1.));
#2507=DIRECTION('',(0.,-1.,0.));
#2508=DIRECTION('',(0.,0.,-1.));
#2509=DIRECTION('center_axis',(0.,1.,0.));
#2510=DIRECTION('ref_axis',(1.,0.,0.));
#2511=DIRECTION('',(1.,0.,0.));
#2512=DIRECTION('',(1.,0.,0.));
#2513=DIRECTION('',(0.,0.,-1.));
#2514=DIRECTION('center_axis',(-1.,0.,0.));
#2515=DIRECTION('ref_axis',(0.,1.,0.));
#2516=DIRECTION('',(0.,1.,0.));
#2517=DIRECTION('',(0.,1.,0.));
#2518=DIRECTION('',(0.,0.,-1.));
#2519=DIRECTION('center_axis',(0.,-1.,0.));
#2520=DIRECTION('ref_axis',(-1.,0.,0.));
#2521=DIRECTION('',(-1.,0.,0.));
#2522=DIRECTION('',(-1.,0.,0.));
#2523=DIRECTION('center_axis',(0.,0.,1.));
#2524=DIRECTION('ref_axis',(1.,0.,0.));
#2525=DIRECTION('center_axis',(0.,0.,1.));
#2526=DIRECTION('ref_axis',(1.,0.,0.));
#2527=DIRECTION('center_axis',(0.,0.,-1.));
#2528=DIRECTION('ref_axis',(1.,0.,0.));
#2529=DIRECTION('center_axis',(0.,0.,1.));
#2530=DIRECTION('ref_axis',(1.,0.,0.));
#2531=DIRECTION('',(0.,0.,1.));
#2532=DIRECTION('center_axis',(0.,0.,-1.));
#2533=DIRECTION('ref_axis',(1.,0.,0.));
#2534=DIRECTION('center_axis',(1.,0.,0.));
#2535=DIRECTION('ref_axis',(0.,-1.,0.));
#2536=DIRECTION('',(0.,-1.,0.));
#2537=DIRECTION('',(0.,0.,-1.));
#2538=DIRECTION('',(0.,-1.,0.));
#2539=DIRECTION('',(0.,0.,-1.));
#2540=DIRECTION('center_axis',(0.,1.,0.));
#2541=DIRECTION('ref_axis',(1.,0.,0.));
#2542=DIRECTION('',(1.,0.,0.));
#2543=DIRECTION('',(1.,0.,0.));
#2544=DIRECTION('',(0.,0.,-1.));
#2545=DIRECTION('center_axis',(-1.,0.,0.));
#2546=DIRECTION('ref_axis',(0.,1.,0.));
#2547=DIRECTION('',(0.,1.,0.));
#2548=DIRECTION('',(0.,1.,0.));
#2549=DIRECTION('',(0.,0.,-1.));
#2550=DIRECTION('center_axis',(0.,-1.,0.));
#2551=DIRECTION('ref_axis',(-1.,0.,0.));
#2552=DIRECTION('',(-1.,0.,0.));
#2553=DIRECTION('',(-1.,0.,0.));
#2554=DIRECTION('center_axis',(0.,0.,1.));
#2555=DIRECTION('ref_axis',(1.,0.,0.));
#2556=DIRECTION('center_axis',(0.,0.,1.));
#2557=DIRECTION('ref_axis',(1.,0.,0.));
#2558=DIRECTION('center_axis',(0.,0.,-1.));
#2559=DIRECTION('ref_axis',(1.,0.,0.));
#2560=DIRECTION('center_axis',(0.,0.,-1.));
#2561=DIRECTION('ref_axis',(1.,0.,0.));
#2562=DIRECTION('',(0.,0.,1.));
#2563=DIRECTION('center_axis',(0.,0.,1.));
#2564=DIRECTION('ref_axis',(1.,0.,0.));
#2565=DIRECTION('center_axis',(0.,0.,1.));
#2566=DIRECTION('ref_axis',(1.,0.,0.));
#2567=DIRECTION('center_axis',(0.,0.,1.));
#2568=DIRECTION('ref_axis',(1.,0.,0.));
#2569=DIRECTION('center_axis',(0.,0.,-1.));
#2570=DIRECTION('ref_axis',(1.,0.,0.));
#2571=DIRECTION('center_axis',(0.,0.,-1.));
#2572=DIRECTION('ref_axis',(1.,0.,0.));
#2573=DIRECTION('',(0.,0.,1.));
#2574=DIRECTION('center_axis',(0.,0.,1.));
#2575=DIRECTION('ref_axis',(1.,0.,0.));
#2576=DIRECTION('center_axis',(0.,0.,1.));
#2577=DIRECTION('ref_axis',(1.,0.,0.));
#2578=DIRECTION('center_axis',(0.,0.,1.));
#2579=DIRECTION('ref_axis',(1.,0.,0.));
#2580=DIRECTION('center_axis',(1.,0.,0.));
#2581=DIRECTION('ref_axis',(0.,-1.,0.));
#2582=DIRECTION('',(0.,-1.,0.));
#2583=DIRECTION('',(0.,0.,-1.));
#2584=DIRECTION('',(0.,-1.,0.));
#2585=DIRECTION('',(0.,0.,-1.));
#2586=DIRECTION('center_axis',(0.,1.,0.));
#2587=DIRECTION('ref_axis',(1.,0.,0.));
#2588=DIRECTION('',(1.,0.,0.));
#2589=DIRECTION('',(1.,0.,0.));
#2590=DIRECTION('',(0.,0.,-1.));
#2591=DIRECTION('center_axis',(-1.,0.,0.));
#2592=DIRECTION('ref_axis',(0.,1.,0.));
#2593=DIRECTION('',(0.,1.,0.));
#2594=DIRECTION('',(0.,1.,0.));
#2595=DIRECTION('',(0.,0.,-1.));
#2596=DIRECTION('center_axis',(0.,-1.,0.));
#2597=DIRECTION('ref_axis',(-1.,0.,0.));
#2598=DIRECTION('',(-1.,0.,0.));
#2599=DIRECTION('',(-1.,0.,0.));
#2600=DIRECTION('center_axis',(0.,0.,1.));
#2601=DIRECTION('ref_axis',(1.,0.,0.));
#2602=DIRECTION('center_axis',(0.,0.,-1.));
#2603=DIRECTION('ref_axis',(-1.,0.,0.));
#2604=DIRECTION('center_axis',(0.,1.,0.));
#2605=DIRECTION('ref_axis',(0.707106781186548,0.,0.707106781186547));
#2606=DIRECTION('center_axis',(0.,-1.,0.));
#2607=DIRECTION('ref_axis',(0.707106781186548,0.,0.707106781186547));
#2608=DIRECTION('',(0.,-1.,0.));
#2609=DIRECTION('center_axis',(0.,1.,0.));
#2610=DIRECTION('ref_axis',(0.707106781186548,0.,0.707106781186547));
#2611=DIRECTION('',(0.,1.,0.));
#2612=DIRECTION('center_axis',(0.,1.,0.));
#2613=DIRECTION('ref_axis',(1.,0.,0.));
#2614=DIRECTION('',(0.,0.,-1.));
#2615=DIRECTION('center_axis',(0.,-1.,0.));
#2616=DIRECTION('ref_axis',(0.707106781186548,0.,-0.707106781186547));
#2617=DIRECTION('',(1.,0.,0.));
#2618=DIRECTION('center_axis',(0.,-1.,0.));
#2619=DIRECTION('ref_axis',(-0.707106781186547,0.,-0.707106781186548));
#2620=DIRECTION('',(0.,0.,-1.));
#2621=DIRECTION('center_axis',(0.,-1.,0.));
#2622=DIRECTION('ref_axis',(-0.707106781186547,0.,0.707106781186548));
#2623=DIRECTION('',(-1.,0.,0.));
#2624=DIRECTION('center_axis',(1.,0.,0.));
#2625=DIRECTION('ref_axis',(0.,-1.,0.));
#2626=DIRECTION('',(0.,0.,-1.));
#2627=DIRECTION('',(0.,-1.,0.));
#2628=DIRECTION('center_axis',(0.,-1.,0.));
#2629=DIRECTION('ref_axis',(0.707106781186548,0.,-0.707106781186547));
#2630=DIRECTION('center_axis',(0.,1.,0.));
#2631=DIRECTION('ref_axis',(0.707106781186548,0.,-0.707106781186547));
#2632=DIRECTION('',(0.,1.,0.));
#2633=DIRECTION('center_axis',(0.,-1.,0.));
#2634=DIRECTION('ref_axis',(-0.707106781186547,0.,0.707106781186548));
#2635=DIRECTION('center_axis',(0.,1.,0.));
#2636=DIRECTION('ref_axis',(-0.707106781186547,0.,0.707106781186548));
#2637=DIRECTION('',(0.,1.,0.));
#2638=DIRECTION('',(0.,-1.,0.));
#2639=DIRECTION('center_axis',(-1.,0.,0.));
#2640=DIRECTION('ref_axis',(0.,1.,0.));
#2641=DIRECTION('',(0.,1.,0.));
#2642=DIRECTION('',(0.,0.,-1.));
#2643=DIRECTION('center_axis',(0.,1.,0.));
#2644=DIRECTION('ref_axis',(-0.707106781186547,0.,-0.707106781186548));
#2645=DIRECTION('',(0.,-1.,0.));
#2646=DIRECTION('center_axis',(0.,1.,0.));
#2647=DIRECTION('ref_axis',(-0.707106781186547,0.,-0.707106781186548));
#2648=DIRECTION('center_axis',(0.,0.,-1.));
#2649=DIRECTION('ref_axis',(-1.,0.,0.));
#2650=DIRECTION('',(-1.,0.,0.));
#2651=DIRECTION('center_axis',(0.,-1.,0.));
#2652=DIRECTION('ref_axis',(-1.,0.,0.));
#2653=DIRECTION('',(1.,0.,0.));
#2654=DIRECTION('center_axis',(0.,0.,1.));
#2655=DIRECTION('ref_axis',(1.,0.,0.));
#2656=CARTESIAN_POINT('',(0.,0.,0.));
#2657=CARTESIAN_POINT('Origin',(1.38,1.59,0.));
#2658=CARTESIAN_POINT('',(0.880000000000001,1.59,1.5));
#2659=CARTESIAN_POINT('Origin',(1.38,1.59,1.5));
#2660=CARTESIAN_POINT('',(0.880000000000002,1.59,0.));
#2661=CARTESIAN_POINT('',(0.880000000000002,1.59,0.));
#2662=CARTESIAN_POINT('Origin',(1.38,1.59,0.));
#2663=CARTESIAN_POINT('Origin',(16.62,1.59,0.));
#2664=CARTESIAN_POINT('',(16.12,1.59,1.5));
#2665=CARTESIAN_POINT('Origin',(16.62,1.59,1.5));
#2666=CARTESIAN_POINT('',(16.12,1.59,0.));
#2667=CARTESIAN_POINT('',(16.12,1.59,0.));
#2668=CARTESIAN_POINT('Origin',(16.62,1.59,0.));
#2669=CARTESIAN_POINT('Origin',(1.38,9.21,0.));
#2670=CARTESIAN_POINT('',(0.880000000000001,9.21,1.5));
#2671=CARTESIAN_POINT('Origin',(1.38,9.21,1.5));
#2672=CARTESIAN_POINT('',(0.880000000000002,9.21,0.));
#2673=CARTESIAN_POINT('',(0.880000000000002,9.21,0.));
#2674=CARTESIAN_POINT('Origin',(1.38,9.21,0.));
#2675=CARTESIAN_POINT('Origin',(1.38,21.91,0.));
#2676=CARTESIAN_POINT('',(0.880000000000001,21.91,1.5));
#2677=CARTESIAN_POINT('Origin',(1.38,21.91,1.5));
#2678=CARTESIAN_POINT('',(0.880000000000002,21.91,0.));
#2679=CARTESIAN_POINT('',(0.880000000000002,21.91,0.));
#2680=CARTESIAN_POINT('Origin',(1.38,21.91,0.));
#2681=CARTESIAN_POINT('Origin',(16.62,11.75,0.));
#2682=CARTESIAN_POINT('',(16.12,11.75,1.5));
#2683=CARTESIAN_POINT('Origin',(16.62,11.75,1.5));
#2684=CARTESIAN_POINT('',(16.12,11.75,0.));
#2685=CARTESIAN_POINT('',(16.12,11.75,0.));
#2686=CARTESIAN_POINT('Origin',(16.62,11.75,0.));
#2687=CARTESIAN_POINT('Origin',(1.38,16.83,0.));
#2688=CARTESIAN_POINT('',(0.880000000000001,16.83,1.5));
#2689=CARTESIAN_POINT('Origin',(1.38,16.83,1.5));
#2690=CARTESIAN_POINT('',(0.880000000000002,16.83,0.));
#2691=CARTESIAN_POINT('',(0.880000000000002,16.83,0.));
#2692=CARTESIAN_POINT('Origin',(1.38,16.83,0.));
#2693=CARTESIAN_POINT('Origin',(1.38,4.13,0.));
#2694=CARTESIAN_POINT('',(0.880000000000001,4.13,1.5));
#2695=CARTESIAN_POINT('Origin',(1.38,4.13,1.5));
#2696=CARTESIAN_POINT('',(0.880000000000002,4.13,0.));
#2697=CARTESIAN_POINT('',(0.880000000000002,4.13,0.));
#2698=CARTESIAN_POINT('Origin',(1.38,4.13,0.));
#2699=CARTESIAN_POINT('Origin',(1.38,14.29,0.));
#2700=CARTESIAN_POINT('',(0.880000000000001,14.29,1.5));
#2701=CARTESIAN_POINT('Origin',(1.38,14.29,1.5));
#2702=CARTESIAN_POINT('',(0.880000000000002,14.29,0.));
#2703=CARTESIAN_POINT('',(0.880000000000002,14.29,0.));
#2704=CARTESIAN_POINT('Origin',(1.38,14.29,0.));
#2705=CARTESIAN_POINT('Origin',(1.38,19.37,0.));
#2706=CARTESIAN_POINT('',(0.880000000000001,19.37,1.5));
#2707=CARTESIAN_POINT('Origin',(1.38,19.37,1.5));
#2708=CARTESIAN_POINT('',(0.880000000000002,19.37,0.));
#2709=CARTESIAN_POINT('',(0.880000000000002,19.37,0.));
#2710=CARTESIAN_POINT('Origin',(1.38,19.37,0.));
#2711=CARTESIAN_POINT('Origin',(16.62,4.13,0.));
#2712=CARTESIAN_POINT('',(16.12,4.13,1.5));
#2713=CARTESIAN_POINT('Origin',(16.62,4.13,1.5));
#2714=CARTESIAN_POINT('',(16.12,4.13,0.));
#2715=CARTESIAN_POINT('',(16.12,4.13,0.));
#2716=CARTESIAN_POINT('Origin',(16.62,4.13,0.));
#2717=CARTESIAN_POINT('Origin',(16.62,21.91,0.));
#2718=CARTESIAN_POINT('',(16.12,21.91,1.5));
#2719=CARTESIAN_POINT('Origin',(16.62,21.91,1.5));
#2720=CARTESIAN_POINT('',(16.12,21.91,0.));
#2721=CARTESIAN_POINT('',(16.12,21.91,0.));
#2722=CARTESIAN_POINT('Origin',(16.62,21.91,0.));
#2723=CARTESIAN_POINT('Origin',(1.38,11.75,0.));
#2724=CARTESIAN_POINT('',(0.880000000000001,11.75,1.5));
#2725=CARTESIAN_POINT('Origin',(1.38,11.75,1.5));
#2726=CARTESIAN_POINT('',(0.880000000000002,11.75,0.));
#2727=CARTESIAN_POINT('',(0.880000000000002,11.75,0.));
#2728=CARTESIAN_POINT('Origin',(1.38,11.75,0.));
#2729=CARTESIAN_POINT('Origin',(16.62,16.83,0.));
#2730=CARTESIAN_POINT('',(16.12,16.83,1.5));
#2731=CARTESIAN_POINT('Origin',(16.62,16.83,1.5));
#2732=CARTESIAN_POINT('',(16.12,16.83,0.));
#2733=CARTESIAN_POINT('',(16.12,16.83,0.));
#2734=CARTESIAN_POINT('Origin',(16.62,16.83,0.));
#2735=CARTESIAN_POINT('Origin',(16.62,6.67,0.));
#2736=CARTESIAN_POINT('',(16.12,6.67,1.5));
#2737=CARTESIAN_POINT('Origin',(16.62,6.67,1.5));
#2738=CARTESIAN_POINT('',(16.12,6.67,0.));
#2739=CARTESIAN_POINT('',(16.12,6.67,0.));
#2740=CARTESIAN_POINT('Origin',(16.62,6.67,0.));
#2741=CARTESIAN_POINT('Origin',(1.38,6.67,0.));
#2742=CARTESIAN_POINT('',(0.880000000000001,6.67,1.5));
#2743=CARTESIAN_POINT('Origin',(1.38,6.67,1.5));
#2744=CARTESIAN_POINT('',(0.880000000000002,6.67,0.));
#2745=CARTESIAN_POINT('',(0.880000000000002,6.67,0.));
#2746=CARTESIAN_POINT('Origin',(1.38,6.67,0.));
#2747=CARTESIAN_POINT('Origin',(16.62,19.37,0.));
#2748=CARTESIAN_POINT('',(16.12,19.37,1.5));
#2749=CARTESIAN_POINT('Origin',(16.62,19.37,1.5));
#2750=CARTESIAN_POINT('',(16.12,19.37,0.));
#2751=CARTESIAN_POINT('',(16.12,19.37,0.));
#2752=CARTESIAN_POINT('Origin',(16.62,19.37,0.));
#2753=CARTESIAN_POINT('Origin',(16.62,9.21,0.));
#2754=CARTESIAN_POINT('',(16.12,9.21,1.5));
#2755=CARTESIAN_POINT('Origin',(16.62,9.21,1.5));
#2756=CARTESIAN_POINT('',(16.12,9.21,0.));
#2757=CARTESIAN_POINT('',(16.12,9.21,0.));
#2758=CARTESIAN_POINT('Origin',(16.62,9.21,0.));
#2759=CARTESIAN_POINT('Origin',(16.62,14.29,0.));
#2760=CARTESIAN_POINT('',(16.12,14.29,1.5));
#2761=CARTESIAN_POINT('Origin',(16.62,14.29,1.5));
#2762=CARTESIAN_POINT('',(16.12,14.29,0.));
#2763=CARTESIAN_POINT('',(16.12,14.29,0.));
#2764=CARTESIAN_POINT('Origin',(16.62,14.29,0.));
#2765=CARTESIAN_POINT('Origin',(0.,0.,0.));
#2766=CARTESIAN_POINT('',(0.,0.,0.));
#2767=CARTESIAN_POINT('',(18.,0.,0.));
#2768=CARTESIAN_POINT('',(0.,0.,0.));
#2769=CARTESIAN_POINT('',(18.,0.,1.5));
#2770=CARTESIAN_POINT('',(18.,0.,0.));
#2771=CARTESIAN_POINT('',(0.,0.,1.5));
#2772=CARTESIAN_POINT('',(0.,0.,1.5));
#2773=CARTESIAN_POINT('',(0.,0.,0.));
#2774=CARTESIAN_POINT('Origin',(0.,1.09,0.));
#2775=CARTESIAN_POINT('',(3.06161699786839E-17,1.09,0.));
#2776=CARTESIAN_POINT('',(0.,23.5,0.));
#2777=CARTESIAN_POINT('',(0.,1.09,1.5));
#2778=CARTESIAN_POINT('',(0.,23.5,1.5));
#2779=CARTESIAN_POINT('',(3.06161699786839E-17,1.09,0.));
#2780=CARTESIAN_POINT('Origin',(0.,1.59,0.));
#2781=CARTESIAN_POINT('',(3.06161699786839E-17,2.09,0.));
#2782=CARTESIAN_POINT('Origin',(0.,1.59,0.));
#2783=CARTESIAN_POINT('',(0.,2.09,1.5));
#2784=CARTESIAN_POINT('Origin',(0.,1.59,1.5));
#2785=CARTESIAN_POINT('',(3.06161699786839E-17,2.09,0.));
#2786=CARTESIAN_POINT('Origin',(0.,3.63,0.));
#2787=CARTESIAN_POINT('',(3.06161699786839E-17,3.63,0.));
#2788=CARTESIAN_POINT('',(0.,23.5,0.));
#2789=CARTESIAN_POINT('',(0.,3.63,1.5));
#2790=CARTESIAN_POINT('',(0.,23.5,1.5));
#2791=CARTESIAN_POINT('',(3.06161699786839E-17,3.63,0.));
#2792=CARTESIAN_POINT('Origin',(0.,4.13,0.));
#2793=CARTESIAN_POINT('',(3.06161699786839E-17,4.63,0.));
#2794=CARTESIAN_POINT('Origin',(0.,4.13,0.));
#2795=CARTESIAN_POINT('',(0.,4.63,1.5));
#2796=CARTESIAN_POINT('Origin',(0.,4.13,1.5));
#2797=CARTESIAN_POINT('',(3.06161699786839E-17,4.63,0.));
#2798=CARTESIAN_POINT('Origin',(0.,6.17,0.));
#2799=CARTESIAN_POINT('',(3.06161699786839E-17,6.17,0.));
#2800=CARTESIAN_POINT('',(0.,23.5,0.));
#2801=CARTESIAN_POINT('',(0.,6.17,1.5));
#2802=CARTESIAN_POINT('',(0.,23.5,1.5));
#2803=CARTESIAN_POINT('',(3.06161699786839E-17,6.17,0.));
#2804=CARTESIAN_POINT('Origin',(0.,6.67,0.));
#2805=CARTESIAN_POINT('',(3.06161699786839E-17,7.17,0.));
#2806=CARTESIAN_POINT('Origin',(0.,6.67,0.));
#2807=CARTESIAN_POINT('',(0.,7.17,1.5));
#2808=CARTESIAN_POINT('Origin',(0.,6.67,1.5));
#2809=CARTESIAN_POINT('',(3.06161699786839E-17,7.17,0.));
#2810=CARTESIAN_POINT('Origin',(0.,8.71,0.));
#2811=CARTESIAN_POINT('',(3.06161699786839E-17,8.71,0.));
#2812=CARTESIAN_POINT('',(0.,23.5,0.));
#2813=CARTESIAN_POINT('',(0.,8.71,1.5));
#2814=CARTESIAN_POINT('',(0.,23.5,1.5));
#2815=CARTESIAN_POINT('',(3.06161699786839E-17,8.71,0.));
#2816=CARTESIAN_POINT('Origin',(0.,9.21,0.));
#2817=CARTESIAN_POINT('',(3.06161699786839E-17,9.71,0.));
#2818=CARTESIAN_POINT('Origin',(0.,9.21,0.));
#2819=CARTESIAN_POINT('',(0.,9.71,1.5));
#2820=CARTESIAN_POINT('Origin',(0.,9.21,1.5));
#2821=CARTESIAN_POINT('',(3.06161699786839E-17,9.71,0.));
#2822=CARTESIAN_POINT('Origin',(0.,11.25,0.));
#2823=CARTESIAN_POINT('',(3.06161699786839E-17,11.25,0.));
#2824=CARTESIAN_POINT('',(0.,23.5,0.));
#2825=CARTESIAN_POINT('',(0.,11.25,1.5));
#2826=CARTESIAN_POINT('',(0.,23.5,1.5));
#2827=CARTESIAN_POINT('',(3.06161699786839E-17,11.25,0.));
#2828=CARTESIAN_POINT('Origin',(0.,11.75,0.));
#2829=CARTESIAN_POINT('',(3.06161699786839E-17,12.25,0.));
#2830=CARTESIAN_POINT('Origin',(0.,11.75,0.));
#2831=CARTESIAN_POINT('',(0.,12.25,1.5));
#2832=CARTESIAN_POINT('Origin',(0.,11.75,1.5));
#2833=CARTESIAN_POINT('',(3.06161699786839E-17,12.25,0.));
#2834=CARTESIAN_POINT('Origin',(0.,13.79,0.));
#2835=CARTESIAN_POINT('',(3.06161699786839E-17,13.79,0.));
#2836=CARTESIAN_POINT('',(0.,23.5,0.));
#2837=CARTESIAN_POINT('',(0.,13.79,1.5));
#2838=CARTESIAN_POINT('',(0.,23.5,1.5));
#2839=CARTESIAN_POINT('',(3.06161699786839E-17,13.79,0.));
#2840=CARTESIAN_POINT('Origin',(0.,14.29,0.));
#2841=CARTESIAN_POINT('',(3.06161699786839E-17,14.79,0.));
#2842=CARTESIAN_POINT('Origin',(0.,14.29,0.));
#2843=CARTESIAN_POINT('',(0.,14.79,1.5));
#2844=CARTESIAN_POINT('Origin',(0.,14.29,1.5));
#2845=CARTESIAN_POINT('',(3.06161699786839E-17,14.79,0.));
#2846=CARTESIAN_POINT('Origin',(0.,16.33,0.));
#2847=CARTESIAN_POINT('',(3.06161699786839E-17,16.33,0.));
#2848=CARTESIAN_POINT('',(0.,23.5,0.));
#2849=CARTESIAN_POINT('',(0.,16.33,1.5));
#2850=CARTESIAN_POINT('',(0.,23.5,1.5));
#2851=CARTESIAN_POINT('',(3.06161699786839E-17,16.33,0.));
#2852=CARTESIAN_POINT('Origin',(0.,16.83,0.));
#2853=CARTESIAN_POINT('',(3.06161699786839E-17,17.33,0.));
#2854=CARTESIAN_POINT('Origin',(0.,16.83,0.));
#2855=CARTESIAN_POINT('',(0.,17.33,1.5));
#2856=CARTESIAN_POINT('Origin',(0.,16.83,1.5));
#2857=CARTESIAN_POINT('',(3.06161699786839E-17,17.33,0.));
#2858=CARTESIAN_POINT('Origin',(0.,18.87,0.));
#2859=CARTESIAN_POINT('',(3.06161699786839E-17,18.87,0.));
#2860=CARTESIAN_POINT('',(0.,23.5,0.));
#2861=CARTESIAN_POINT('',(0.,18.87,1.5));
#2862=CARTESIAN_POINT('',(0.,23.5,1.5));
#2863=CARTESIAN_POINT('',(3.06161699786839E-17,18.87,0.));
#2864=CARTESIAN_POINT('Origin',(0.,19.37,0.));
#2865=CARTESIAN_POINT('',(3.06161699786839E-17,19.87,0.));
#2866=CARTESIAN_POINT('Origin',(0.,19.37,0.));
#2867=CARTESIAN_POINT('',(0.,19.87,1.5));
#2868=CARTESIAN_POINT('Origin',(0.,19.37,1.5));
#2869=CARTESIAN_POINT('',(3.06161699786839E-17,19.87,0.));
#2870=CARTESIAN_POINT('Origin',(0.,21.41,0.));
#2871=CARTESIAN_POINT('',(3.06161699786839E-17,21.41,0.));
#2872=CARTESIAN_POINT('',(0.,23.5,0.));
#2873=CARTESIAN_POINT('',(0.,21.41,1.5));
#2874=CARTESIAN_POINT('',(0.,23.5,1.5));
#2875=CARTESIAN_POINT('',(3.06161699786839E-17,21.41,0.));
#2876=CARTESIAN_POINT('Origin',(0.,21.91,0.));
#2877=CARTESIAN_POINT('',(3.06161699786839E-17,22.41,0.));
#2878=CARTESIAN_POINT('Origin',(0.,21.91,0.));
#2879=CARTESIAN_POINT('',(0.,22.41,1.5));
#2880=CARTESIAN_POINT('Origin',(0.,21.91,1.5));
#2881=CARTESIAN_POINT('',(3.06161699786839E-17,22.41,0.));
#2882=CARTESIAN_POINT('Origin',(0.,23.5,0.));
#2883=CARTESIAN_POINT('',(0.,23.5,0.));
#2884=CARTESIAN_POINT('',(0.,23.5,0.));
#2885=CARTESIAN_POINT('',(0.,23.5,1.5));
#2886=CARTESIAN_POINT('',(0.,23.5,1.5));
#2887=CARTESIAN_POINT('',(0.,23.5,0.));
#2888=CARTESIAN_POINT('Origin',(18.,23.5,0.));
#2889=CARTESIAN_POINT('',(18.,23.5,0.));
#2890=CARTESIAN_POINT('',(18.,23.5,0.));
#2891=CARTESIAN_POINT('',(18.,23.5,1.5));
#2892=CARTESIAN_POINT('',(18.,23.5,1.5));
#2893=CARTESIAN_POINT('',(18.,23.5,0.));
#2894=CARTESIAN_POINT('Origin',(18.,22.41,0.));
#2895=CARTESIAN_POINT('',(18.,22.41,0.));
#2896=CARTESIAN_POINT('',(18.,0.,0.));
#2897=CARTESIAN_POINT('',(18.,22.41,1.5));
#2898=CARTESIAN_POINT('',(18.,0.,1.5));
#2899=CARTESIAN_POINT('',(18.,22.41,0.));
#2900=CARTESIAN_POINT('Origin',(18.,21.91,0.));
#2901=CARTESIAN_POINT('',(18.,21.41,0.));
#2902=CARTESIAN_POINT('Origin',(18.,21.91,0.));
#2903=CARTESIAN_POINT('',(18.,21.41,1.5));
#2904=CARTESIAN_POINT('Origin',(18.,21.91,1.5));
#2905=CARTESIAN_POINT('',(18.,21.41,0.));
#2906=CARTESIAN_POINT('Origin',(18.,19.87,0.));
#2907=CARTESIAN_POINT('',(18.,19.87,0.));
#2908=CARTESIAN_POINT('',(18.,0.,0.));
#2909=CARTESIAN_POINT('',(18.,19.87,1.5));
#2910=CARTESIAN_POINT('',(18.,0.,1.5));
#2911=CARTESIAN_POINT('',(18.,19.87,0.));
#2912=CARTESIAN_POINT('Origin',(18.,19.37,0.));
#2913=CARTESIAN_POINT('',(18.,18.87,0.));
#2914=CARTESIAN_POINT('Origin',(18.,19.37,0.));
#2915=CARTESIAN_POINT('',(18.,18.87,1.5));
#2916=CARTESIAN_POINT('Origin',(18.,19.37,1.5));
#2917=CARTESIAN_POINT('',(18.,18.87,0.));
#2918=CARTESIAN_POINT('Origin',(18.,17.33,0.));
#2919=CARTESIAN_POINT('',(18.,17.33,0.));
#2920=CARTESIAN_POINT('',(18.,0.,0.));
#2921=CARTESIAN_POINT('',(18.,17.33,1.5));
#2922=CARTESIAN_POINT('',(18.,0.,1.5));
#2923=CARTESIAN_POINT('',(18.,17.33,0.));
#2924=CARTESIAN_POINT('Origin',(18.,16.83,0.));
#2925=CARTESIAN_POINT('',(18.,16.33,0.));
#2926=CARTESIAN_POINT('Origin',(18.,16.83,0.));
#2927=CARTESIAN_POINT('',(18.,16.33,1.5));
#2928=CARTESIAN_POINT('Origin',(18.,16.83,1.5));
#2929=CARTESIAN_POINT('',(18.,16.33,0.));
#2930=CARTESIAN_POINT('Origin',(18.,14.79,0.));
#2931=CARTESIAN_POINT('',(18.,14.79,0.));
#2932=CARTESIAN_POINT('',(18.,0.,0.));
#2933=CARTESIAN_POINT('',(18.,14.79,1.5));
#2934=CARTESIAN_POINT('',(18.,0.,1.5));
#2935=CARTESIAN_POINT('',(18.,14.79,0.));
#2936=CARTESIAN_POINT('Origin',(18.,14.29,0.));
#2937=CARTESIAN_POINT('',(18.,13.79,0.));
#2938=CARTESIAN_POINT('Origin',(18.,14.29,0.));
#2939=CARTESIAN_POINT('',(18.,13.79,1.5));
#2940=CARTESIAN_POINT('Origin',(18.,14.29,1.5));
#2941=CARTESIAN_POINT('',(18.,13.79,0.));
#2942=CARTESIAN_POINT('Origin',(18.,12.25,0.));
#2943=CARTESIAN_POINT('',(18.,12.25,0.));
#2944=CARTESIAN_POINT('',(18.,0.,0.));
#2945=CARTESIAN_POINT('',(18.,12.25,1.5));
#2946=CARTESIAN_POINT('',(18.,0.,1.5));
#2947=CARTESIAN_POINT('',(18.,12.25,0.));
#2948=CARTESIAN_POINT('Origin',(18.,11.75,0.));
#2949=CARTESIAN_POINT('',(18.,11.25,0.));
#2950=CARTESIAN_POINT('Origin',(18.,11.75,0.));
#2951=CARTESIAN_POINT('',(18.,11.25,1.5));
#2952=CARTESIAN_POINT('Origin',(18.,11.75,1.5));
#2953=CARTESIAN_POINT('',(18.,11.25,0.));
#2954=CARTESIAN_POINT('Origin',(18.,9.71,0.));
#2955=CARTESIAN_POINT('',(18.,9.71,0.));
#2956=CARTESIAN_POINT('',(18.,0.,0.));
#2957=CARTESIAN_POINT('',(18.,9.71,1.5));
#2958=CARTESIAN_POINT('',(18.,0.,1.5));
#2959=CARTESIAN_POINT('',(18.,9.71,0.));
#2960=CARTESIAN_POINT('Origin',(18.,9.21,0.));
#2961=CARTESIAN_POINT('',(18.,8.71,0.));
#2962=CARTESIAN_POINT('Origin',(18.,9.21,0.));
#2963=CARTESIAN_POINT('',(18.,8.71,1.5));
#2964=CARTESIAN_POINT('Origin',(18.,9.21,1.5));
#2965=CARTESIAN_POINT('',(18.,8.71,0.));
#2966=CARTESIAN_POINT('Origin',(18.,7.17,0.));
#2967=CARTESIAN_POINT('',(18.,7.17,0.));
#2968=CARTESIAN_POINT('',(18.,0.,0.));
#2969=CARTESIAN_POINT('',(18.,7.17,1.5));
#2970=CARTESIAN_POINT('',(18.,0.,1.5));
#2971=CARTESIAN_POINT('',(18.,7.17,0.));
#2972=CARTESIAN_POINT('Origin',(18.,6.67,0.));
#2973=CARTESIAN_POINT('',(18.,6.17,0.));
#2974=CARTESIAN_POINT('Origin',(18.,6.67,0.));
#2975=CARTESIAN_POINT('',(18.,6.17,1.5));
#2976=CARTESIAN_POINT('Origin',(18.,6.67,1.5));
#2977=CARTESIAN_POINT('',(18.,6.17,0.));
#2978=CARTESIAN_POINT('Origin',(18.,4.63,0.));
#2979=CARTESIAN_POINT('',(18.,4.63,0.));
#2980=CARTESIAN_POINT('',(18.,0.,0.));
#2981=CARTESIAN_POINT('',(18.,4.63,1.5));
#2982=CARTESIAN_POINT('',(18.,0.,1.5));
#2983=CARTESIAN_POINT('',(18.,4.63,0.));
#2984=CARTESIAN_POINT('Origin',(18.,4.13,0.));
#2985=CARTESIAN_POINT('',(18.,3.63,0.));
#2986=CARTESIAN_POINT('Origin',(18.,4.13,0.));
#2987=CARTESIAN_POINT('',(18.,3.63,1.5));
#2988=CARTESIAN_POINT('Origin',(18.,4.13,1.5));
#2989=CARTESIAN_POINT('',(18.,3.63,0.));
#2990=CARTESIAN_POINT('Origin',(18.,2.09,0.));
#2991=CARTESIAN_POINT('',(18.,2.09,0.));
#2992=CARTESIAN_POINT('',(18.,0.,0.));
#2993=CARTESIAN_POINT('',(18.,2.09,1.5));
#2994=CARTESIAN_POINT('',(18.,0.,1.5));
#2995=CARTESIAN_POINT('',(18.,2.09,0.));
#2996=CARTESIAN_POINT('Origin',(18.,1.59,0.));
#2997=CARTESIAN_POINT('',(18.,1.09,0.));
#2998=CARTESIAN_POINT('Origin',(18.,1.59,0.));
#2999=CARTESIAN_POINT('',(18.,1.09,1.5));
#3000=CARTESIAN_POINT('Origin',(18.,1.59,1.5));
#3001=CARTESIAN_POINT('',(18.,1.09,0.));
#3002=CARTESIAN_POINT('Origin',(18.,0.,0.));
#3003=CARTESIAN_POINT('',(18.,0.,0.));
#3004=CARTESIAN_POINT('',(18.,0.,1.5));
#3005=CARTESIAN_POINT('Origin',(9.,11.75,1.5));
#3006=CARTESIAN_POINT('Origin',(9.,11.75,0.));
#3007=CARTESIAN_POINT('Origin',(8.88127971364004,12.7445369669134,0.));
#3008=CARTESIAN_POINT('',(8.88127971364004,12.7445369669134,0.));
#3009=CARTESIAN_POINT('',(13.8143987322717,7.7579906664915,0.));
#3010=CARTESIAN_POINT('',(8.88127971364004,12.7445369669134,0.));
#3011=CARTESIAN_POINT('',(13.8143987322717,7.7579906664915,-1.));
#3012=CARTESIAN_POINT('',(13.8143987322717,7.7579906664915,0.));
#3013=CARTESIAN_POINT('',(8.88127971364004,12.7445369669134,-1.));
#3014=CARTESIAN_POINT('',(8.88127971364004,12.7445369669134,-1.));
#3015=CARTESIAN_POINT('',(8.88127971364004,12.7445369669134,0.));
#3016=CARTESIAN_POINT('Origin',(3.82217111583913,7.73963310408894,0.));
#3017=CARTESIAN_POINT('',(3.82217111583913,7.73963310408894,0.));
#3018=CARTESIAN_POINT('',(3.82217111583913,7.73963310408894,0.));
#3019=CARTESIAN_POINT('',(3.82217111583913,7.73963310408894,-1.));
#3020=CARTESIAN_POINT('',(3.82217111583913,7.73963310408894,-1.));
#3021=CARTESIAN_POINT('',(3.82217111583913,7.73963310408894,0.));
#3022=CARTESIAN_POINT('Origin',(8.7552901344708,2.75308680366703,0.));
#3023=CARTESIAN_POINT('',(8.7552901344708,2.75308680366703,0.));
#3024=CARTESIAN_POINT('',(8.7552901344708,2.75308680366703,0.));
#3025=CARTESIAN_POINT('',(8.7552901344708,2.75308680366703,-1.));
#3026=CARTESIAN_POINT('',(8.7552901344708,2.75308680366703,-1.));
#3027=CARTESIAN_POINT('',(8.7552901344708,2.75308680366703,0.));
#3028=CARTESIAN_POINT('Origin',(13.8143987322717,7.7579906664915,0.));
#3029=CARTESIAN_POINT('',(13.8143987322717,7.7579906664915,0.));
#3030=CARTESIAN_POINT('',(13.8143987322717,7.7579906664915,-1.));
#3031=CARTESIAN_POINT('Origin',(8.81828492405542,7.74881188529022,0.));
#3032=CARTESIAN_POINT('Origin',(8.81828492405542,7.74881188529022,-1.));
#3033=CARTESIAN_POINT('Origin',(4.70785078610617,14.7106845755154,0.));
#3034=CARTESIAN_POINT('',(3.95785078610617,14.7106845755154,-1.5));
#3035=CARTESIAN_POINT('Origin',(4.70785078610617,14.7106845755154,-1.5));
#3036=CARTESIAN_POINT('',(3.95785078610617,14.7106845755154,0.));
#3037=CARTESIAN_POINT('',(3.95785078610617,14.7106845755154,0.));
#3038=CARTESIAN_POINT('Origin',(4.70785078610617,14.7106845755154,0.));
#3039=CARTESIAN_POINT('Origin',(6.20785078610617,15.9606845755154,0.));
#3040=CARTESIAN_POINT('',(6.20785078610617,15.9606845755154,0.));
#3041=CARTESIAN_POINT('',(6.20785078610617,13.4606845755154,0.));
#3042=CARTESIAN_POINT('',(6.20785078610617,15.9606845755154,0.));
#3043=CARTESIAN_POINT('',(6.20785078610617,13.4606845755154,-1.5));
#3044=CARTESIAN_POINT('',(6.20785078610617,13.4606845755154,0.));
#3045=CARTESIAN_POINT('',(6.20785078610617,15.9606845755154,-1.5));
#3046=CARTESIAN_POINT('',(6.20785078610617,15.9606845755154,-1.5));
#3047=CARTESIAN_POINT('',(6.20785078610617,15.9606845755154,0.));
#3048=CARTESIAN_POINT('Origin',(3.20785078610617,15.9606845755154,0.));
#3049=CARTESIAN_POINT('',(3.20785078610617,15.9606845755154,0.));
#3050=CARTESIAN_POINT('',(3.20785078610617,15.9606845755154,0.));
#3051=CARTESIAN_POINT('',(3.20785078610617,15.9606845755154,-1.5));
#3052=CARTESIAN_POINT('',(3.20785078610617,15.9606845755154,-1.5));
#3053=CARTESIAN_POINT('',(3.20785078610617,15.9606845755154,0.));
#3054=CARTESIAN_POINT('Origin',(3.20785078610617,13.4606845755154,0.));
#3055=CARTESIAN_POINT('',(3.20785078610617,13.4606845755154,0.));
#3056=CARTESIAN_POINT('',(3.20785078610617,13.4606845755154,0.));
#3057=CARTESIAN_POINT('',(3.20785078610617,13.4606845755154,-1.5));
#3058=CARTESIAN_POINT('',(3.20785078610617,13.4606845755154,-1.5));
#3059=CARTESIAN_POINT('',(3.20785078610617,13.4606845755154,0.));
#3060=CARTESIAN_POINT('Origin',(6.20785078610617,13.4606845755154,0.));
#3061=CARTESIAN_POINT('',(6.20785078610617,13.4606845755154,0.));
#3062=CARTESIAN_POINT('',(6.20785078610617,13.4606845755154,-1.5));
#3063=CARTESIAN_POINT('Origin',(4.70785078610617,14.7106845755154,0.));
#3064=CARTESIAN_POINT('Origin',(4.70785078610617,14.7106845755154,-1.5));
#3065=CARTESIAN_POINT('Origin',(13.2078507861062,14.7106845755154,0.));
#3066=CARTESIAN_POINT('',(12.4578507861062,14.7106845755154,-1.5));
#3067=CARTESIAN_POINT('Origin',(13.2078507861062,14.7106845755154,-1.5));
#3068=CARTESIAN_POINT('',(12.4578507861062,14.7106845755154,0.));
#3069=CARTESIAN_POINT('',(12.4578507861062,14.7106845755154,0.));
#3070=CARTESIAN_POINT('Origin',(13.2078507861062,14.7106845755154,0.));
#3071=CARTESIAN_POINT('Origin',(14.7078507861062,15.9606845755154,0.));
#3072=CARTESIAN_POINT('',(14.7078507861062,15.9606845755154,0.));
#3073=CARTESIAN_POINT('',(14.7078507861062,13.4606845755154,0.));
#3074=CARTESIAN_POINT('',(14.7078507861062,15.9606845755154,0.));
#3075=CARTESIAN_POINT('',(14.7078507861062,13.4606845755154,-1.5));
#3076=CARTESIAN_POINT('',(14.7078507861062,13.4606845755154,0.));
#3077=CARTESIAN_POINT('',(14.7078507861062,15.9606845755154,-1.5));
#3078=CARTESIAN_POINT('',(14.7078507861062,15.9606845755154,-1.5));
#3079=CARTESIAN_POINT('',(14.7078507861062,15.9606845755154,0.));
#3080=CARTESIAN_POINT('Origin',(11.7078507861062,15.9606845755154,0.));
#3081=CARTESIAN_POINT('',(11.7078507861062,15.9606845755154,0.));
#3082=CARTESIAN_POINT('',(11.7078507861062,15.9606845755154,0.));
#3083=CARTESIAN_POINT('',(11.7078507861062,15.9606845755154,-1.5));
#3084=CARTESIAN_POINT('',(11.7078507861062,15.9606845755154,-1.5));
#3085=CARTESIAN_POINT('',(11.7078507861062,15.9606845755154,0.));
#3086=CARTESIAN_POINT('Origin',(11.7078507861062,13.4606845755154,0.));
#3087=CARTESIAN_POINT('',(11.7078507861062,13.4606845755154,0.));
#3088=CARTESIAN_POINT('',(11.7078507861062,13.4606845755154,0.));
#3089=CARTESIAN_POINT('',(11.7078507861062,13.4606845755154,-1.5));
#3090=CARTESIAN_POINT('',(11.7078507861062,13.4606845755154,-1.5));
#3091=CARTESIAN_POINT('',(11.7078507861062,13.4606845755154,0.));
#3092=CARTESIAN_POINT('Origin',(14.7078507861062,13.4606845755154,0.));
#3093=CARTESIAN_POINT('',(14.7078507861062,13.4606845755154,0.));
#3094=CARTESIAN_POINT('',(14.7078507861062,13.4606845755154,-1.5));
#3095=CARTESIAN_POINT('Origin',(13.2078507861062,14.7106845755154,0.));
#3096=CARTESIAN_POINT('Origin',(13.2078507861062,14.7106845755154,-1.5));
#3097=CARTESIAN_POINT('Origin',(4.70785078610617,14.7106845755154,0.));
#3098=CARTESIAN_POINT('',(3.95785078610617,14.7106845755154,-1.7));
#3099=CARTESIAN_POINT('Origin',(4.70785078610617,14.7106845755154,-1.7));
#3100=CARTESIAN_POINT('',(3.95785078610617,14.7106845755154,0.));
#3101=CARTESIAN_POINT('',(3.95785078610617,14.7106845755154,0.));
#3102=CARTESIAN_POINT('Origin',(4.70785078610617,14.7106845755154,0.));
#3103=CARTESIAN_POINT('Origin',(4.70785078610617,14.7106845755154,0.));
#3104=CARTESIAN_POINT('Origin',(4.70785078610617,14.7106845755154,-1.7));
#3105=CARTESIAN_POINT('Origin',(13.2078507861062,14.7106845755154,0.));
#3106=CARTESIAN_POINT('',(12.4578507861062,14.7106845755154,-1.7));
#3107=CARTESIAN_POINT('Origin',(13.2078507861062,14.7106845755154,-1.7));
#3108=CARTESIAN_POINT('',(12.4578507861062,14.7106845755154,0.));
#3109=CARTESIAN_POINT('',(12.4578507861062,14.7106845755154,0.));
#3110=CARTESIAN_POINT('Origin',(13.2078507861062,14.7106845755154,0.));
#3111=CARTESIAN_POINT('Origin',(13.2078507861062,14.7106845755154,0.));
#3112=CARTESIAN_POINT('Origin',(13.2078507861062,14.7106845755154,-1.7));
#3113=CARTESIAN_POINT('Origin',(9.5317365333573,2.1204089115315,0.));
#3114=CARTESIAN_POINT('',(9.5317365333573,2.1204089115315,0.));
#3115=CARTESIAN_POINT('',(9.5317365333573,0.,0.));
#3116=CARTESIAN_POINT('',(9.5317365333573,2.1204089115315,0.));
#3117=CARTESIAN_POINT('',(9.5317365333573,0.,-1.2));
#3118=CARTESIAN_POINT('',(9.5317365333573,0.,0.));
#3119=CARTESIAN_POINT('',(9.5317365333573,2.1204089115315,-1.2));
#3120=CARTESIAN_POINT('',(9.5317365333573,2.1204089115315,-1.2));
#3121=CARTESIAN_POINT('',(9.5317365333573,2.1204089115315,0.));
#3122=CARTESIAN_POINT('Origin',(4.40035495558781,2.1204089115315,0.));
#3123=CARTESIAN_POINT('',(4.40035495558781,2.1204089115315,0.));
#3124=CARTESIAN_POINT('',(4.40035495558781,2.1204089115315,0.));
#3125=CARTESIAN_POINT('',(4.40035495558781,2.1204089115315,-1.2));
#3126=CARTESIAN_POINT('',(4.40035495558781,2.1204089115315,-1.2));
#3127=CARTESIAN_POINT('',(4.40035495558781,2.1204089115315,0.));
#3128=CARTESIAN_POINT('Origin',(4.40035495558781,0.,0.));
#3129=CARTESIAN_POINT('',(4.40035495558781,0.,0.));
#3130=CARTESIAN_POINT('',(4.40035495558781,0.,0.));
#3131=CARTESIAN_POINT('',(4.40035495558781,0.,-1.2));
#3132=CARTESIAN_POINT('',(4.40035495558781,0.,-1.2));
#3133=CARTESIAN_POINT('',(4.40035495558781,0.,0.));
#3134=CARTESIAN_POINT('Origin',(9.5317365333573,0.,0.));
#3135=CARTESIAN_POINT('',(9.5317365333573,0.,0.));
#3136=CARTESIAN_POINT('',(9.5317365333573,0.,-1.2));
#3137=CARTESIAN_POINT('Origin',(6.96604574447255,1.06020445576575,0.));
#3138=CARTESIAN_POINT('Origin',(6.96604574447255,1.06020445576575,-1.2));
#3139=CARTESIAN_POINT('Origin',(12.326067981708,22.9259930199877,-1.));
#3140=CARTESIAN_POINT('',(13.326067981708,24.7779881316827,-1.));
#3141=CARTESIAN_POINT('',(12.326067981708,24.7779881316827,0.));
#3142=CARTESIAN_POINT('Origin',(12.326067981708,24.7779881316827,-1.));
#3143=CARTESIAN_POINT('',(12.326067981708,17.3700076849028,0.));
#3144=CARTESIAN_POINT('',(12.326067981708,22.9259930199877,0.));
#3145=CARTESIAN_POINT('',(13.326067981708,17.3700076849028,-1.));
#3146=CARTESIAN_POINT('Origin',(12.326067981708,17.3700076849028,-1.));
#3147=CARTESIAN_POINT('',(13.326067981708,22.9259930199877,-1.));
#3148=CARTESIAN_POINT('Origin',(4.21967250566635,24.7779881316827,0.));
#3149=CARTESIAN_POINT('',(13.326067981708,24.7779881316827,-2.2));
#3150=CARTESIAN_POINT('',(13.326067981708,24.7779881316827,0.));
#3151=CARTESIAN_POINT('',(12.326067981708,24.7779881316827,-3.2));
#3152=CARTESIAN_POINT('Origin',(12.326067981708,24.7779881316827,-2.2));
#3153=CARTESIAN_POINT('',(5.21967250566635,24.7779881316827,-3.2));
#3154=CARTESIAN_POINT('',(13.326067981708,24.7779881316827,-3.2));
#3155=CARTESIAN_POINT('',(4.21967250566635,24.7779881316827,-2.2));
#3156=CARTESIAN_POINT('Origin',(5.21967250566635,24.7779881316827,-2.2));
#3157=CARTESIAN_POINT('',(4.21967250566635,24.7779881316827,-1.));
#3158=CARTESIAN_POINT('',(4.21967250566635,24.7779881316827,0.));
#3159=CARTESIAN_POINT('',(5.21967250566635,24.7779881316827,0.));
#3160=CARTESIAN_POINT('Origin',(5.21967250566635,24.7779881316827,-1.));
#3161=CARTESIAN_POINT('',(13.326067981708,24.7779881316827,0.));
#3162=CARTESIAN_POINT('Origin',(13.326067981708,24.7779881316827,0.));
#3163=CARTESIAN_POINT('',(13.326067981708,17.3700076849028,-2.2));
#3164=CARTESIAN_POINT('',(13.326067981708,17.3700076849028,0.));
#3165=CARTESIAN_POINT('',(13.326067981708,22.9259930199877,-2.2));
#3166=CARTESIAN_POINT('Origin',(12.326067981708,22.9259930199877,-2.2));
#3167=CARTESIAN_POINT('',(12.326067981708,17.3700076849028,-3.2));
#3168=CARTESIAN_POINT('Origin',(12.326067981708,17.3700076849028,-2.2));
#3169=CARTESIAN_POINT('',(12.326067981708,22.9259930199877,-3.2));
#3170=CARTESIAN_POINT('Origin',(5.21967250566635,19.2220027965978,-1.));
#3171=CARTESIAN_POINT('',(4.21967250566635,17.3700076849028,-1.));
#3172=CARTESIAN_POINT('',(5.21967250566635,17.3700076849028,0.));
#3173=CARTESIAN_POINT('Origin',(5.21967250566635,17.3700076849028,-1.));
#3174=CARTESIAN_POINT('',(5.21967250566635,19.2220027965978,0.));
#3175=CARTESIAN_POINT('',(4.21967250566635,19.2220027965978,-1.));
#3176=CARTESIAN_POINT('Origin',(4.21967250566635,17.3700076849028,0.));
#3177=CARTESIAN_POINT('',(4.21967250566635,17.3700076849028,-2.2));
#3178=CARTESIAN_POINT('',(4.21967250566635,19.2220027965978,-2.2));
#3179=CARTESIAN_POINT('',(4.21967250566635,17.3700076849028,0.));
#3180=CARTESIAN_POINT('Origin',(5.21967250566635,19.2220027965978,-2.2));
#3181=CARTESIAN_POINT('',(5.21967250566635,17.3700076849028,-3.2));
#3182=CARTESIAN_POINT('',(5.21967250566635,19.2220027965978,-3.2));
#3183=CARTESIAN_POINT('Origin',(5.21967250566635,17.3700076849028,-2.2));
#3184=CARTESIAN_POINT('Origin',(8.77287024368716,21.0739979082928,-3.2));
#3185=CARTESIAN_POINT('',(4.21967250566635,17.3700076849028,-3.2));
#3186=CARTESIAN_POINT('Origin',(13.326067981708,17.3700076849028,0.));
#3187=CARTESIAN_POINT('',(4.21967250566635,17.3700076849028,0.));
#3188=CARTESIAN_POINT('Origin',(8.77287024368716,21.0739979082928,0.));
#3189=UNCERTAINTY_MEASURE_WITH_UNIT(LENGTH_MEASURE(0.01),#3193,
'DISTANCE_ACCURACY_VALUE',
'Maximum model space distance between geometric entities at asserted c
onnectivities');
#3190=UNCERTAINTY_MEASURE_WITH_UNIT(LENGTH_MEASURE(0.01),#3193,
'DISTANCE_ACCURACY_VALUE',
'Maximum model space distance between geometric entities at asserted c
onnectivities');
#3191=(
GEOMETRIC_REPRESENTATION_CONTEXT(3)
GLOBAL_UNCERTAINTY_ASSIGNED_CONTEXT((#3189))
GLOBAL_UNIT_ASSIGNED_CONTEXT((#3193,#3195,#3196))
REPRESENTATION_CONTEXT('','3D')
);
#3192=(
GEOMETRIC_REPRESENTATION_CONTEXT(3)
GLOBAL_UNCERTAINTY_ASSIGNED_CONTEXT((#3190))
GLOBAL_UNIT_ASSIGNED_CONTEXT((#3193,#3195,#3196))
REPRESENTATION_CONTEXT('','3D')
);
#3193=(
LENGTH_UNIT()
NAMED_UNIT(*)
SI_UNIT(.MILLI.,.METRE.)
);
#3194=(
LENGTH_UNIT()
NAMED_UNIT(*)
SI_UNIT($,.METRE.)
);
#3195=(
NAMED_UNIT(*)
PLANE_ANGLE_UNIT()
SI_UNIT($,.RADIAN.)
);
#3196=(
NAMED_UNIT(*)
SI_UNIT($,.STERADIAN.)
SOLID_ANGLE_UNIT()
);
#3197=SHAPE_DEFINITION_REPRESENTATION(#3198,#3199);
#3198=PRODUCT_DEFINITION_SHAPE('',$,#3201);
#3199=SHAPE_REPRESENTATION('',(#1913),#3191);
#3200=PRODUCT_DEFINITION_CONTEXT('part definition',#3205,'design');
#3201=PRODUCT_DEFINITION('ESP32-S3-Zero','ESP32-S3-Zero v2',#3202,#3200);
#3202=PRODUCT_DEFINITION_FORMATION('',$,#3207);
#3203=PRODUCT_RELATED_PRODUCT_CATEGORY('ESP32-S3-Zero v2',
'ESP32-S3-Zero v2',(#3207));
#3204=APPLICATION_PROTOCOL_DEFINITION('international standard',
'ap242_managed_model_based_3d_engineering',2011,#3205);
#3205=APPLICATION_CONTEXT('Managed model based 3d engineering');
#3206=PRODUCT_CONTEXT('part definition',#3205,'mechanical');
#3207=PRODUCT('ESP32-S3-Zero','ESP32-S3-Zero v2',$,(#3206));
#3208=PRESENTATION_STYLE_ASSIGNMENT((#3214));
#3209=PRESENTATION_STYLE_ASSIGNMENT((#3215));
#3210=PRESENTATION_STYLE_ASSIGNMENT((#3216));
#3211=PRESENTATION_STYLE_ASSIGNMENT((#3217));
#3212=PRESENTATION_STYLE_ASSIGNMENT((#3218));
#3213=PRESENTATION_STYLE_ASSIGNMENT((#3219));
#3214=SURFACE_STYLE_USAGE(.BOTH.,#3220);
#3215=SURFACE_STYLE_USAGE(.BOTH.,#3221);
#3216=SURFACE_STYLE_USAGE(.BOTH.,#3222);
#3217=SURFACE_STYLE_USAGE(.BOTH.,#3223);
#3218=SURFACE_STYLE_USAGE(.BOTH.,#3224);
#3219=SURFACE_STYLE_USAGE(.BOTH.,#3225);
#3220=SURFACE_SIDE_STYLE('',(#3226));
#3221=SURFACE_SIDE_STYLE('',(#3227));
#3222=SURFACE_SIDE_STYLE('',(#3228));
#3223=SURFACE_SIDE_STYLE('',(#3229));
#3224=SURFACE_SIDE_STYLE('',(#3230));
#3225=SURFACE_SIDE_STYLE('',(#3231));
#3226=SURFACE_STYLE_FILL_AREA(#3232);
#3227=SURFACE_STYLE_FILL_AREA(#3233);
#3228=SURFACE_STYLE_FILL_AREA(#3234);
#3229=SURFACE_STYLE_FILL_AREA(#3235);
#3230=SURFACE_STYLE_FILL_AREA(#3236);
#3231=SURFACE_STYLE_FILL_AREA(#3237);
#3232=FILL_AREA_STYLE('Steel - Satin',(#3238));
#3233=FILL_AREA_STYLE('FR4',(#3239));
#3234=FILL_AREA_STYLE('Paint - Enamel Glossy (Blue)',(#3240));
#3235=FILL_AREA_STYLE('Plastic - Matte (Black)',(#3241));
#3236=FILL_AREA_STYLE('Paint - Enamel Glossy (Dark Grey)',(#3242));
#3237=FILL_AREA_STYLE('Paint - Enamel Glossy (Red)',(#3243));
#3238=FILL_AREA_STYLE_COLOUR('Steel - Satin',#3244);
#3239=FILL_AREA_STYLE_COLOUR('FR4',#3245);
#3240=FILL_AREA_STYLE_COLOUR('Paint - Enamel Glossy (Blue)',#3246);
#3241=FILL_AREA_STYLE_COLOUR('Plastic - Matte (Black)',#3247);
#3242=FILL_AREA_STYLE_COLOUR('Paint - Enamel Glossy (Dark Grey)',#3248);
#3243=FILL_AREA_STYLE_COLOUR('Paint - Enamel Glossy (Red)',#3249);
#3244=COLOUR_RGB('Steel - Satin',0.627450980392157,0.627450980392157,0.627450980392157);
#3245=COLOUR_RGB('FR4',0.266666666666667,0.466666666666667,0.4);
#3246=COLOUR_RGB('Paint - Enamel Glossy (Blue)',0.188235294117647,0.231372549019608,
0.588235294117647);
#3247=COLOUR_RGB('Plastic - Matte (Black)',0.0980392156862745,0.0980392156862745,
0.0980392156862745);
#3248=COLOUR_RGB('Paint - Enamel Glossy (Dark Grey)',0.349019607843137,
0.349019607843137,0.349019607843137);
#3249=COLOUR_RGB('Paint - Enamel Glossy (Red)',0.768627450980392,0.207843137254902,
0.152941176470588);
ENDSEC;
END-ISO-10303-21;
